version,1.3.0
info,team,Netherlands
info,team,Afghanistan
info,gender,male
info,season,2016
info,date,2016/07/29
info,date,2016/07/30
info,competition,"ICC Intercontinental Cup, 2015-2016/17"
info,venue,Sportpark Westvliet
info,city,Voorburg
info,toss_winner,Afghanistan
info,toss_decision,field
info,umpire,AK Chaudhary
info,umpire,WPM van Liemt
info,reserve_umpire,MA Din
info,match_referee,DT Jukes
info,winner,Afghanistan
info,winner_innings,1
info,winner_runs,36
ball,1,0.1,Netherlands,SJ Myburgh,MJG Rippon,Dawlat Zadran,0,0,"",""
ball,1,0.2,Netherlands,SJ Myburgh,MJG Rippon,Dawlat Zadran,0,0,"",""
ball,1,0.3,Netherlands,SJ Myburgh,MJG Rippon,Dawlat Zadran,0,0,caught,SJ Myburgh
ball,1,0.4,Netherlands,TGJ Gruijters,MJG Rippon,Dawlat Zadran,1,0,"",""
ball,1,0.5,Netherlands,MJG Rippon,TGJ Gruijters,Dawlat Zadran,0,0,"",""
ball,1,0.6,Netherlands,MJG Rippon,TGJ Gruijters,Dawlat Zadran,0,0,"",""
ball,1,1.1,Netherlands,TGJ Gruijters,MJG Rippon,Yamin Ahmadzai,0,0,"",""
ball,1,1.2,Netherlands,TGJ Gruijters,MJG Rippon,Yamin Ahmadzai,2,0,"",""
ball,1,1.3,Netherlands,TGJ Gruijters,MJG Rippon,Yamin Ahmadzai,0,0,"",""
ball,1,1.4,Netherlands,TGJ Gruijters,MJG Rippon,Yamin Ahmadzai,0,0,"",""
ball,1,1.5,Netherlands,TGJ Gruijters,MJG Rippon,Yamin Ahmadzai,0,0,"",""
ball,1,1.6,Netherlands,TGJ Gruijters,MJG Rippon,Yamin Ahmadzai,0,0,"",""
ball,1,2.1,Netherlands,MJG Rippon,TGJ Gruijters,Dawlat Zadran,0,1,"",""
ball,1,2.2,Netherlands,MJG Rippon,TGJ Gruijters,Dawlat Zadran,0,0,"",""
ball,1,2.3,Netherlands,MJG Rippon,TGJ Gruijters,Dawlat Zadran,0,0,"",""
ball,1,2.4,Netherlands,MJG Rippon,TGJ Gruijters,Dawlat Zadran,2,0,"",""
ball,1,2.5,Netherlands,MJG Rippon,TGJ Gruijters,Dawlat Zadran,0,0,"",""
ball,1,2.6,Netherlands,MJG Rippon,TGJ Gruijters,Dawlat Zadran,0,0,"",""
ball,1,2.7,Netherlands,MJG Rippon,TGJ Gruijters,Dawlat Zadran,2,0,"",""
ball,1,3.1,Netherlands,TGJ Gruijters,MJG Rippon,Yamin Ahmadzai,0,0,"",""
ball,1,3.2,Netherlands,TGJ Gruijters,MJG Rippon,Yamin Ahmadzai,1,0,"",""
ball,1,3.3,Netherlands,MJG Rippon,TGJ Gruijters,Yamin Ahmadzai,0,0,"",""
ball,1,3.4,Netherlands,MJG Rippon,TGJ Gruijters,Yamin Ahmadzai,0,0,"",""
ball,1,3.5,Netherlands,MJG Rippon,TGJ Gruijters,Yamin Ahmadzai,0,0,"",""
ball,1,3.6,Netherlands,MJG Rippon,TGJ Gruijters,Yamin Ahmadzai,0,0,"",""
ball,1,4.1,Netherlands,TGJ Gruijters,MJG Rippon,Dawlat Zadran,0,0,lbw,TGJ Gruijters
ball,1,4.2,Netherlands,PW Borren,MJG Rippon,Dawlat Zadran,0,0,"",""
ball,1,4.3,Netherlands,PW Borren,MJG Rippon,Dawlat Zadran,1,0,"",""
ball,1,4.4,Netherlands,MJG Rippon,PW Borren,Dawlat Zadran,0,0,"",""
ball,1,4.5,Netherlands,MJG Rippon,PW Borren,Dawlat Zadran,0,0,"",""
ball,1,4.6,Netherlands,MJG Rippon,PW Borren,Dawlat Zadran,0,0,"",""
ball,1,5.1,Netherlands,PW Borren,MJG Rippon,Yamin Ahmadzai,0,0,"",""
ball,1,5.2,Netherlands,PW Borren,MJG Rippon,Yamin Ahmadzai,3,1,"",""
ball,1,5.3,Netherlands,MJG Rippon,PW Borren,Yamin Ahmadzai,1,0,"",""
ball,1,5.4,Netherlands,PW Borren,MJG Rippon,Yamin Ahmadzai,3,0,"",""
ball,1,5.5,Netherlands,MJG Rippon,PW Borren,Yamin Ahmadzai,0,0,"",""
ball,1,5.6,Netherlands,MJG Rippon,PW Borren,Yamin Ahmadzai,0,0,"",""
ball,1,5.7,Netherlands,MJG Rippon,PW Borren,Yamin Ahmadzai,0,0,"",""
ball,1,6.1,Netherlands,PW Borren,MJG Rippon,Dawlat Zadran,3,0,"",""
ball,1,6.2,Netherlands,MJG Rippon,PW Borren,Dawlat Zadran,0,0,"",""
ball,1,6.3,Netherlands,MJG Rippon,PW Borren,Dawlat Zadran,2,0,"",""
ball,1,6.4,Netherlands,MJG Rippon,PW Borren,Dawlat Zadran,1,0,"",""
ball,1,6.5,Netherlands,PW Borren,MJG Rippon,Dawlat Zadran,2,0,"",""
ball,1,6.6,Netherlands,PW Borren,MJG Rippon,Dawlat Zadran,0,0,"",""
ball,1,7.1,Netherlands,MJG Rippon,PW Borren,Mirwais Ashraf,1,0,"",""
ball,1,7.2,Netherlands,PW Borren,MJG Rippon,Mirwais Ashraf,1,0,"",""
ball,1,7.3,Netherlands,MJG Rippon,PW Borren,Mirwais Ashraf,0,0,"",""
ball,1,7.4,Netherlands,MJG Rippon,PW Borren,Mirwais Ashraf,0,0,"",""
ball,1,7.5,Netherlands,MJG Rippon,PW Borren,Mirwais Ashraf,0,0,"",""
ball,1,7.6,Netherlands,MJG Rippon,PW Borren,Mirwais Ashraf,0,0,"",""
ball,1,8.1,Netherlands,PW Borren,MJG Rippon,Dawlat Zadran,0,0,"",""
ball,1,8.2,Netherlands,PW Borren,MJG Rippon,Dawlat Zadran,1,0,"",""
ball,1,8.3,Netherlands,MJG Rippon,PW Borren,Dawlat Zadran,0,0,"",""
ball,1,8.4,Netherlands,MJG Rippon,PW Borren,Dawlat Zadran,0,0,"",""
ball,1,8.5,Netherlands,MJG Rippon,PW Borren,Dawlat Zadran,0,0,"",""
ball,1,8.6,Netherlands,MJG Rippon,PW Borren,Dawlat Zadran,4,0,"",""
ball,1,9.1,Netherlands,PW Borren,MJG Rippon,Mirwais Ashraf,0,0,"",""
ball,1,9.2,Netherlands,PW Borren,MJG Rippon,Mirwais Ashraf,0,0,"",""
ball,1,9.3,Netherlands,PW Borren,MJG Rippon,Mirwais Ashraf,0,0,"",""
ball,1,9.4,Netherlands,PW Borren,MJG Rippon,Mirwais Ashraf,0,0,"",""
ball,1,9.5,Netherlands,PW Borren,MJG Rippon,Mirwais Ashraf,2,0,"",""
ball,1,9.6,Netherlands,PW Borren,MJG Rippon,Mirwais Ashraf,0,0,"",""
ball,1,10.1,Netherlands,MJG Rippon,PW Borren,Yamin Ahmadzai,0,0,"",""
ball,1,10.2,Netherlands,MJG Rippon,PW Borren,Yamin Ahmadzai,0,0,"",""
ball,1,10.3,Netherlands,MJG Rippon,PW Borren,Yamin Ahmadzai,0,0,"",""
ball,1,10.4,Netherlands,MJG Rippon,PW Borren,Yamin Ahmadzai,4,0,"",""
ball,1,10.5,Netherlands,MJG Rippon,PW Borren,Yamin Ahmadzai,0,0,"",""
ball,1,10.6,Netherlands,MJG Rippon,PW Borren,Yamin Ahmadzai,0,0,"",""
ball,1,11.1,Netherlands,PW Borren,MJG Rippon,Mirwais Ashraf,0,0,"",""
ball,1,11.2,Netherlands,PW Borren,MJG Rippon,Mirwais Ashraf,0,0,"",""
ball,1,11.3,Netherlands,PW Borren,MJG Rippon,Mirwais Ashraf,0,0,caught,PW Borren
ball,1,11.4,Netherlands,RE van der Merwe,MJG Rippon,Mirwais Ashraf,0,0,"",""
ball,1,11.5,Netherlands,RE van der Merwe,MJG Rippon,Mirwais Ashraf,0,0,"",""
ball,1,11.6,Netherlands,RE van der Merwe,MJG Rippon,Mirwais Ashraf,0,0,"",""
ball,1,12.1,Netherlands,MJG Rippon,RE van der Merwe,Yamin Ahmadzai,0,0,"",""
ball,1,12.2,Netherlands,MJG Rippon,RE van der Merwe,Yamin Ahmadzai,4,0,"",""
ball,1,12.3,Netherlands,MJG Rippon,RE van der Merwe,Yamin Ahmadzai,1,0,"",""
ball,1,12.4,Netherlands,RE van der Merwe,MJG Rippon,Yamin Ahmadzai,0,0,caught,RE van der Merwe
ball,1,12.5,Netherlands,W Barresi,MJG Rippon,Yamin Ahmadzai,0,0,"",""
ball,1,12.6,Netherlands,W Barresi,MJG Rippon,Yamin Ahmadzai,1,0,"",""
ball,1,13.1,Netherlands,W Barresi,MJG Rippon,Mirwais Ashraf,0,0,"",""
ball,1,13.2,Netherlands,W Barresi,MJG Rippon,Mirwais Ashraf,0,0,"",""
ball,1,13.3,Netherlands,W Barresi,MJG Rippon,Mirwais Ashraf,0,0,"",""
ball,1,13.4,Netherlands,W Barresi,MJG Rippon,Mirwais Ashraf,0,0,"",""
ball,1,13.5,Netherlands,W Barresi,MJG Rippon,Mirwais Ashraf,0,0,"",""
ball,1,13.6,Netherlands,W Barresi,MJG Rippon,Mirwais Ashraf,0,0,"",""
ball,1,14.1,Netherlands,MJG Rippon,W Barresi,Yamin Ahmadzai,0,0,"",""
ball,1,14.2,Netherlands,MJG Rippon,W Barresi,Yamin Ahmadzai,2,0,"",""
ball,1,14.3,Netherlands,MJG Rippon,W Barresi,Yamin Ahmadzai,0,0,bowled,MJG Rippon
ball,1,14.4,Netherlands,PM Seelaar,W Barresi,Yamin Ahmadzai,0,0,"",""
ball,1,14.5,Netherlands,PM Seelaar,W Barresi,Yamin Ahmadzai,0,0,"",""
ball,1,14.6,Netherlands,PM Seelaar,W Barresi,Yamin Ahmadzai,0,0,"",""
ball,1,15.1,Netherlands,W Barresi,PM Seelaar,Mirwais Ashraf,0,0,"",""
ball,1,15.2,Netherlands,W Barresi,PM Seelaar,Mirwais Ashraf,0,0,"",""
ball,1,15.3,Netherlands,W Barresi,PM Seelaar,Mirwais Ashraf,2,0,"",""
ball,1,15.4,Netherlands,W Barresi,PM Seelaar,Mirwais Ashraf,0,0,"",""
ball,1,15.5,Netherlands,W Barresi,PM Seelaar,Mirwais Ashraf,0,0,"",""
ball,1,15.6,Netherlands,W Barresi,PM Seelaar,Mirwais Ashraf,0,0,"",""
ball,1,16.1,Netherlands,PM Seelaar,W Barresi,Yamin Ahmadzai,1,0,"",""
ball,1,16.2,Netherlands,W Barresi,PM Seelaar,Yamin Ahmadzai,2,0,"",""
ball,1,16.3,Netherlands,W Barresi,PM Seelaar,Yamin Ahmadzai,0,0,"",""
ball,1,16.4,Netherlands,W Barresi,PM Seelaar,Yamin Ahmadzai,0,0,"",""
ball,1,16.5,Netherlands,W Barresi,PM Seelaar,Yamin Ahmadzai,0,0,"",""
ball,1,16.6,Netherlands,W Barresi,PM Seelaar,Yamin Ahmadzai,0,0,caught,W Barresi
ball,1,17.1,Netherlands,PM Seelaar,Mudassar Bukhari,Mirwais Ashraf,0,0,"",""
ball,1,17.2,Netherlands,PM Seelaar,Mudassar Bukhari,Mirwais Ashraf,0,0,"",""
ball,1,17.3,Netherlands,PM Seelaar,Mudassar Bukhari,Mirwais Ashraf,0,0,"",""
ball,1,17.4,Netherlands,PM Seelaar,Mudassar Bukhari,Mirwais Ashraf,1,0,"",""
ball,1,17.5,Netherlands,Mudassar Bukhari,PM Seelaar,Mirwais Ashraf,0,0,"",""
ball,1,17.6,Netherlands,Mudassar Bukhari,PM Seelaar,Mirwais Ashraf,0,0,"",""
ball,1,18.1,Netherlands,PM Seelaar,Mudassar Bukhari,Yamin Ahmadzai,0,0,"",""
ball,1,18.2,Netherlands,PM Seelaar,Mudassar Bukhari,Yamin Ahmadzai,0,0,"",""
ball,1,18.3,Netherlands,PM Seelaar,Mudassar Bukhari,Yamin Ahmadzai,2,0,"",""
ball,1,18.4,Netherlands,PM Seelaar,Mudassar Bukhari,Yamin Ahmadzai,0,0,"",""
ball,1,18.5,Netherlands,PM Seelaar,Mudassar Bukhari,Yamin Ahmadzai,0,0,"",""
ball,1,18.6,Netherlands,PM Seelaar,Mudassar Bukhari,Yamin Ahmadzai,0,0,"",""
ball,1,19.1,Netherlands,Mudassar Bukhari,PM Seelaar,Mirwais Ashraf,0,0,"",""
ball,1,19.2,Netherlands,Mudassar Bukhari,PM Seelaar,Mirwais Ashraf,0,0,"",""
ball,1,19.3,Netherlands,Mudassar Bukhari,PM Seelaar,Mirwais Ashraf,0,0,"",""
ball,1,19.4,Netherlands,Mudassar Bukhari,PM Seelaar,Mirwais Ashraf,0,0,"",""
ball,1,19.5,Netherlands,Mudassar Bukhari,PM Seelaar,Mirwais Ashraf,4,0,"",""
ball,1,19.6,Netherlands,Mudassar Bukhari,PM Seelaar,Mirwais Ashraf,0,0,"",""
ball,1,20.1,Netherlands,PM Seelaar,Mudassar Bukhari,Zahir Khan,2,0,"",""
ball,1,20.2,Netherlands,PM Seelaar,Mudassar Bukhari,Zahir Khan,0,1,"",""
ball,1,20.3,Netherlands,PM Seelaar,Mudassar Bukhari,Zahir Khan,0,0,"",""
ball,1,20.4,Netherlands,PM Seelaar,Mudassar Bukhari,Zahir Khan,0,0,"",""
ball,1,20.5,Netherlands,PM Seelaar,Mudassar Bukhari,Zahir Khan,0,0,"",""
ball,1,20.6,Netherlands,PM Seelaar,Mudassar Bukhari,Zahir Khan,0,0,"",""
ball,1,20.7,Netherlands,PM Seelaar,Mudassar Bukhari,Zahir Khan,0,0,"",""
ball,1,21.1,Netherlands,Mudassar Bukhari,PM Seelaar,Mirwais Ashraf,1,0,"",""
ball,1,21.2,Netherlands,PM Seelaar,Mudassar Bukhari,Mirwais Ashraf,0,1,"",""
ball,1,21.3,Netherlands,PM Seelaar,Mudassar Bukhari,Mirwais Ashraf,4,0,"",""
ball,1,21.4,Netherlands,PM Seelaar,Mudassar Bukhari,Mirwais Ashraf,2,0,"",""
ball,1,21.5,Netherlands,PM Seelaar,Mudassar Bukhari,Mirwais Ashraf,0,0,"",""
ball,1,21.6,Netherlands,PM Seelaar,Mudassar Bukhari,Mirwais Ashraf,1,0,"",""
ball,1,21.7,Netherlands,Mudassar Bukhari,PM Seelaar,Mirwais Ashraf,2,0,"",""
ball,1,22.1,Netherlands,PM Seelaar,Mudassar Bukhari,Dawlat Zadran,0,0,"",""
ball,1,22.2,Netherlands,PM Seelaar,Mudassar Bukhari,Dawlat Zadran,0,0,"",""
ball,1,22.3,Netherlands,PM Seelaar,Mudassar Bukhari,Dawlat Zadran,0,0,"",""
ball,1,22.4,Netherlands,PM Seelaar,Mudassar Bukhari,Dawlat Zadran,4,0,"",""
ball,1,22.5,Netherlands,PM Seelaar,Mudassar Bukhari,Dawlat Zadran,0,0,"",""
ball,1,22.6,Netherlands,PM Seelaar,Mudassar Bukhari,Dawlat Zadran,0,0,"",""
ball,1,23.1,Netherlands,Mudassar Bukhari,PM Seelaar,Mirwais Ashraf,0,0,"",""
ball,1,23.2,Netherlands,Mudassar Bukhari,PM Seelaar,Mirwais Ashraf,1,0,"",""
ball,1,23.3,Netherlands,PM Seelaar,Mudassar Bukhari,Mirwais Ashraf,0,0,"",""
ball,1,23.4,Netherlands,PM Seelaar,Mudassar Bukhari,Mirwais Ashraf,0,0,"",""
ball,1,23.5,Netherlands,PM Seelaar,Mudassar Bukhari,Mirwais Ashraf,0,0,"",""
ball,1,23.6,Netherlands,PM Seelaar,Mudassar Bukhari,Mirwais Ashraf,0,0,"",""
ball,1,24.1,Netherlands,Mudassar Bukhari,PM Seelaar,Dawlat Zadran,0,0,"",""
ball,1,24.2,Netherlands,Mudassar Bukhari,PM Seelaar,Dawlat Zadran,0,0,"",""
ball,1,24.3,Netherlands,Mudassar Bukhari,PM Seelaar,Dawlat Zadran,0,0,"",""
ball,1,24.4,Netherlands,Mudassar Bukhari,PM Seelaar,Dawlat Zadran,0,0,"",""
ball,1,24.5,Netherlands,Mudassar Bukhari,PM Seelaar,Dawlat Zadran,0,0,"",""
ball,1,24.6,Netherlands,Mudassar Bukhari,PM Seelaar,Dawlat Zadran,0,0,"",""
ball,1,25.1,Netherlands,PM Seelaar,Mudassar Bukhari,Mirwais Ashraf,0,0,"",""
ball,1,25.2,Netherlands,PM Seelaar,Mudassar Bukhari,Mirwais Ashraf,0,0,"",""
ball,1,25.3,Netherlands,PM Seelaar,Mudassar Bukhari,Mirwais Ashraf,0,0,"",""
ball,1,25.4,Netherlands,PM Seelaar,Mudassar Bukhari,Mirwais Ashraf,2,0,"",""
ball,1,25.5,Netherlands,PM Seelaar,Mudassar Bukhari,Mirwais Ashraf,0,0,"",""
ball,1,25.6,Netherlands,PM Seelaar,Mudassar Bukhari,Mirwais Ashraf,0,0,"",""
ball,1,26.1,Netherlands,Mudassar Bukhari,PM Seelaar,Dawlat Zadran,0,0,"",""
ball,1,26.2,Netherlands,Mudassar Bukhari,PM Seelaar,Dawlat Zadran,0,0,"",""
ball,1,26.3,Netherlands,Mudassar Bukhari,PM Seelaar,Dawlat Zadran,6,0,"",""
ball,1,26.4,Netherlands,Mudassar Bukhari,PM Seelaar,Dawlat Zadran,0,0,"",""
ball,1,26.5,Netherlands,Mudassar Bukhari,PM Seelaar,Dawlat Zadran,2,0,"",""
ball,1,26.6,Netherlands,Mudassar Bukhari,PM Seelaar,Dawlat Zadran,0,0,"",""
ball,1,27.1,Netherlands,PM Seelaar,Mudassar Bukhari,Rahmat Shah,0,0,"",""
ball,1,27.2,Netherlands,PM Seelaar,Mudassar Bukhari,Rahmat Shah,0,0,"",""
ball,1,27.3,Netherlands,PM Seelaar,Mudassar Bukhari,Rahmat Shah,0,0,"",""
ball,1,27.4,Netherlands,PM Seelaar,Mudassar Bukhari,Rahmat Shah,0,0,"",""
ball,1,27.5,Netherlands,PM Seelaar,Mudassar Bukhari,Rahmat Shah,0,0,"",""
ball,1,27.6,Netherlands,PM Seelaar,Mudassar Bukhari,Rahmat Shah,0,0,"",""
ball,1,28.1,Netherlands,Mudassar Bukhari,PM Seelaar,Dawlat Zadran,0,0,"",""
ball,1,28.2,Netherlands,Mudassar Bukhari,PM Seelaar,Dawlat Zadran,0,0,caught,Mudassar Bukhari
ball,1,28.3,Netherlands,S Snater,PM Seelaar,Dawlat Zadran,0,0,"",""
ball,1,28.4,Netherlands,S Snater,PM Seelaar,Dawlat Zadran,0,0,"",""
ball,1,28.5,Netherlands,S Snater,PM Seelaar,Dawlat Zadran,0,0,caught,S Snater
ball,1,28.6,Netherlands,PA van Meekeren,PM Seelaar,Dawlat Zadran,0,0,"",""
ball,1,29.1,Netherlands,PM Seelaar,PA van Meekeren,Mirwais Ashraf,0,0,"",""
ball,1,29.2,Netherlands,PM Seelaar,PA van Meekeren,Mirwais Ashraf,0,0,"",""
ball,1,29.3,Netherlands,PM Seelaar,PA van Meekeren,Mirwais Ashraf,0,0,"",""
ball,1,29.4,Netherlands,PM Seelaar,PA van Meekeren,Mirwais Ashraf,0,0,"",""
ball,1,29.5,Netherlands,PM Seelaar,PA van Meekeren,Mirwais Ashraf,2,0,"",""
ball,1,29.6,Netherlands,PM Seelaar,PA van Meekeren,Mirwais Ashraf,2,0,"",""
ball,1,30.1,Netherlands,PA van Meekeren,PM Seelaar,Dawlat Zadran,0,0,"",""
ball,1,30.2,Netherlands,PA van Meekeren,PM Seelaar,Dawlat Zadran,0,0,"",""
ball,1,30.3,Netherlands,PA van Meekeren,PM Seelaar,Dawlat Zadran,0,0,"",""
ball,1,30.4,Netherlands,PA van Meekeren,PM Seelaar,Dawlat Zadran,0,0,"",""
ball,1,30.5,Netherlands,PA van Meekeren,PM Seelaar,Dawlat Zadran,0,0,"",""
ball,1,30.6,Netherlands,PA van Meekeren,PM Seelaar,Dawlat Zadran,0,0,"",""
ball,1,31.1,Netherlands,PM Seelaar,PA van Meekeren,Rahmat Shah,4,0,"",""
ball,1,31.2,Netherlands,PM Seelaar,PA van Meekeren,Rahmat Shah,1,0,"",""
ball,1,31.3,Netherlands,PA van Meekeren,PM Seelaar,Rahmat Shah,0,0,"",""
ball,1,31.4,Netherlands,PA van Meekeren,PM Seelaar,Rahmat Shah,0,0,"",""
ball,1,31.5,Netherlands,PA van Meekeren,PM Seelaar,Rahmat Shah,0,0,"",""
ball,1,31.6,Netherlands,PA van Meekeren,PM Seelaar,Rahmat Shah,0,1,"",""
ball,1,31.7,Netherlands,PA van Meekeren,PM Seelaar,Rahmat Shah,0,1,"",""
ball,1,32.1,Netherlands,PA van Meekeren,PM Seelaar,Dawlat Zadran,0,0,"",""
ball,1,32.2,Netherlands,PA van Meekeren,PM Seelaar,Dawlat Zadran,0,0,"",""
ball,1,32.3,Netherlands,PA van Meekeren,PM Seelaar,Dawlat Zadran,0,0,"",""
ball,1,32.4,Netherlands,PA van Meekeren,PM Seelaar,Dawlat Zadran,0,0,"",""
ball,1,32.5,Netherlands,PA van Meekeren,PM Seelaar,Dawlat Zadran,0,0,"",""
ball,1,32.6,Netherlands,PA van Meekeren,PM Seelaar,Dawlat Zadran,0,0,"",""
ball,1,33.1,Netherlands,PM Seelaar,PA van Meekeren,Asghar Stanikzai,1,0,"",""
ball,1,33.2,Netherlands,PA van Meekeren,PM Seelaar,Asghar Stanikzai,0,0,"",""
ball,1,33.3,Netherlands,PA van Meekeren,PM Seelaar,Asghar Stanikzai,0,0,"",""
ball,1,33.4,Netherlands,PA van Meekeren,PM Seelaar,Asghar Stanikzai,0,0,"",""
ball,1,33.5,Netherlands,PA van Meekeren,PM Seelaar,Asghar Stanikzai,0,0,"",""
ball,1,33.6,Netherlands,PA van Meekeren,PM Seelaar,Asghar Stanikzai,0,0,"",""
ball,1,34.1,Netherlands,PM Seelaar,PA van Meekeren,Yamin Ahmadzai,0,0,"",""
ball,1,34.2,Netherlands,PM Seelaar,PA van Meekeren,Yamin Ahmadzai,0,1,"",""
ball,1,34.3,Netherlands,PM Seelaar,PA van Meekeren,Yamin Ahmadzai,0,0,"",""
ball,1,34.4,Netherlands,PM Seelaar,PA van Meekeren,Yamin Ahmadzai,0,0,"",""
ball,1,34.5,Netherlands,PM Seelaar,PA van Meekeren,Yamin Ahmadzai,0,0,"",""
ball,1,34.6,Netherlands,PM Seelaar,PA van Meekeren,Yamin Ahmadzai,0,0,"",""
ball,1,34.7,Netherlands,PM Seelaar,PA van Meekeren,Yamin Ahmadzai,0,0,"",""
ball,1,35.1,Netherlands,PA van Meekeren,PM Seelaar,Asghar Stanikzai,0,0,"",""
ball,1,35.2,Netherlands,PA van Meekeren,PM Seelaar,Asghar Stanikzai,0,0,"",""
ball,1,35.3,Netherlands,PA van Meekeren,PM Seelaar,Asghar Stanikzai,0,0,"",""
ball,1,35.4,Netherlands,PA van Meekeren,PM Seelaar,Asghar Stanikzai,3,0,"",""
ball,1,35.5,Netherlands,PM Seelaar,PA van Meekeren,Asghar Stanikzai,0,0,"",""
ball,1,35.6,Netherlands,PM Seelaar,PA van Meekeren,Asghar Stanikzai,0,0,"",""
ball,1,36.1,Netherlands,PA van Meekeren,PM Seelaar,Yamin Ahmadzai,0,0,"",""
ball,1,36.2,Netherlands,PA van Meekeren,PM Seelaar,Yamin Ahmadzai,0,0,"",""
ball,1,36.3,Netherlands,PA van Meekeren,PM Seelaar,Yamin Ahmadzai,0,0,"",""
ball,1,36.4,Netherlands,PA van Meekeren,PM Seelaar,Yamin Ahmadzai,0,0,"",""
ball,1,36.5,Netherlands,PA van Meekeren,PM Seelaar,Yamin Ahmadzai,0,0,"",""
ball,1,36.6,Netherlands,PA van Meekeren,PM Seelaar,Yamin Ahmadzai,0,0,"",""
ball,1,37.1,Netherlands,PM Seelaar,PA van Meekeren,Mirwais Ashraf,4,0,"",""
ball,1,37.2,Netherlands,PM Seelaar,PA van Meekeren,Mirwais Ashraf,0,0,"",""
ball,1,37.3,Netherlands,PM Seelaar,PA van Meekeren,Mirwais Ashraf,0,0,"",""
ball,1,37.4,Netherlands,PM Seelaar,PA van Meekeren,Asghar Stanikzai,1,0,"",""
ball,1,37.5,Netherlands,PA van Meekeren,PM Seelaar,Asghar Stanikzai,4,0,"",""
ball,1,37.6,Netherlands,PA van Meekeren,PM Seelaar,Asghar Stanikzai,0,0,"",""
ball,1,38.1,Netherlands,PM Seelaar,PA van Meekeren,Mohammad Nabi,0,0,"",""
ball,1,38.2,Netherlands,PM Seelaar,PA van Meekeren,Mohammad Nabi,0,0,"",""
ball,1,38.3,Netherlands,PM Seelaar,PA van Meekeren,Mohammad Nabi,0,0,"",""
ball,1,38.4,Netherlands,PM Seelaar,PA van Meekeren,Mohammad Nabi,0,0,"",""
ball,1,38.5,Netherlands,PM Seelaar,PA van Meekeren,Mohammad Nabi,0,0,"",""
ball,1,38.6,Netherlands,PM Seelaar,PA van Meekeren,Mohammad Nabi,4,0,"",""
ball,1,39.1,Netherlands,PA van Meekeren,PM Seelaar,Yamin Ahmadzai,0,0,bowled,PA van Meekeren
ball,1,39.2,Netherlands,VJ Kingma,PM Seelaar,Yamin Ahmadzai,0,0,"",""
ball,1,39.3,Netherlands,VJ Kingma,PM Seelaar,Yamin Ahmadzai,0,0,"",""
ball,1,39.4,Netherlands,VJ Kingma,PM Seelaar,Yamin Ahmadzai,0,0,bowled,VJ Kingma
ball,2,0.1,Afghanistan,Mohammad Shahzad,Ihsanullah,Mudassar Bukhari,0,0,"",""
ball,2,0.2,Afghanistan,Mohammad Shahzad,Ihsanullah,Mudassar Bukhari,0,0,"",""
ball,2,0.3,Afghanistan,Mohammad Shahzad,Ihsanullah,Mudassar Bukhari,0,1,"",""
ball,2,0.4,Afghanistan,Mohammad Shahzad,Ihsanullah,Mudassar Bukhari,0,0,"",""
ball,2,0.5,Afghanistan,Mohammad Shahzad,Ihsanullah,Mudassar Bukhari,0,0,"",""
ball,2,0.6,Afghanistan,Mohammad Shahzad,Ihsanullah,Mudassar Bukhari,0,0,"",""
ball,2,0.7,Afghanistan,Mohammad Shahzad,Ihsanullah,Mudassar Bukhari,1,0,"",""
ball,2,1.1,Afghanistan,Mohammad Shahzad,Ihsanullah,VJ Kingma,1,0,"",""
ball,2,1.2,Afghanistan,Ihsanullah,Mohammad Shahzad,VJ Kingma,0,0,"",""
ball,2,1.3,Afghanistan,Ihsanullah,Mohammad Shahzad,VJ Kingma,0,0,"",""
ball,2,1.4,Afghanistan,Ihsanullah,Mohammad Shahzad,VJ Kingma,0,0,"",""
ball,2,1.5,Afghanistan,Ihsanullah,Mohammad Shahzad,VJ Kingma,1,0,"",""
ball,2,1.6,Afghanistan,Mohammad Shahzad,Ihsanullah,VJ Kingma,1,0,"",""
ball,2,2.1,Afghanistan,Mohammad Shahzad,Ihsanullah,Mudassar Bukhari,1,0,"",""
ball,2,2.2,Afghanistan,Ihsanullah,Mohammad Shahzad,Mudassar Bukhari,0,0,"",""
ball,2,2.3,Afghanistan,Ihsanullah,Mohammad Shahzad,Mudassar Bukhari,0,0,"",""
ball,2,2.4,Afghanistan,Ihsanullah,Mohammad Shahzad,Mudassar Bukhari,2,0,"",""
ball,2,2.5,Afghanistan,Ihsanullah,Mohammad Shahzad,Mudassar Bukhari,0,0,"",""
ball,2,2.6,Afghanistan,Ihsanullah,Mohammad Shahzad,Mudassar Bukhari,0,0,"",""
ball,2,3.1,Afghanistan,Mohammad Shahzad,Ihsanullah,PA van Meekeren,4,0,"",""
ball,2,3.2,Afghanistan,Mohammad Shahzad,Ihsanullah,PA van Meekeren,0,0,"",""
ball,2,3.3,Afghanistan,Mohammad Shahzad,Ihsanullah,PA van Meekeren,4,1,"",""
ball,2,3.4,Afghanistan,Mohammad Shahzad,Ihsanullah,PA van Meekeren,1,0,"",""
ball,2,3.5,Afghanistan,Ihsanullah,Mohammad Shahzad,PA van Meekeren,0,0,"",""
ball,2,3.6,Afghanistan,Ihsanullah,Mohammad Shahzad,PA van Meekeren,1,0,"",""
ball,2,3.7,Afghanistan,Mohammad Shahzad,Ihsanullah,PA van Meekeren,0,0,"",""
ball,2,4.1,Afghanistan,Ihsanullah,Mohammad Shahzad,VJ Kingma,0,0,"",""
ball,2,4.2,Afghanistan,Ihsanullah,Mohammad Shahzad,VJ Kingma,0,0,"",""
ball,2,4.3,Afghanistan,Ihsanullah,Mohammad Shahzad,VJ Kingma,0,0,"",""
ball,2,4.4,Afghanistan,Ihsanullah,Mohammad Shahzad,VJ Kingma,1,0,"",""
ball,2,4.5,Afghanistan,Mohammad Shahzad,Ihsanullah,VJ Kingma,1,0,"",""
ball,2,4.6,Afghanistan,Ihsanullah,Mohammad Shahzad,VJ Kingma,0,0,"",""
ball,2,5.1,Afghanistan,Mohammad Shahzad,Ihsanullah,Mudassar Bukhari,1,0,"",""
ball,2,5.2,Afghanistan,Ihsanullah,Mohammad Shahzad,Mudassar Bukhari,1,0,"",""
ball,2,5.3,Afghanistan,Mohammad Shahzad,Ihsanullah,Mudassar Bukhari,0,0,"",""
ball,2,5.4,Afghanistan,Mohammad Shahzad,Ihsanullah,Mudassar Bukhari,2,0,"",""
ball,2,5.5,Afghanistan,Mohammad Shahzad,Ihsanullah,Mudassar Bukhari,0,0,"",""
ball,2,5.6,Afghanistan,Mohammad Shahzad,Ihsanullah,Mudassar Bukhari,0,0,"",""
ball,2,6.1,Afghanistan,Ihsanullah,Mohammad Shahzad,PA van Meekeren,0,0,"",""
ball,2,6.2,Afghanistan,Ihsanullah,Mohammad Shahzad,PA van Meekeren,0,0,"",""
ball,2,6.3,Afghanistan,Ihsanullah,Mohammad Shahzad,PA van Meekeren,0,0,"",""
ball,2,6.4,Afghanistan,Ihsanullah,Mohammad Shahzad,PA van Meekeren,0,0,"",""
ball,2,6.5,Afghanistan,Ihsanullah,Mohammad Shahzad,PA van Meekeren,0,0,"",""
ball,2,6.6,Afghanistan,Ihsanullah,Mohammad Shahzad,PA van Meekeren,4,0,"",""
ball,2,7.1,Afghanistan,Mohammad Shahzad,Ihsanullah,VJ Kingma,0,0,"",""
ball,2,7.2,Afghanistan,Mohammad Shahzad,Ihsanullah,VJ Kingma,0,0,"",""
ball,2,7.3,Afghanistan,Mohammad Shahzad,Ihsanullah,VJ Kingma,0,0,caught,Mohammad Shahzad
ball,2,7.4,Afghanistan,Rahmat Shah,Ihsanullah,VJ Kingma,0,0,"",""
ball,2,7.5,Afghanistan,Rahmat Shah,Ihsanullah,VJ Kingma,0,0,"",""
ball,2,7.6,Afghanistan,Rahmat Shah,Ihsanullah,VJ Kingma,0,0,"",""
ball,2,8.1,Afghanistan,Ihsanullah,Rahmat Shah,Mudassar Bukhari,0,0,"",""
ball,2,8.2,Afghanistan,Ihsanullah,Rahmat Shah,Mudassar Bukhari,2,0,"",""
ball,2,8.3,Afghanistan,Ihsanullah,Rahmat Shah,Mudassar Bukhari,0,0,"",""
ball,2,8.4,Afghanistan,Ihsanullah,Rahmat Shah,Mudassar Bukhari,0,0,"",""
ball,2,8.5,Afghanistan,Ihsanullah,Rahmat Shah,Mudassar Bukhari,0,0,"",""
ball,2,8.6,Afghanistan,Ihsanullah,Rahmat Shah,Mudassar Bukhari,0,0,"",""
ball,2,9.1,Afghanistan,Rahmat Shah,Ihsanullah,VJ Kingma,0,0,"",""
ball,2,9.2,Afghanistan,Rahmat Shah,Ihsanullah,VJ Kingma,2,0,"",""
ball,2,9.3,Afghanistan,Rahmat Shah,Ihsanullah,VJ Kingma,2,0,"",""
ball,2,9.4,Afghanistan,Rahmat Shah,Ihsanullah,VJ Kingma,0,0,"",""
ball,2,9.5,Afghanistan,Rahmat Shah,Ihsanullah,VJ Kingma,0,0,"",""
ball,2,9.6,Afghanistan,Rahmat Shah,Ihsanullah,VJ Kingma,0,0,"",""
ball,2,10.1,Afghanistan,Ihsanullah,Rahmat Shah,Mudassar Bukhari,0,0,"",""
ball,2,10.2,Afghanistan,Ihsanullah,Rahmat Shah,Mudassar Bukhari,0,0,"",""
ball,2,10.3,Afghanistan,Ihsanullah,Rahmat Shah,Mudassar Bukhari,1,0,"",""
ball,2,10.4,Afghanistan,Rahmat Shah,Ihsanullah,Mudassar Bukhari,0,0,"",""
ball,2,10.5,Afghanistan,Rahmat Shah,Ihsanullah,Mudassar Bukhari,0,0,"",""
ball,2,10.6,Afghanistan,Rahmat Shah,Ihsanullah,Mudassar Bukhari,0,0,"",""
ball,2,11.1,Afghanistan,Ihsanullah,Rahmat Shah,VJ Kingma,0,0,"",""
ball,2,11.2,Afghanistan,Ihsanullah,Rahmat Shah,VJ Kingma,0,0,"",""
ball,2,11.3,Afghanistan,Ihsanullah,Rahmat Shah,VJ Kingma,2,0,"",""
ball,2,11.4,Afghanistan,Ihsanullah,Rahmat Shah,VJ Kingma,0,0,"",""
ball,2,11.5,Afghanistan,Ihsanullah,Rahmat Shah,VJ Kingma,0,0,"",""
ball,2,11.6,Afghanistan,Ihsanullah,Rahmat Shah,VJ Kingma,0,1,"",""
ball,2,11.7,Afghanistan,Ihsanullah,Rahmat Shah,VJ Kingma,0,0,"",""
ball,2,12.1,Afghanistan,Rahmat Shah,Ihsanullah,Mudassar Bukhari,0,0,"",""
ball,2,12.2,Afghanistan,Rahmat Shah,Ihsanullah,Mudassar Bukhari,0,0,"",""
ball,2,12.3,Afghanistan,Rahmat Shah,Ihsanullah,Mudassar Bukhari,0,0,"",""
ball,2,12.4,Afghanistan,Rahmat Shah,Ihsanullah,Mudassar Bukhari,0,0,"",""
ball,2,12.5,Afghanistan,Rahmat Shah,Ihsanullah,Mudassar Bukhari,0,0,"",""
ball,2,12.6,Afghanistan,Rahmat Shah,Ihsanullah,Mudassar Bukhari,0,0,"",""
ball,2,13.1,Afghanistan,Ihsanullah,Rahmat Shah,VJ Kingma,0,0,bowled,Ihsanullah
ball,2,13.2,Afghanistan,Nasir Jamal,Rahmat Shah,VJ Kingma,0,0,"",""
ball,2,13.3,Afghanistan,Nasir Jamal,Rahmat Shah,VJ Kingma,0,0,"",""
ball,2,13.4,Afghanistan,Nasir Jamal,Rahmat Shah,VJ Kingma,2,0,"",""
ball,2,13.5,Afghanistan,Nasir Jamal,Rahmat Shah,VJ Kingma,4,0,"",""
ball,2,13.6,Afghanistan,Nasir Jamal,Rahmat Shah,VJ Kingma,0,1,"",""
ball,2,13.7,Afghanistan,Nasir Jamal,Rahmat Shah,VJ Kingma,0,0,"",""
ball,2,14.1,Afghanistan,Rahmat Shah,Nasir Jamal,Mudassar Bukhari,1,0,"",""
ball,2,14.2,Afghanistan,Nasir Jamal,Rahmat Shah,Mudassar Bukhari,0,0,"",""
ball,2,14.3,Afghanistan,Nasir Jamal,Rahmat Shah,Mudassar Bukhari,0,0,"",""
ball,2,14.4,Afghanistan,Nasir Jamal,Rahmat Shah,Mudassar Bukhari,0,0,"",""
ball,2,14.5,Afghanistan,Nasir Jamal,Rahmat Shah,Mudassar Bukhari,0,0,"",""
ball,2,14.6,Afghanistan,Nasir Jamal,Rahmat Shah,Mudassar Bukhari,0,0,"",""
ball,2,15.1,Afghanistan,Rahmat Shah,Nasir Jamal,VJ Kingma,0,0,"",""
ball,2,15.2,Afghanistan,Rahmat Shah,Nasir Jamal,VJ Kingma,0,0,"",""
ball,2,15.3,Afghanistan,Rahmat Shah,Nasir Jamal,VJ Kingma,0,0,"",""
ball,2,15.4,Afghanistan,Rahmat Shah,Nasir Jamal,VJ Kingma,0,0,"",""
ball,2,15.5,Afghanistan,Rahmat Shah,Nasir Jamal,VJ Kingma,0,0,"",""
ball,2,15.6,Afghanistan,Rahmat Shah,Nasir Jamal,VJ Kingma,0,0,"",""
ball,2,16.1,Afghanistan,Nasir Jamal,Rahmat Shah,Mudassar Bukhari,1,0,"",""
ball,2,16.2,Afghanistan,Rahmat Shah,Nasir Jamal,Mudassar Bukhari,1,0,"",""
ball,2,16.3,Afghanistan,Nasir Jamal,Rahmat Shah,Mudassar Bukhari,1,0,"",""
ball,2,16.4,Afghanistan,Rahmat Shah,Nasir Jamal,Mudassar Bukhari,4,0,"",""
ball,2,16.5,Afghanistan,Rahmat Shah,Nasir Jamal,Mudassar Bukhari,0,0,"",""
ball,2,16.6,Afghanistan,Rahmat Shah,Nasir Jamal,Mudassar Bukhari,0,0,"",""
ball,2,17.1,Afghanistan,Nasir Jamal,Rahmat Shah,VJ Kingma,0,0,"",""
ball,2,17.2,Afghanistan,Nasir Jamal,Rahmat Shah,VJ Kingma,0,0,"",""
ball,2,17.3,Afghanistan,Nasir Jamal,Rahmat Shah,VJ Kingma,0,0,"",""
ball,2,17.4,Afghanistan,Nasir Jamal,Rahmat Shah,VJ Kingma,0,0,"",""
ball,2,17.5,Afghanistan,Nasir Jamal,Rahmat Shah,VJ Kingma,0,0,"",""
ball,2,17.6,Afghanistan,Nasir Jamal,Rahmat Shah,VJ Kingma,4,0,"",""
ball,2,18.1,Afghanistan,Rahmat Shah,Nasir Jamal,Mudassar Bukhari,1,0,"",""
ball,2,18.2,Afghanistan,Nasir Jamal,Rahmat Shah,Mudassar Bukhari,0,0,"",""
ball,2,18.3,Afghanistan,Nasir Jamal,Rahmat Shah,Mudassar Bukhari,0,0,"",""
ball,2,18.4,Afghanistan,Nasir Jamal,Rahmat Shah,Mudassar Bukhari,0,0,"",""
ball,2,18.5,Afghanistan,Nasir Jamal,Rahmat Shah,Mudassar Bukhari,0,0,"",""
ball,2,18.6,Afghanistan,Nasir Jamal,Rahmat Shah,Mudassar Bukhari,0,0,"",""
ball,2,19.1,Afghanistan,Rahmat Shah,Nasir Jamal,RE van der Merwe,0,0,"",""
ball,2,19.2,Afghanistan,Rahmat Shah,Nasir Jamal,RE van der Merwe,0,0,"",""
ball,2,19.3,Afghanistan,Rahmat Shah,Nasir Jamal,RE van der Merwe,0,0,"",""
ball,2,19.4,Afghanistan,Rahmat Shah,Nasir Jamal,RE van der Merwe,0,0,"",""
ball,2,19.5,Afghanistan,Rahmat Shah,Nasir Jamal,RE van der Merwe,0,0,"",""
ball,2,19.6,Afghanistan,Rahmat Shah,Nasir Jamal,RE van der Merwe,1,0,"",""
ball,2,20.1,Afghanistan,Rahmat Shah,Nasir Jamal,Mudassar Bukhari,4,0,"",""
ball,2,20.2,Afghanistan,Rahmat Shah,Nasir Jamal,Mudassar Bukhari,0,0,"",""
ball,2,20.3,Afghanistan,Rahmat Shah,Nasir Jamal,Mudassar Bukhari,0,0,"",""
ball,2,20.4,Afghanistan,Rahmat Shah,Nasir Jamal,Mudassar Bukhari,4,0,"",""
ball,2,20.5,Afghanistan,Rahmat Shah,Nasir Jamal,Mudassar Bukhari,0,0,"",""
ball,2,20.6,Afghanistan,Rahmat Shah,Nasir Jamal,Mudassar Bukhari,0,0,"",""
ball,2,21.1,Afghanistan,Nasir Jamal,Rahmat Shah,RE van der Merwe,2,0,"",""
ball,2,21.2,Afghanistan,Nasir Jamal,Rahmat Shah,RE van der Merwe,0,0,"",""
ball,2,21.3,Afghanistan,Nasir Jamal,Rahmat Shah,RE van der Merwe,0,0,"",""
ball,2,21.4,Afghanistan,Nasir Jamal,Rahmat Shah,RE van der Merwe,0,0,"",""
ball,2,21.5,Afghanistan,Nasir Jamal,Rahmat Shah,RE van der Merwe,0,0,"",""
ball,2,21.6,Afghanistan,Nasir Jamal,Rahmat Shah,RE van der Merwe,0,0,"",""
ball,2,22.1,Afghanistan,Rahmat Shah,Nasir Jamal,S Snater,1,0,"",""
ball,2,22.2,Afghanistan,Nasir Jamal,Rahmat Shah,S Snater,2,0,"",""
ball,2,22.3,Afghanistan,Nasir Jamal,Rahmat Shah,S Snater,0,0,"",""
ball,2,22.4,Afghanistan,Nasir Jamal,Rahmat Shah,S Snater,2,0,"",""
ball,2,22.5,Afghanistan,Nasir Jamal,Rahmat Shah,S Snater,4,0,"",""
ball,2,22.6,Afghanistan,Nasir Jamal,Rahmat Shah,S Snater,0,0,"",""
ball,2,23.1,Afghanistan,Rahmat Shah,Nasir Jamal,RE van der Merwe,0,0,"",""
ball,2,23.2,Afghanistan,Rahmat Shah,Nasir Jamal,RE van der Merwe,1,0,"",""
ball,2,23.3,Afghanistan,Nasir Jamal,Rahmat Shah,RE van der Merwe,0,0,"",""
ball,2,23.4,Afghanistan,Nasir Jamal,Rahmat Shah,RE van der Merwe,0,0,"",""
ball,2,23.5,Afghanistan,Nasir Jamal,Rahmat Shah,RE van der Merwe,3,0,"",""
ball,2,23.6,Afghanistan,Rahmat Shah,Nasir Jamal,RE van der Merwe,0,0,"",""
ball,2,24.1,Afghanistan,Nasir Jamal,Rahmat Shah,S Snater,0,0,"",""
ball,2,24.2,Afghanistan,Nasir Jamal,Rahmat Shah,S Snater,0,0,"",""
ball,2,24.3,Afghanistan,Nasir Jamal,Rahmat Shah,S Snater,0,0,"",""
ball,2,24.4,Afghanistan,Nasir Jamal,Rahmat Shah,S Snater,2,0,"",""
ball,2,24.5,Afghanistan,Nasir Jamal,Rahmat Shah,S Snater,0,0,"",""
ball,2,24.6,Afghanistan,Nasir Jamal,Rahmat Shah,S Snater,0,0,"",""
ball,2,25.1,Afghanistan,Rahmat Shah,Nasir Jamal,RE van der Merwe,0,0,"",""
ball,2,25.2,Afghanistan,Rahmat Shah,Nasir Jamal,RE van der Merwe,1,0,"",""
ball,2,25.3,Afghanistan,Nasir Jamal,Rahmat Shah,RE van der Merwe,0,0,"",""
ball,2,25.4,Afghanistan,Nasir Jamal,Rahmat Shah,RE van der Merwe,2,0,"",""
ball,2,25.5,Afghanistan,Nasir Jamal,Rahmat Shah,RE van der Merwe,0,0,"",""
ball,2,25.6,Afghanistan,Nasir Jamal,Rahmat Shah,RE van der Merwe,1,0,"",""
ball,2,26.1,Afghanistan,Nasir Jamal,Rahmat Shah,S Snater,0,0,"",""
ball,2,26.2,Afghanistan,Nasir Jamal,Rahmat Shah,S Snater,0,0,"",""
ball,2,26.3,Afghanistan,Nasir Jamal,Rahmat Shah,S Snater,0,0,"",""
ball,2,26.4,Afghanistan,Nasir Jamal,Rahmat Shah,S Snater,0,0,"",""
ball,2,26.5,Afghanistan,Nasir Jamal,Rahmat Shah,S Snater,0,0,"",""
ball,2,26.6,Afghanistan,Nasir Jamal,Rahmat Shah,S Snater,0,0,"",""
ball,2,27.1,Afghanistan,Rahmat Shah,Nasir Jamal,RE van der Merwe,2,0,"",""
ball,2,27.2,Afghanistan,Rahmat Shah,Nasir Jamal,RE van der Merwe,0,0,"",""
ball,2,27.3,Afghanistan,Rahmat Shah,Nasir Jamal,RE van der Merwe,0,0,"",""
ball,2,27.4,Afghanistan,Rahmat Shah,Nasir Jamal,RE van der Merwe,0,0,"",""
ball,2,27.5,Afghanistan,Rahmat Shah,Nasir Jamal,RE van der Merwe,0,0,"",""
ball,2,27.6,Afghanistan,Rahmat Shah,Nasir Jamal,RE van der Merwe,0,0,"",""
ball,2,28.1,Afghanistan,Nasir Jamal,Rahmat Shah,S Snater,0,0,"",""
ball,2,28.2,Afghanistan,Nasir Jamal,Rahmat Shah,S Snater,0,0,"",""
ball,2,28.3,Afghanistan,Nasir Jamal,Rahmat Shah,S Snater,1,0,"",""
ball,2,28.4,Afghanistan,Rahmat Shah,Nasir Jamal,S Snater,1,0,"",""
ball,2,28.5,Afghanistan,Nasir Jamal,Rahmat Shah,S Snater,0,0,"",""
ball,2,28.6,Afghanistan,Nasir Jamal,Rahmat Shah,S Snater,0,0,"",""
ball,2,29.1,Afghanistan,Rahmat Shah,Nasir Jamal,MJG Rippon,1,0,"",""
ball,2,29.2,Afghanistan,Nasir Jamal,Rahmat Shah,MJG Rippon,0,0,"",""
ball,2,29.3,Afghanistan,Nasir Jamal,Rahmat Shah,MJG Rippon,0,0,"",""
ball,2,29.4,Afghanistan,Nasir Jamal,Rahmat Shah,MJG Rippon,0,0,"",""
ball,2,29.5,Afghanistan,Nasir Jamal,Rahmat Shah,MJG Rippon,0,0,"",""
ball,2,29.6,Afghanistan,Nasir Jamal,Rahmat Shah,MJG Rippon,0,0,"",""
ball,2,30.1,Afghanistan,Rahmat Shah,Nasir Jamal,S Snater,0,0,"",""
ball,2,30.2,Afghanistan,Rahmat Shah,Nasir Jamal,S Snater,0,0,"",""
ball,2,30.3,Afghanistan,Rahmat Shah,Nasir Jamal,S Snater,0,0,"",""
ball,2,30.4,Afghanistan,Rahmat Shah,Nasir Jamal,S Snater,0,0,"",""
ball,2,30.5,Afghanistan,Rahmat Shah,Nasir Jamal,S Snater,2,0,"",""
ball,2,30.6,Afghanistan,Rahmat Shah,Nasir Jamal,S Snater,3,0,"",""
ball,2,31.1,Afghanistan,Rahmat Shah,Nasir Jamal,MJG Rippon,0,0,"",""
ball,2,31.2,Afghanistan,Rahmat Shah,Nasir Jamal,MJG Rippon,0,0,"",""
ball,2,31.3,Afghanistan,Rahmat Shah,Nasir Jamal,MJG Rippon,0,0,"",""
ball,2,31.4,Afghanistan,Rahmat Shah,Nasir Jamal,MJG Rippon,4,0,"",""
ball,2,31.5,Afghanistan,Rahmat Shah,Nasir Jamal,MJG Rippon,4,0,"",""
ball,2,31.6,Afghanistan,Rahmat Shah,Nasir Jamal,MJG Rippon,0,0,"",""
ball,2,32.1,Afghanistan,Nasir Jamal,Rahmat Shah,PA van Meekeren,0,0,"",""
ball,2,32.2,Afghanistan,Nasir Jamal,Rahmat Shah,PA van Meekeren,4,0,"",""
ball,2,32.3,Afghanistan,Nasir Jamal,Rahmat Shah,PA van Meekeren,0,0,"",""
ball,2,32.4,Afghanistan,Nasir Jamal,Rahmat Shah,PA van Meekeren,1,0,"",""
ball,2,32.5,Afghanistan,Rahmat Shah,Nasir Jamal,PA van Meekeren,0,0,"",""
ball,2,32.6,Afghanistan,Rahmat Shah,Nasir Jamal,PA van Meekeren,0,0,"",""
ball,2,33.1,Afghanistan,Nasir Jamal,Rahmat Shah,RE van der Merwe,0,0,"",""
ball,2,33.2,Afghanistan,Nasir Jamal,Rahmat Shah,RE van der Merwe,1,0,"",""
ball,2,33.3,Afghanistan,Rahmat Shah,Nasir Jamal,RE van der Merwe,0,0,"",""
ball,2,33.4,Afghanistan,Rahmat Shah,Nasir Jamal,RE van der Merwe,0,0,"",""
ball,2,33.5,Afghanistan,Rahmat Shah,Nasir Jamal,RE van der Merwe,1,0,"",""
ball,2,33.6,Afghanistan,Nasir Jamal,Rahmat Shah,RE van der Merwe,0,0,"",""
ball,2,34.1,Afghanistan,Rahmat Shah,Nasir Jamal,PA van Meekeren,0,0,"",""
ball,2,34.2,Afghanistan,Rahmat Shah,Nasir Jamal,PA van Meekeren,0,0,"",""
ball,2,34.3,Afghanistan,Rahmat Shah,Nasir Jamal,PA van Meekeren,0,0,"",""
ball,2,34.4,Afghanistan,Rahmat Shah,Nasir Jamal,PA van Meekeren,0,0,"",""
ball,2,34.5,Afghanistan,Rahmat Shah,Nasir Jamal,PA van Meekeren,1,0,"",""
ball,2,34.6,Afghanistan,Nasir Jamal,Rahmat Shah,PA van Meekeren,4,0,"",""
ball,2,35.1,Afghanistan,Rahmat Shah,Nasir Jamal,RE van der Merwe,0,0,"",""
ball,2,35.2,Afghanistan,Rahmat Shah,Nasir Jamal,RE van der Merwe,0,0,"",""
ball,2,35.3,Afghanistan,Rahmat Shah,Nasir Jamal,RE van der Merwe,0,0,"",""
ball,2,35.4,Afghanistan,Rahmat Shah,Nasir Jamal,RE van der Merwe,0,0,"",""
ball,2,35.5,Afghanistan,Rahmat Shah,Nasir Jamal,RE van der Merwe,1,0,"",""
ball,2,35.6,Afghanistan,Nasir Jamal,Rahmat Shah,RE van der Merwe,1,0,"",""
ball,2,36.1,Afghanistan,Nasir Jamal,Rahmat Shah,PA van Meekeren,0,0,"",""
ball,2,36.2,Afghanistan,Nasir Jamal,Rahmat Shah,PA van Meekeren,0,0,"",""
ball,2,36.3,Afghanistan,Nasir Jamal,Rahmat Shah,PA van Meekeren,1,0,"",""
ball,2,36.4,Afghanistan,Rahmat Shah,Nasir Jamal,PA van Meekeren,0,0,"",""
ball,2,36.5,Afghanistan,Rahmat Shah,Nasir Jamal,PA van Meekeren,0,0,"",""
ball,2,36.6,Afghanistan,Rahmat Shah,Nasir Jamal,PA van Meekeren,0,0,"",""
ball,2,37.1,Afghanistan,Nasir Jamal,Rahmat Shah,RE van der Merwe,0,0,"",""
ball,2,37.2,Afghanistan,Nasir Jamal,Rahmat Shah,RE van der Merwe,0,0,caught,Nasir Jamal
ball,2,37.3,Afghanistan,Hashmatullah Shahidi,Rahmat Shah,RE van der Merwe,0,0,"",""
ball,2,37.4,Afghanistan,Hashmatullah Shahidi,Rahmat Shah,RE van der Merwe,0,0,"",""
ball,2,37.5,Afghanistan,Hashmatullah Shahidi,Rahmat Shah,RE van der Merwe,0,0,"",""
ball,2,37.6,Afghanistan,Hashmatullah Shahidi,Rahmat Shah,RE van der Merwe,0,0,"",""
ball,2,38.1,Afghanistan,Rahmat Shah,Hashmatullah Shahidi,PA van Meekeren,0,0,"",""
ball,2,38.2,Afghanistan,Rahmat Shah,Hashmatullah Shahidi,PA van Meekeren,2,0,"",""
ball,2,38.3,Afghanistan,Rahmat Shah,Hashmatullah Shahidi,PA van Meekeren,0,0,"",""
ball,2,38.4,Afghanistan,Rahmat Shah,Hashmatullah Shahidi,PA van Meekeren,0,0,"",""
ball,2,38.5,Afghanistan,Rahmat Shah,Hashmatullah Shahidi,PA van Meekeren,0,0,"",""
ball,2,38.6,Afghanistan,Rahmat Shah,Hashmatullah Shahidi,PA van Meekeren,0,0,"",""
ball,2,39.1,Afghanistan,Hashmatullah Shahidi,Rahmat Shah,RE van der Merwe,2,0,"",""
ball,2,39.2,Afghanistan,Hashmatullah Shahidi,Rahmat Shah,RE van der Merwe,0,0,"",""
ball,2,39.3,Afghanistan,Hashmatullah Shahidi,Rahmat Shah,RE van der Merwe,0,0,"",""
ball,2,39.4,Afghanistan,Hashmatullah Shahidi,Rahmat Shah,RE van der Merwe,0,0,"",""
ball,2,39.5,Afghanistan,Hashmatullah Shahidi,Rahmat Shah,RE van der Merwe,0,0,"",""
ball,2,39.6,Afghanistan,Hashmatullah Shahidi,Rahmat Shah,RE van der Merwe,4,0,"",""
ball,2,40.1,Afghanistan,Rahmat Shah,Hashmatullah Shahidi,VJ Kingma,0,0,"",""
ball,2,40.2,Afghanistan,Rahmat Shah,Hashmatullah Shahidi,VJ Kingma,0,0,"",""
ball,2,40.3,Afghanistan,Rahmat Shah,Hashmatullah Shahidi,VJ Kingma,0,0,"",""
ball,2,40.4,Afghanistan,Rahmat Shah,Hashmatullah Shahidi,VJ Kingma,0,0,"",""
ball,2,40.5,Afghanistan,Rahmat Shah,Hashmatullah Shahidi,VJ Kingma,2,0,"",""
ball,2,40.6,Afghanistan,Rahmat Shah,Hashmatullah Shahidi,VJ Kingma,0,0,"",""
ball,2,41.1,Afghanistan,Hashmatullah Shahidi,Rahmat Shah,RE van der Merwe,0,0,"",""
ball,2,41.2,Afghanistan,Hashmatullah Shahidi,Rahmat Shah,RE van der Merwe,0,0,"",""
ball,2,41.3,Afghanistan,Hashmatullah Shahidi,Rahmat Shah,RE van der Merwe,0,0,"",""
ball,2,41.4,Afghanistan,Hashmatullah Shahidi,Rahmat Shah,RE van der Merwe,0,0,"",""
ball,2,41.5,Afghanistan,Hashmatullah Shahidi,Rahmat Shah,RE van der Merwe,0,0,"",""
ball,2,41.6,Afghanistan,Hashmatullah Shahidi,Rahmat Shah,RE van der Merwe,0,0,"",""
ball,2,42.1,Afghanistan,Rahmat Shah,Hashmatullah Shahidi,MJG Rippon,4,0,"",""
ball,2,42.2,Afghanistan,Rahmat Shah,Hashmatullah Shahidi,MJG Rippon,0,0,"",""
ball,2,42.3,Afghanistan,Rahmat Shah,Hashmatullah Shahidi,MJG Rippon,0,0,"",""
ball,2,42.4,Afghanistan,Rahmat Shah,Hashmatullah Shahidi,MJG Rippon,0,0,"",""
ball,2,42.5,Afghanistan,Rahmat Shah,Hashmatullah Shahidi,MJG Rippon,0,0,bowled,Rahmat Shah
ball,2,42.6,Afghanistan,Asghar Stanikzai,Hashmatullah Shahidi,MJG Rippon,4,0,"",""
ball,2,43.1,Afghanistan,Hashmatullah Shahidi,Asghar Stanikzai,RE van der Merwe,0,0,"",""
ball,2,43.2,Afghanistan,Hashmatullah Shahidi,Asghar Stanikzai,RE van der Merwe,0,0,"",""
ball,2,43.3,Afghanistan,Hashmatullah Shahidi,Asghar Stanikzai,RE van der Merwe,0,0,"",""
ball,2,43.4,Afghanistan,Hashmatullah Shahidi,Asghar Stanikzai,RE van der Merwe,0,0,"",""
ball,2,43.5,Afghanistan,Hashmatullah Shahidi,Asghar Stanikzai,RE van der Merwe,0,0,"",""
ball,2,43.6,Afghanistan,Hashmatullah Shahidi,Asghar Stanikzai,RE van der Merwe,0,0,"",""
ball,2,44.1,Afghanistan,Asghar Stanikzai,Hashmatullah Shahidi,MJG Rippon,0,0,"",""
ball,2,44.2,Afghanistan,Asghar Stanikzai,Hashmatullah Shahidi,MJG Rippon,0,0,"",""
ball,2,44.3,Afghanistan,Asghar Stanikzai,Hashmatullah Shahidi,MJG Rippon,0,0,"",""
ball,2,44.4,Afghanistan,Asghar Stanikzai,Hashmatullah Shahidi,MJG Rippon,1,0,"",""
ball,2,44.5,Afghanistan,Hashmatullah Shahidi,Asghar Stanikzai,MJG Rippon,0,0,"",""
ball,2,44.6,Afghanistan,Hashmatullah Shahidi,Asghar Stanikzai,MJG Rippon,0,0,"",""
ball,2,45.1,Afghanistan,Asghar Stanikzai,Hashmatullah Shahidi,RE van der Merwe,0,0,"",""
ball,2,45.2,Afghanistan,Asghar Stanikzai,Hashmatullah Shahidi,RE van der Merwe,0,0,"",""
ball,2,45.3,Afghanistan,Asghar Stanikzai,Hashmatullah Shahidi,RE van der Merwe,0,0,"",""
ball,2,45.4,Afghanistan,Asghar Stanikzai,Hashmatullah Shahidi,RE van der Merwe,0,0,"",""
ball,2,45.5,Afghanistan,Asghar Stanikzai,Hashmatullah Shahidi,RE van der Merwe,0,0,"",""
ball,2,45.6,Afghanistan,Asghar Stanikzai,Hashmatullah Shahidi,RE van der Merwe,0,0,"",""
ball,2,46.1,Afghanistan,Hashmatullah Shahidi,Asghar Stanikzai,MJG Rippon,0,0,"",""
ball,2,46.2,Afghanistan,Hashmatullah Shahidi,Asghar Stanikzai,MJG Rippon,0,0,"",""
ball,2,46.3,Afghanistan,Hashmatullah Shahidi,Asghar Stanikzai,MJG Rippon,1,0,"",""
ball,2,46.4,Afghanistan,Asghar Stanikzai,Hashmatullah Shahidi,MJG Rippon,1,0,"",""
ball,2,46.5,Afghanistan,Hashmatullah Shahidi,Asghar Stanikzai,MJG Rippon,0,0,"",""
ball,2,46.6,Afghanistan,Hashmatullah Shahidi,Asghar Stanikzai,MJG Rippon,1,0,"",""
ball,2,47.1,Afghanistan,Hashmatullah Shahidi,Asghar Stanikzai,S Snater,0,0,"",""
ball,2,47.2,Afghanistan,Hashmatullah Shahidi,Asghar Stanikzai,S Snater,1,0,"",""
ball,2,47.3,Afghanistan,Asghar Stanikzai,Hashmatullah Shahidi,S Snater,0,0,"",""
ball,2,47.4,Afghanistan,Asghar Stanikzai,Hashmatullah Shahidi,S Snater,0,0,"",""
ball,2,47.5,Afghanistan,Asghar Stanikzai,Hashmatullah Shahidi,S Snater,0,0,"",""
ball,2,47.6,Afghanistan,Asghar Stanikzai,Hashmatullah Shahidi,S Snater,0,0,"",""
ball,2,48.1,Afghanistan,Hashmatullah Shahidi,Asghar Stanikzai,PA van Meekeren,0,0,"",""
ball,2,48.2,Afghanistan,Hashmatullah Shahidi,Asghar Stanikzai,PA van Meekeren,2,0,"",""
ball,2,48.3,Afghanistan,Hashmatullah Shahidi,Asghar Stanikzai,PA van Meekeren,0,0,"",""
ball,2,48.4,Afghanistan,Hashmatullah Shahidi,Asghar Stanikzai,PA van Meekeren,0,0,"",""
ball,2,48.5,Afghanistan,Hashmatullah Shahidi,Asghar Stanikzai,PA van Meekeren,0,0,"",""
ball,2,48.6,Afghanistan,Hashmatullah Shahidi,Asghar Stanikzai,PA van Meekeren,0,0,"",""
ball,2,49.1,Afghanistan,Asghar Stanikzai,Hashmatullah Shahidi,MJG Rippon,0,0,"",""
ball,2,49.2,Afghanistan,Asghar Stanikzai,Hashmatullah Shahidi,MJG Rippon,0,0,"",""
ball,2,49.3,Afghanistan,Asghar Stanikzai,Hashmatullah Shahidi,MJG Rippon,0,0,"",""
ball,2,49.4,Afghanistan,Asghar Stanikzai,Hashmatullah Shahidi,MJG Rippon,0,0,"",""
ball,2,49.5,Afghanistan,Asghar Stanikzai,Hashmatullah Shahidi,MJG Rippon,0,0,"",""
ball,2,49.6,Afghanistan,Asghar Stanikzai,Hashmatullah Shahidi,MJG Rippon,1,0,"",""
ball,2,50.1,Afghanistan,Asghar Stanikzai,Hashmatullah Shahidi,PA van Meekeren,0,0,"",""
ball,2,50.2,Afghanistan,Asghar Stanikzai,Hashmatullah Shahidi,PA van Meekeren,1,1,"",""
ball,2,50.3,Afghanistan,Hashmatullah Shahidi,Asghar Stanikzai,PA van Meekeren,0,0,"",""
ball,2,50.4,Afghanistan,Hashmatullah Shahidi,Asghar Stanikzai,PA van Meekeren,0,0,"",""
ball,2,50.5,Afghanistan,Hashmatullah Shahidi,Asghar Stanikzai,PA van Meekeren,0,0,"",""
ball,2,50.6,Afghanistan,Hashmatullah Shahidi,Asghar Stanikzai,PA van Meekeren,0,0,"",""
ball,2,50.7,Afghanistan,Hashmatullah Shahidi,Asghar Stanikzai,PA van Meekeren,0,0,"",""
ball,2,51.1,Afghanistan,Asghar Stanikzai,Hashmatullah Shahidi,MJG Rippon,4,0,"",""
ball,2,51.2,Afghanistan,Asghar Stanikzai,Hashmatullah Shahidi,MJG Rippon,0,0,"",""
ball,2,51.3,Afghanistan,Asghar Stanikzai,Hashmatullah Shahidi,MJG Rippon,0,0,"",""
ball,2,51.4,Afghanistan,Asghar Stanikzai,Hashmatullah Shahidi,MJG Rippon,0,0,"",""
ball,2,51.5,Afghanistan,Asghar Stanikzai,Hashmatullah Shahidi,MJG Rippon,0,0,"",""
ball,2,51.6,Afghanistan,Asghar Stanikzai,Hashmatullah Shahidi,MJG Rippon,0,0,"",""
ball,2,52.1,Afghanistan,Hashmatullah Shahidi,Asghar Stanikzai,PA van Meekeren,0,0,"",""
ball,2,52.2,Afghanistan,Hashmatullah Shahidi,Asghar Stanikzai,PA van Meekeren,0,0,"",""
ball,2,52.3,Afghanistan,Hashmatullah Shahidi,Asghar Stanikzai,PA van Meekeren,0,0,"",""
ball,2,52.4,Afghanistan,Hashmatullah Shahidi,Asghar Stanikzai,PA van Meekeren,0,0,"",""
ball,2,52.5,Afghanistan,Hashmatullah Shahidi,Asghar Stanikzai,PA van Meekeren,0,0,"",""
ball,2,52.6,Afghanistan,Hashmatullah Shahidi,Asghar Stanikzai,PA van Meekeren,0,0,"",""
ball,2,53.1,Afghanistan,Asghar Stanikzai,Hashmatullah Shahidi,MJG Rippon,0,0,"",""
ball,2,53.2,Afghanistan,Asghar Stanikzai,Hashmatullah Shahidi,MJG Rippon,0,0,"",""
ball,2,53.3,Afghanistan,Asghar Stanikzai,Hashmatullah Shahidi,MJG Rippon,0,0,"",""
ball,2,53.4,Afghanistan,Asghar Stanikzai,Hashmatullah Shahidi,MJG Rippon,0,0,"",""
ball,2,53.5,Afghanistan,Asghar Stanikzai,Hashmatullah Shahidi,MJG Rippon,0,0,"",""
ball,2,53.6,Afghanistan,Asghar Stanikzai,Hashmatullah Shahidi,MJG Rippon,0,0,"",""
ball,2,54.1,Afghanistan,Hashmatullah Shahidi,Asghar Stanikzai,PA van Meekeren,0,0,"",""
ball,2,54.2,Afghanistan,Hashmatullah Shahidi,Asghar Stanikzai,PA van Meekeren,1,0,"",""
ball,2,54.3,Afghanistan,Asghar Stanikzai,Hashmatullah Shahidi,PA van Meekeren,0,0,"",""
ball,2,54.4,Afghanistan,Asghar Stanikzai,Hashmatullah Shahidi,PA van Meekeren,1,0,"",""
ball,2,54.5,Afghanistan,Hashmatullah Shahidi,Asghar Stanikzai,PA van Meekeren,0,0,"",""
ball,2,54.6,Afghanistan,Hashmatullah Shahidi,Asghar Stanikzai,PA van Meekeren,0,0,"",""
ball,2,55.1,Afghanistan,Asghar Stanikzai,Hashmatullah Shahidi,MJG Rippon,0,0,"",""
ball,2,55.2,Afghanistan,Asghar Stanikzai,Hashmatullah Shahidi,MJG Rippon,2,0,"",""
ball,2,55.3,Afghanistan,Asghar Stanikzai,Hashmatullah Shahidi,MJG Rippon,0,0,"",""
ball,2,55.4,Afghanistan,Asghar Stanikzai,Hashmatullah Shahidi,MJG Rippon,0,0,"",""
ball,2,55.5,Afghanistan,Asghar Stanikzai,Hashmatullah Shahidi,MJG Rippon,1,1,"",""
ball,2,55.6,Afghanistan,Hashmatullah Shahidi,Asghar Stanikzai,MJG Rippon,2,0,"",""
ball,2,55.7,Afghanistan,Hashmatullah Shahidi,Asghar Stanikzai,MJG Rippon,1,0,"",""
ball,2,56.1,Afghanistan,Hashmatullah Shahidi,Asghar Stanikzai,PA van Meekeren,1,0,"",""
ball,2,56.2,Afghanistan,Asghar Stanikzai,Hashmatullah Shahidi,PA van Meekeren,0,0,"",""
ball,2,56.3,Afghanistan,Asghar Stanikzai,Hashmatullah Shahidi,PA van Meekeren,0,0,"",""
ball,2,56.4,Afghanistan,Asghar Stanikzai,Hashmatullah Shahidi,PA van Meekeren,0,0,"",""
ball,2,56.5,Afghanistan,Asghar Stanikzai,Hashmatullah Shahidi,PA van Meekeren,3,0,"",""
ball,2,56.6,Afghanistan,Hashmatullah Shahidi,Asghar Stanikzai,PA van Meekeren,0,0,"",""
ball,2,57.1,Afghanistan,Asghar Stanikzai,Hashmatullah Shahidi,MJG Rippon,0,0,"",""
ball,2,57.2,Afghanistan,Asghar Stanikzai,Hashmatullah Shahidi,MJG Rippon,2,0,"",""
ball,2,57.3,Afghanistan,Asghar Stanikzai,Hashmatullah Shahidi,MJG Rippon,1,0,"",""
ball,2,57.4,Afghanistan,Hashmatullah Shahidi,Asghar Stanikzai,MJG Rippon,0,0,"",""
ball,2,57.5,Afghanistan,Hashmatullah Shahidi,Asghar Stanikzai,MJG Rippon,0,0,"",""
ball,2,57.6,Afghanistan,Hashmatullah Shahidi,Asghar Stanikzai,MJG Rippon,0,1,"",""
ball,2,57.7,Afghanistan,Hashmatullah Shahidi,Asghar Stanikzai,MJG Rippon,0,0,"",""
ball,2,58.1,Afghanistan,Asghar Stanikzai,Hashmatullah Shahidi,PA van Meekeren,1,0,"",""
ball,2,58.2,Afghanistan,Hashmatullah Shahidi,Asghar Stanikzai,PA van Meekeren,1,0,"",""
ball,2,58.3,Afghanistan,Asghar Stanikzai,Hashmatullah Shahidi,PA van Meekeren,0,0,"",""
ball,2,58.4,Afghanistan,Asghar Stanikzai,Hashmatullah Shahidi,PA van Meekeren,0,0,"",""
ball,2,58.5,Afghanistan,Asghar Stanikzai,Hashmatullah Shahidi,PA van Meekeren,0,0,"",""
ball,2,58.6,Afghanistan,Asghar Stanikzai,Hashmatullah Shahidi,PA van Meekeren,0,0,"",""
ball,2,59.1,Afghanistan,Hashmatullah Shahidi,Asghar Stanikzai,MJG Rippon,0,0,"",""
ball,2,59.2,Afghanistan,Hashmatullah Shahidi,Asghar Stanikzai,MJG Rippon,0,0,"",""
ball,2,59.3,Afghanistan,Hashmatullah Shahidi,Asghar Stanikzai,MJG Rippon,0,0,"",""
ball,2,59.4,Afghanistan,Hashmatullah Shahidi,Asghar Stanikzai,MJG Rippon,0,0,"",""
ball,2,59.5,Afghanistan,Hashmatullah Shahidi,Asghar Stanikzai,MJG Rippon,0,0,"",""
ball,2,59.6,Afghanistan,Hashmatullah Shahidi,Asghar Stanikzai,MJG Rippon,0,0,"",""
ball,2,60.1,Afghanistan,Asghar Stanikzai,Hashmatullah Shahidi,S Snater,0,0,"",""
ball,2,60.2,Afghanistan,Asghar Stanikzai,Hashmatullah Shahidi,S Snater,0,0,"",""
ball,2,60.3,Afghanistan,Asghar Stanikzai,Hashmatullah Shahidi,S Snater,0,0,"",""
ball,2,60.4,Afghanistan,Asghar Stanikzai,Hashmatullah Shahidi,S Snater,1,0,"",""
ball,2,60.5,Afghanistan,Hashmatullah Shahidi,Asghar Stanikzai,S Snater,0,0,"",""
ball,2,60.6,Afghanistan,Hashmatullah Shahidi,Asghar Stanikzai,S Snater,0,0,"",""
ball,2,61.1,Afghanistan,Asghar Stanikzai,Hashmatullah Shahidi,MJG Rippon,0,0,"",""
ball,2,61.2,Afghanistan,Asghar Stanikzai,Hashmatullah Shahidi,MJG Rippon,0,0,bowled,Asghar Stanikzai
ball,2,61.3,Afghanistan,Mohammad Nabi,Hashmatullah Shahidi,MJG Rippon,0,0,"",""
ball,2,61.4,Afghanistan,Mohammad Nabi,Hashmatullah Shahidi,MJG Rippon,0,0,"",""
ball,2,61.5,Afghanistan,Mohammad Nabi,Hashmatullah Shahidi,MJG Rippon,0,0,"",""
ball,2,61.6,Afghanistan,Mohammad Nabi,Hashmatullah Shahidi,MJG Rippon,0,0,"",""
ball,2,62.1,Afghanistan,Hashmatullah Shahidi,Mohammad Nabi,S Snater,0,0,"",""
ball,2,62.2,Afghanistan,Hashmatullah Shahidi,Mohammad Nabi,S Snater,0,0,"",""
ball,2,62.3,Afghanistan,Hashmatullah Shahidi,Mohammad Nabi,S Snater,4,0,"",""
ball,2,62.4,Afghanistan,Hashmatullah Shahidi,Mohammad Nabi,S Snater,0,0,"",""
ball,2,62.5,Afghanistan,Hashmatullah Shahidi,Mohammad Nabi,S Snater,0,0,"",""
ball,2,62.6,Afghanistan,Hashmatullah Shahidi,Mohammad Nabi,S Snater,0,0,"",""
ball,2,63.1,Afghanistan,Mohammad Nabi,Hashmatullah Shahidi,MJG Rippon,0,0,"",""
ball,2,63.2,Afghanistan,Mohammad Nabi,Hashmatullah Shahidi,MJG Rippon,0,0,"",""
ball,2,63.3,Afghanistan,Mohammad Nabi,Hashmatullah Shahidi,MJG Rippon,0,0,"",""
ball,2,63.4,Afghanistan,Mohammad Nabi,Hashmatullah Shahidi,MJG Rippon,0,0,"",""
ball,2,63.5,Afghanistan,Mohammad Nabi,Hashmatullah Shahidi,MJG Rippon,0,0,"",""
ball,2,63.6,Afghanistan,Mohammad Nabi,Hashmatullah Shahidi,MJG Rippon,0,0,"",""
ball,2,64.1,Afghanistan,Hashmatullah Shahidi,Mohammad Nabi,S Snater,1,0,"",""
ball,2,64.2,Afghanistan,Mohammad Nabi,Hashmatullah Shahidi,S Snater,0,0,"",""
ball,2,64.3,Afghanistan,Mohammad Nabi,Hashmatullah Shahidi,S Snater,0,0,"",""
ball,2,64.4,Afghanistan,Mohammad Nabi,Hashmatullah Shahidi,S Snater,0,0,"",""
ball,2,64.5,Afghanistan,Mohammad Nabi,Hashmatullah Shahidi,S Snater,0,0,"",""
ball,2,64.6,Afghanistan,Mohammad Nabi,Hashmatullah Shahidi,S Snater,0,0,"",""
ball,2,65.1,Afghanistan,Hashmatullah Shahidi,Mohammad Nabi,MJG Rippon,0,0,"",""
ball,2,65.2,Afghanistan,Hashmatullah Shahidi,Mohammad Nabi,MJG Rippon,0,0,"",""
ball,2,65.3,Afghanistan,Hashmatullah Shahidi,Mohammad Nabi,MJG Rippon,0,0,"",""
ball,2,65.4,Afghanistan,Hashmatullah Shahidi,Mohammad Nabi,MJG Rippon,4,0,"",""
ball,2,65.5,Afghanistan,Hashmatullah Shahidi,Mohammad Nabi,MJG Rippon,0,0,"",""
ball,2,65.6,Afghanistan,Hashmatullah Shahidi,Mohammad Nabi,MJG Rippon,0,0,"",""
ball,2,66.1,Afghanistan,Mohammad Nabi,Hashmatullah Shahidi,S Snater,2,0,"",""
ball,2,66.2,Afghanistan,Mohammad Nabi,Hashmatullah Shahidi,S Snater,0,0,"",""
ball,2,66.3,Afghanistan,Mohammad Nabi,Hashmatullah Shahidi,S Snater,0,0,"",""
ball,2,66.4,Afghanistan,Mohammad Nabi,Hashmatullah Shahidi,S Snater,0,0,"",""
ball,2,66.5,Afghanistan,Mohammad Nabi,Hashmatullah Shahidi,S Snater,0,0,"",""
ball,2,66.6,Afghanistan,Mohammad Nabi,Hashmatullah Shahidi,S Snater,0,0,"",""
ball,2,67.1,Afghanistan,Hashmatullah Shahidi,Mohammad Nabi,MJG Rippon,1,0,"",""
ball,2,67.2,Afghanistan,Mohammad Nabi,Hashmatullah Shahidi,MJG Rippon,4,0,"",""
ball,2,67.3,Afghanistan,Mohammad Nabi,Hashmatullah Shahidi,MJG Rippon,0,1,"",""
ball,2,67.4,Afghanistan,Hashmatullah Shahidi,Mohammad Nabi,MJG Rippon,0,0,"",""
ball,2,67.5,Afghanistan,Hashmatullah Shahidi,Mohammad Nabi,MJG Rippon,1,0,"",""
ball,2,67.6,Afghanistan,Mohammad Nabi,Hashmatullah Shahidi,MJG Rippon,0,0,"",""
ball,2,68.1,Afghanistan,Hashmatullah Shahidi,Mohammad Nabi,PA van Meekeren,0,0,"",""
ball,2,68.2,Afghanistan,Hashmatullah Shahidi,Mohammad Nabi,PA van Meekeren,0,0,"",""
ball,2,68.3,Afghanistan,Hashmatullah Shahidi,Mohammad Nabi,PA van Meekeren,0,0,"",""
ball,2,68.4,Afghanistan,Hashmatullah Shahidi,Mohammad Nabi,PA van Meekeren,0,0,"",""
ball,2,68.5,Afghanistan,Hashmatullah Shahidi,Mohammad Nabi,PA van Meekeren,0,0,"",""
ball,2,68.6,Afghanistan,Hashmatullah Shahidi,Mohammad Nabi,PA van Meekeren,0,0,"",""
ball,2,69.1,Afghanistan,Mohammad Nabi,Hashmatullah Shahidi,RE van der Merwe,0,0,"",""
ball,2,69.2,Afghanistan,Mohammad Nabi,Hashmatullah Shahidi,RE van der Merwe,3,0,"",""
ball,2,69.3,Afghanistan,Hashmatullah Shahidi,Mohammad Nabi,RE van der Merwe,0,0,"",""
ball,2,69.4,Afghanistan,Hashmatullah Shahidi,Mohammad Nabi,RE van der Merwe,0,0,"",""
ball,2,69.5,Afghanistan,Hashmatullah Shahidi,Mohammad Nabi,RE van der Merwe,0,0,"",""
ball,2,69.6,Afghanistan,Hashmatullah Shahidi,Mohammad Nabi,RE van der Merwe,0,0,"",""
ball,2,70.1,Afghanistan,Mohammad Nabi,Hashmatullah Shahidi,PA van Meekeren,1,0,"",""
ball,2,70.2,Afghanistan,Hashmatullah Shahidi,Mohammad Nabi,PA van Meekeren,4,0,"",""
ball,2,70.3,Afghanistan,Hashmatullah Shahidi,Mohammad Nabi,PA van Meekeren,0,0,"",""
ball,2,70.4,Afghanistan,Hashmatullah Shahidi,Mohammad Nabi,PA van Meekeren,0,0,"",""
ball,2,70.5,Afghanistan,Hashmatullah Shahidi,Mohammad Nabi,PA van Meekeren,0,0,"",""
ball,2,70.6,Afghanistan,Hashmatullah Shahidi,Mohammad Nabi,PA van Meekeren,0,0,"",""
ball,2,71.1,Afghanistan,Mohammad Nabi,Hashmatullah Shahidi,RE van der Merwe,0,0,"",""
ball,2,71.2,Afghanistan,Mohammad Nabi,Hashmatullah Shahidi,RE van der Merwe,0,0,"",""
ball,2,71.3,Afghanistan,Mohammad Nabi,Hashmatullah Shahidi,RE van der Merwe,1,0,"",""
ball,2,71.4,Afghanistan,Hashmatullah Shahidi,Mohammad Nabi,RE van der Merwe,0,0,"",""
ball,2,71.5,Afghanistan,Hashmatullah Shahidi,Mohammad Nabi,RE van der Merwe,0,0,"",""
ball,2,71.6,Afghanistan,Hashmatullah Shahidi,Mohammad Nabi,RE van der Merwe,0,0,"",""
ball,2,72.1,Afghanistan,Mohammad Nabi,Hashmatullah Shahidi,PA van Meekeren,2,0,"",""
ball,2,72.2,Afghanistan,Mohammad Nabi,Hashmatullah Shahidi,PA van Meekeren,0,0,"",""
ball,2,72.3,Afghanistan,Mohammad Nabi,Hashmatullah Shahidi,PA van Meekeren,0,0,"",""
ball,2,72.4,Afghanistan,Mohammad Nabi,Hashmatullah Shahidi,PA van Meekeren,0,0,"",""
ball,2,72.5,Afghanistan,Mohammad Nabi,Hashmatullah Shahidi,PA van Meekeren,0,0,"",""
ball,2,72.6,Afghanistan,Mohammad Nabi,Hashmatullah Shahidi,PA van Meekeren,4,0,"",""
ball,2,73.1,Afghanistan,Hashmatullah Shahidi,Mohammad Nabi,RE van der Merwe,0,0,"",""
ball,2,73.2,Afghanistan,Hashmatullah Shahidi,Mohammad Nabi,RE van der Merwe,0,0,"",""
ball,2,73.3,Afghanistan,Hashmatullah Shahidi,Mohammad Nabi,RE van der Merwe,0,0,"",""
ball,2,73.4,Afghanistan,Hashmatullah Shahidi,Mohammad Nabi,RE van der Merwe,2,0,"",""
ball,2,73.5,Afghanistan,Hashmatullah Shahidi,Mohammad Nabi,RE van der Merwe,0,0,"",""
ball,2,73.6,Afghanistan,Hashmatullah Shahidi,Mohammad Nabi,RE van der Merwe,1,0,"",""
ball,2,74.1,Afghanistan,Hashmatullah Shahidi,Mohammad Nabi,PW Borren,0,0,"",""
ball,2,74.2,Afghanistan,Hashmatullah Shahidi,Mohammad Nabi,PW Borren,0,0,"",""
ball,2,74.3,Afghanistan,Hashmatullah Shahidi,Mohammad Nabi,PW Borren,1,0,"",""
ball,2,74.4,Afghanistan,Mohammad Nabi,Hashmatullah Shahidi,PW Borren,0,0,"",""
ball,2,74.5,Afghanistan,Mohammad Nabi,Hashmatullah Shahidi,PW Borren,0,0,"",""
ball,2,74.6,Afghanistan,Mohammad Nabi,Hashmatullah Shahidi,PW Borren,0,0,"",""
ball,2,75.1,Afghanistan,Hashmatullah Shahidi,Mohammad Nabi,RE van der Merwe,0,0,"",""
ball,2,75.2,Afghanistan,Hashmatullah Shahidi,Mohammad Nabi,RE van der Merwe,0,0,"",""
ball,2,75.3,Afghanistan,Hashmatullah Shahidi,Mohammad Nabi,RE van der Merwe,0,0,"",""
ball,2,75.4,Afghanistan,Hashmatullah Shahidi,Mohammad Nabi,RE van der Merwe,5,0,"",""
ball,2,75.5,Afghanistan,Mohammad Nabi,Hashmatullah Shahidi,RE van der Merwe,0,0,"",""
ball,2,75.6,Afghanistan,Mohammad Nabi,Hashmatullah Shahidi,RE van der Merwe,0,0,"",""
ball,2,76.1,Afghanistan,Hashmatullah Shahidi,Mohammad Nabi,MJG Rippon,4,0,"",""
ball,2,76.2,Afghanistan,Hashmatullah Shahidi,Mohammad Nabi,MJG Rippon,0,0,"",""
ball,2,76.3,Afghanistan,Hashmatullah Shahidi,Mohammad Nabi,MJG Rippon,3,0,"",""
ball,2,76.4,Afghanistan,Mohammad Nabi,Hashmatullah Shahidi,MJG Rippon,0,0,"",""
ball,2,76.5,Afghanistan,Mohammad Nabi,Hashmatullah Shahidi,MJG Rippon,0,0,"",""
ball,2,76.6,Afghanistan,Mohammad Nabi,Hashmatullah Shahidi,MJG Rippon,0,0,"",""
ball,2,77.1,Afghanistan,Hashmatullah Shahidi,Mohammad Nabi,RE van der Merwe,0,0,"",""
ball,2,77.2,Afghanistan,Hashmatullah Shahidi,Mohammad Nabi,RE van der Merwe,0,0,"",""
ball,2,77.3,Afghanistan,Hashmatullah Shahidi,Mohammad Nabi,RE van der Merwe,1,0,"",""
ball,2,77.4,Afghanistan,Mohammad Nabi,Hashmatullah Shahidi,RE van der Merwe,0,0,"",""
ball,2,77.5,Afghanistan,Mohammad Nabi,Hashmatullah Shahidi,RE van der Merwe,0,0,bowled,Mohammad Nabi
ball,2,77.6,Afghanistan,Mirwais Ashraf,Hashmatullah Shahidi,RE van der Merwe,0,0,"",""
ball,2,78.1,Afghanistan,Hashmatullah Shahidi,Mirwais Ashraf,MJG Rippon,0,0,"",""
ball,2,78.2,Afghanistan,Hashmatullah Shahidi,Mirwais Ashraf,MJG Rippon,1,0,"",""
ball,2,78.3,Afghanistan,Mirwais Ashraf,Hashmatullah Shahidi,MJG Rippon,0,0,"",""
ball,2,78.4,Afghanistan,Mirwais Ashraf,Hashmatullah Shahidi,MJG Rippon,0,0,"",""
ball,2,78.5,Afghanistan,Mirwais Ashraf,Hashmatullah Shahidi,MJG Rippon,0,0,"",""
ball,2,78.6,Afghanistan,Mirwais Ashraf,Hashmatullah Shahidi,MJG Rippon,0,0,"",""
ball,2,79.1,Afghanistan,Hashmatullah Shahidi,Mirwais Ashraf,RE van der Merwe,0,0,"",""
ball,2,79.2,Afghanistan,Hashmatullah Shahidi,Mirwais Ashraf,RE van der Merwe,0,0,"",""
ball,2,79.3,Afghanistan,Hashmatullah Shahidi,Mirwais Ashraf,RE van der Merwe,0,0,"",""
ball,2,79.4,Afghanistan,Hashmatullah Shahidi,Mirwais Ashraf,RE van der Merwe,0,0,"",""
ball,2,79.5,Afghanistan,Hashmatullah Shahidi,Mirwais Ashraf,RE van der Merwe,0,0,"",""
ball,2,79.6,Afghanistan,Hashmatullah Shahidi,Mirwais Ashraf,RE van der Merwe,0,0,"",""
ball,2,80.1,Afghanistan,Mirwais Ashraf,Hashmatullah Shahidi,MJG Rippon,0,0,"",""
ball,2,80.2,Afghanistan,Mirwais Ashraf,Hashmatullah Shahidi,MJG Rippon,0,0,"",""
ball,2,80.3,Afghanistan,Mirwais Ashraf,Hashmatullah Shahidi,MJG Rippon,0,0,"",""
ball,2,80.4,Afghanistan,Mirwais Ashraf,Hashmatullah Shahidi,MJG Rippon,0,0,"",""
ball,2,80.5,Afghanistan,Mirwais Ashraf,Hashmatullah Shahidi,MJG Rippon,0,0,"",""
ball,2,80.6,Afghanistan,Mirwais Ashraf,Hashmatullah Shahidi,MJG Rippon,1,0,"",""
ball,2,81.1,Afghanistan,Mirwais Ashraf,Hashmatullah Shahidi,RE van der Merwe,0,0,"",""
ball,2,81.2,Afghanistan,Mirwais Ashraf,Hashmatullah Shahidi,RE van der Merwe,1,0,"",""
ball,2,81.3,Afghanistan,Hashmatullah Shahidi,Mirwais Ashraf,RE van der Merwe,0,0,"",""
ball,2,81.4,Afghanistan,Hashmatullah Shahidi,Mirwais Ashraf,RE van der Merwe,0,0,"",""
ball,2,81.5,Afghanistan,Hashmatullah Shahidi,Mirwais Ashraf,RE van der Merwe,0,0,"",""
ball,2,81.6,Afghanistan,Hashmatullah Shahidi,Mirwais Ashraf,RE van der Merwe,0,0,"",""
ball,2,82.1,Afghanistan,Mirwais Ashraf,Hashmatullah Shahidi,MJG Rippon,0,0,"",""
ball,2,82.2,Afghanistan,Mirwais Ashraf,Hashmatullah Shahidi,MJG Rippon,0,0,"",""
ball,2,82.3,Afghanistan,Mirwais Ashraf,Hashmatullah Shahidi,MJG Rippon,0,0,"",""
ball,2,82.4,Afghanistan,Mirwais Ashraf,Hashmatullah Shahidi,MJG Rippon,0,0,"",""
ball,2,82.5,Afghanistan,Mirwais Ashraf,Hashmatullah Shahidi,MJG Rippon,3,0,"",""
ball,2,82.6,Afghanistan,Hashmatullah Shahidi,Mirwais Ashraf,MJG Rippon,0,0,"",""
ball,2,83.1,Afghanistan,Mirwais Ashraf,Hashmatullah Shahidi,RE van der Merwe,0,0,"",""
ball,2,83.2,Afghanistan,Mirwais Ashraf,Hashmatullah Shahidi,RE van der Merwe,0,0,"",""
ball,2,83.3,Afghanistan,Mirwais Ashraf,Hashmatullah Shahidi,RE van der Merwe,0,0,"",""
ball,2,83.4,Afghanistan,Mirwais Ashraf,Hashmatullah Shahidi,RE van der Merwe,0,0,"",""
ball,2,83.5,Afghanistan,Mirwais Ashraf,Hashmatullah Shahidi,RE van der Merwe,0,0,"",""
ball,2,83.6,Afghanistan,Mirwais Ashraf,Hashmatullah Shahidi,RE van der Merwe,0,0,"",""
ball,2,84.1,Afghanistan,Hashmatullah Shahidi,Mirwais Ashraf,MJG Rippon,2,0,"",""
ball,2,84.2,Afghanistan,Hashmatullah Shahidi,Mirwais Ashraf,MJG Rippon,0,0,"",""
ball,2,84.3,Afghanistan,Hashmatullah Shahidi,Mirwais Ashraf,MJG Rippon,4,0,"",""
ball,2,84.4,Afghanistan,Hashmatullah Shahidi,Mirwais Ashraf,MJG Rippon,0,0,"",""
ball,2,84.5,Afghanistan,Hashmatullah Shahidi,Mirwais Ashraf,MJG Rippon,0,0,"",""
ball,2,84.6,Afghanistan,Hashmatullah Shahidi,Mirwais Ashraf,MJG Rippon,0,0,"",""
ball,2,85.1,Afghanistan,Mirwais Ashraf,Hashmatullah Shahidi,VJ Kingma,0,0,"",""
ball,2,85.2,Afghanistan,Mirwais Ashraf,Hashmatullah Shahidi,VJ Kingma,0,0,"",""
ball,2,85.3,Afghanistan,Mirwais Ashraf,Hashmatullah Shahidi,VJ Kingma,4,0,"",""
ball,2,85.4,Afghanistan,Mirwais Ashraf,Hashmatullah Shahidi,VJ Kingma,0,0,"",""
ball,2,85.5,Afghanistan,Mirwais Ashraf,Hashmatullah Shahidi,VJ Kingma,0,0,"",""
ball,2,85.6,Afghanistan,Mirwais Ashraf,Hashmatullah Shahidi,VJ Kingma,0,0,"",""
ball,2,86.1,Afghanistan,Hashmatullah Shahidi,Mirwais Ashraf,Mudassar Bukhari,0,0,"",""
ball,2,86.2,Afghanistan,Hashmatullah Shahidi,Mirwais Ashraf,Mudassar Bukhari,0,0,"",""
ball,2,86.3,Afghanistan,Hashmatullah Shahidi,Mirwais Ashraf,Mudassar Bukhari,0,0,"",""
ball,2,86.4,Afghanistan,Hashmatullah Shahidi,Mirwais Ashraf,Mudassar Bukhari,0,0,"",""
ball,2,86.5,Afghanistan,Hashmatullah Shahidi,Mirwais Ashraf,Mudassar Bukhari,0,0,"",""
ball,2,86.6,Afghanistan,Hashmatullah Shahidi,Mirwais Ashraf,Mudassar Bukhari,4,0,"",""
ball,2,87.1,Afghanistan,Mirwais Ashraf,Hashmatullah Shahidi,VJ Kingma,0,0,"",""
ball,2,87.2,Afghanistan,Mirwais Ashraf,Hashmatullah Shahidi,VJ Kingma,0,0,"",""
ball,2,87.3,Afghanistan,Mirwais Ashraf,Hashmatullah Shahidi,VJ Kingma,4,0,"",""
ball,2,87.4,Afghanistan,Mirwais Ashraf,Hashmatullah Shahidi,VJ Kingma,3,0,"",""
ball,2,87.5,Afghanistan,Hashmatullah Shahidi,Mirwais Ashraf,VJ Kingma,4,0,"",""
ball,2,87.6,Afghanistan,Hashmatullah Shahidi,Mirwais Ashraf,VJ Kingma,0,0,"",""
ball,2,88.1,Afghanistan,Mirwais Ashraf,Hashmatullah Shahidi,PA van Meekeren,0,0,"",""
ball,2,88.2,Afghanistan,Mirwais Ashraf,Hashmatullah Shahidi,PA van Meekeren,0,0,"",""
ball,2,88.3,Afghanistan,Mirwais Ashraf,Hashmatullah Shahidi,PA van Meekeren,0,0,"",""
ball,2,88.4,Afghanistan,Mirwais Ashraf,Hashmatullah Shahidi,PA van Meekeren,1,0,"",""
ball,2,88.5,Afghanistan,Hashmatullah Shahidi,Mirwais Ashraf,PA van Meekeren,0,0,"",""
ball,2,88.6,Afghanistan,Hashmatullah Shahidi,Mirwais Ashraf,PA van Meekeren,0,0,"",""
ball,2,89.1,Afghanistan,Mirwais Ashraf,Hashmatullah Shahidi,VJ Kingma,0,0,"",""
ball,2,89.2,Afghanistan,Mirwais Ashraf,Hashmatullah Shahidi,VJ Kingma,0,0,"",""
ball,2,89.3,Afghanistan,Mirwais Ashraf,Hashmatullah Shahidi,VJ Kingma,0,0,"",""
ball,2,89.4,Afghanistan,Mirwais Ashraf,Hashmatullah Shahidi,VJ Kingma,1,0,"",""
ball,2,89.5,Afghanistan,Hashmatullah Shahidi,Mirwais Ashraf,VJ Kingma,0,0,"",""
ball,2,89.6,Afghanistan,Hashmatullah Shahidi,Mirwais Ashraf,VJ Kingma,0,0,"",""
ball,2,90.1,Afghanistan,Mirwais Ashraf,Hashmatullah Shahidi,PA van Meekeren,0,0,"",""
ball,2,90.2,Afghanistan,Mirwais Ashraf,Hashmatullah Shahidi,PA van Meekeren,3,0,"",""
ball,2,90.3,Afghanistan,Hashmatullah Shahidi,Mirwais Ashraf,PA van Meekeren,1,0,"",""
ball,2,90.4,Afghanistan,Mirwais Ashraf,Hashmatullah Shahidi,PA van Meekeren,0,0,"",""
ball,2,90.5,Afghanistan,Mirwais Ashraf,Hashmatullah Shahidi,PA van Meekeren,0,0,"",""
ball,2,90.6,Afghanistan,Mirwais Ashraf,Hashmatullah Shahidi,PA van Meekeren,0,0,"",""
ball,2,91.1,Afghanistan,Hashmatullah Shahidi,Mirwais Ashraf,RE van der Merwe,0,0,"",""
ball,2,91.2,Afghanistan,Hashmatullah Shahidi,Mirwais Ashraf,RE van der Merwe,0,0,"",""
ball,2,91.3,Afghanistan,Hashmatullah Shahidi,Mirwais Ashraf,RE van der Merwe,0,0,"",""
ball,2,91.4,Afghanistan,Hashmatullah Shahidi,Mirwais Ashraf,RE van der Merwe,4,0,"",""
ball,2,91.5,Afghanistan,Hashmatullah Shahidi,Mirwais Ashraf,RE van der Merwe,2,0,"",""
ball,2,91.6,Afghanistan,Hashmatullah Shahidi,Mirwais Ashraf,RE van der Merwe,0,0,"",""
ball,2,92.1,Afghanistan,Mirwais Ashraf,Hashmatullah Shahidi,PA van Meekeren,0,0,"",""
ball,2,92.2,Afghanistan,Mirwais Ashraf,Hashmatullah Shahidi,PA van Meekeren,4,0,"",""
ball,2,92.3,Afghanistan,Mirwais Ashraf,Hashmatullah Shahidi,PA van Meekeren,2,0,"",""
ball,2,92.4,Afghanistan,Mirwais Ashraf,Hashmatullah Shahidi,PA van Meekeren,4,0,"",""
ball,2,92.5,Afghanistan,Mirwais Ashraf,Hashmatullah Shahidi,PA van Meekeren,0,1,"",""
ball,2,92.6,Afghanistan,Mirwais Ashraf,Hashmatullah Shahidi,PA van Meekeren,0,0,"",""
ball,2,92.7,Afghanistan,Mirwais Ashraf,Hashmatullah Shahidi,PA van Meekeren,0,0,"",""
ball,2,93.1,Afghanistan,Hashmatullah Shahidi,Mirwais Ashraf,RE van der Merwe,1,0,"",""
ball,2,93.2,Afghanistan,Mirwais Ashraf,Hashmatullah Shahidi,RE van der Merwe,0,0,"",""
ball,2,93.3,Afghanistan,Mirwais Ashraf,Hashmatullah Shahidi,RE van der Merwe,0,0,"",""
ball,2,93.4,Afghanistan,Mirwais Ashraf,Hashmatullah Shahidi,RE van der Merwe,0,0,"",""
ball,2,93.5,Afghanistan,Mirwais Ashraf,Hashmatullah Shahidi,RE van der Merwe,0,0,"",""
ball,2,93.6,Afghanistan,Mirwais Ashraf,Hashmatullah Shahidi,RE van der Merwe,6,0,"",""
ball,2,94.1,Afghanistan,Hashmatullah Shahidi,Mirwais Ashraf,MJG Rippon,0,0,"",""
ball,2,94.2,Afghanistan,Hashmatullah Shahidi,Mirwais Ashraf,MJG Rippon,0,0,"",""
ball,2,94.3,Afghanistan,Hashmatullah Shahidi,Mirwais Ashraf,MJG Rippon,1,0,"",""
ball,2,94.4,Afghanistan,Mirwais Ashraf,Hashmatullah Shahidi,MJG Rippon,0,0,"",""
ball,2,94.5,Afghanistan,Mirwais Ashraf,Hashmatullah Shahidi,MJG Rippon,4,0,"",""
ball,2,94.6,Afghanistan,Mirwais Ashraf,Hashmatullah Shahidi,MJG Rippon,0,0,"",""
ball,2,95.1,Afghanistan,Hashmatullah Shahidi,Mirwais Ashraf,RE van der Merwe,0,0,"",""
ball,2,95.2,Afghanistan,Hashmatullah Shahidi,Mirwais Ashraf,RE van der Merwe,0,0,"",""
ball,2,95.3,Afghanistan,Hashmatullah Shahidi,Mirwais Ashraf,RE van der Merwe,1,0,"",""
ball,2,95.4,Afghanistan,Mirwais Ashraf,Hashmatullah Shahidi,RE van der Merwe,0,0,"",""
ball,2,95.5,Afghanistan,Mirwais Ashraf,Hashmatullah Shahidi,RE van der Merwe,1,0,"",""
ball,2,95.6,Afghanistan,Hashmatullah Shahidi,Mirwais Ashraf,RE van der Merwe,0,0,"",""
ball,2,96.1,Afghanistan,Mirwais Ashraf,Hashmatullah Shahidi,MJG Rippon,0,0,lbw,Mirwais Ashraf
ball,2,96.2,Afghanistan,Dawlat Zadran,Hashmatullah Shahidi,MJG Rippon,0,0,"",""
ball,2,96.3,Afghanistan,Dawlat Zadran,Hashmatullah Shahidi,MJG Rippon,0,0,"",""
ball,2,96.4,Afghanistan,Dawlat Zadran,Hashmatullah Shahidi,MJG Rippon,0,0,"",""
ball,2,96.5,Afghanistan,Dawlat Zadran,Hashmatullah Shahidi,MJG Rippon,3,0,"",""
ball,2,96.6,Afghanistan,Hashmatullah Shahidi,Dawlat Zadran,MJG Rippon,0,0,"",""
ball,2,97.1,Afghanistan,Dawlat Zadran,Hashmatullah Shahidi,RE van der Merwe,0,0,"",""
ball,2,97.2,Afghanistan,Dawlat Zadran,Hashmatullah Shahidi,RE van der Merwe,3,0,"",""
ball,2,97.3,Afghanistan,Hashmatullah Shahidi,Dawlat Zadran,RE van der Merwe,0,0,"",""
ball,2,97.4,Afghanistan,Hashmatullah Shahidi,Dawlat Zadran,RE van der Merwe,0,0,"",""
ball,2,97.5,Afghanistan,Hashmatullah Shahidi,Dawlat Zadran,RE van der Merwe,1,0,"",""
ball,2,97.6,Afghanistan,Dawlat Zadran,Hashmatullah Shahidi,RE van der Merwe,0,0,"",""
ball,2,98.1,Afghanistan,Hashmatullah Shahidi,Dawlat Zadran,MJG Rippon,0,0,"",""
ball,2,98.2,Afghanistan,Hashmatullah Shahidi,Dawlat Zadran,MJG Rippon,4,0,"",""
ball,2,98.3,Afghanistan,Hashmatullah Shahidi,Dawlat Zadran,MJG Rippon,0,0,"",""
ball,2,98.4,Afghanistan,Hashmatullah Shahidi,Dawlat Zadran,MJG Rippon,0,0,"",""
ball,2,98.5,Afghanistan,Hashmatullah Shahidi,Dawlat Zadran,MJG Rippon,0,0,"",""
ball,2,98.6,Afghanistan,Hashmatullah Shahidi,Dawlat Zadran,MJG Rippon,2,0,"",""
ball,2,99.1,Afghanistan,Dawlat Zadran,Hashmatullah Shahidi,RE van der Merwe,0,0,"",""
ball,2,99.2,Afghanistan,Dawlat Zadran,Hashmatullah Shahidi,RE van der Merwe,4,0,"",""
ball,2,99.3,Afghanistan,Dawlat Zadran,Hashmatullah Shahidi,RE van der Merwe,1,0,"",""
ball,2,99.4,Afghanistan,Hashmatullah Shahidi,Dawlat Zadran,RE van der Merwe,0,0,"",""
ball,2,99.5,Afghanistan,Hashmatullah Shahidi,Dawlat Zadran,RE van der Merwe,2,0,"",""
ball,2,99.6,Afghanistan,Hashmatullah Shahidi,Dawlat Zadran,RE van der Merwe,0,0,"",""
ball,2,100.1,Afghanistan,Dawlat Zadran,Hashmatullah Shahidi,MJG Rippon,0,0,"",""
ball,2,100.2,Afghanistan,Dawlat Zadran,Hashmatullah Shahidi,MJG Rippon,0,0,bowled,Dawlat Zadran
ball,2,100.3,Afghanistan,Yamin Ahmadzai,Hashmatullah Shahidi,MJG Rippon,0,0,"",""
ball,2,100.4,Afghanistan,Yamin Ahmadzai,Hashmatullah Shahidi,MJG Rippon,0,0,"",""
ball,2,100.5,Afghanistan,Yamin Ahmadzai,Hashmatullah Shahidi,MJG Rippon,0,0,"",""
ball,2,100.6,Afghanistan,Yamin Ahmadzai,Hashmatullah Shahidi,MJG Rippon,0,0,"",""
ball,2,101.1,Afghanistan,Hashmatullah Shahidi,Yamin Ahmadzai,PM Seelaar,0,0,"",""
ball,2,101.2,Afghanistan,Hashmatullah Shahidi,Yamin Ahmadzai,PM Seelaar,0,0,"",""
ball,2,101.3,Afghanistan,Hashmatullah Shahidi,Yamin Ahmadzai,PM Seelaar,0,0,caught,Hashmatullah Shahidi
ball,2,101.4,Afghanistan,Zahir Khan,Yamin Ahmadzai,PM Seelaar,0,0,"",""
ball,2,101.5,Afghanistan,Zahir Khan,Yamin Ahmadzai,PM Seelaar,0,0,"",""
ball,2,101.6,Afghanistan,Zahir Khan,Yamin Ahmadzai,PM Seelaar,0,0,"",""
ball,2,102.1,Afghanistan,Yamin Ahmadzai,Zahir Khan,MJG Rippon,0,0,"",""
ball,2,102.2,Afghanistan,Yamin Ahmadzai,Zahir Khan,MJG Rippon,0,0,bowled,Yamin Ahmadzai
ball,3,0.1,Netherlands,SJ Myburgh,MJG Rippon,Dawlat Zadran,0,0,"",""
ball,3,0.2,Netherlands,SJ Myburgh,MJG Rippon,Dawlat Zadran,1,0,"",""
ball,3,0.3,Netherlands,MJG Rippon,SJ Myburgh,Dawlat Zadran,0,0,"",""
ball,3,0.4,Netherlands,MJG Rippon,SJ Myburgh,Dawlat Zadran,2,0,"",""
ball,3,0.5,Netherlands,MJG Rippon,SJ Myburgh,Dawlat Zadran,0,0,"",""
ball,3,0.6,Netherlands,MJG Rippon,SJ Myburgh,Dawlat Zadran,0,0,"",""
ball,3,1.1,Netherlands,SJ Myburgh,MJG Rippon,Yamin Ahmadzai,0,0,"",""
ball,3,1.2,Netherlands,SJ Myburgh,MJG Rippon,Yamin Ahmadzai,0,0,"",""
ball,3,1.3,Netherlands,SJ Myburgh,MJG Rippon,Yamin Ahmadzai,0,0,"",""
ball,3,1.4,Netherlands,SJ Myburgh,MJG Rippon,Yamin Ahmadzai,0,1,"",""
ball,3,1.5,Netherlands,SJ Myburgh,MJG Rippon,Yamin Ahmadzai,1,0,"",""
ball,3,1.6,Netherlands,MJG Rippon,SJ Myburgh,Yamin Ahmadzai,4,0,"",""
ball,3,1.7,Netherlands,MJG Rippon,SJ Myburgh,Yamin Ahmadzai,1,0,"",""
ball,3,2.1,Netherlands,MJG Rippon,SJ Myburgh,Dawlat Zadran,0,0,"",""
ball,3,2.2,Netherlands,MJG Rippon,SJ Myburgh,Dawlat Zadran,0,0,"",""
ball,3,2.3,Netherlands,MJG Rippon,SJ Myburgh,Dawlat Zadran,0,0,"",""
ball,3,2.4,Netherlands,MJG Rippon,SJ Myburgh,Dawlat Zadran,0,0,"",""
ball,3,2.5,Netherlands,MJG Rippon,SJ Myburgh,Dawlat Zadran,0,0,"",""
ball,3,2.6,Netherlands,MJG Rippon,SJ Myburgh,Dawlat Zadran,0,0,"",""
ball,3,3.1,Netherlands,SJ Myburgh,MJG Rippon,Mohammad Nabi,2,0,"",""
ball,3,3.2,Netherlands,SJ Myburgh,MJG Rippon,Mohammad Nabi,2,0,"",""
ball,3,3.3,Netherlands,SJ Myburgh,MJG Rippon,Mohammad Nabi,0,0,"",""
ball,3,3.4,Netherlands,SJ Myburgh,MJG Rippon,Mohammad Nabi,2,0,"",""
ball,3,3.5,Netherlands,SJ Myburgh,MJG Rippon,Mohammad Nabi,0,0,"",""
ball,3,3.6,Netherlands,SJ Myburgh,MJG Rippon,Mohammad Nabi,0,0,"",""
ball,3,4.1,Netherlands,MJG Rippon,SJ Myburgh,Yamin Ahmadzai,1,0,"",""
ball,3,4.2,Netherlands,SJ Myburgh,MJG Rippon,Yamin Ahmadzai,0,0,"",""
ball,3,4.3,Netherlands,SJ Myburgh,MJG Rippon,Yamin Ahmadzai,0,0,"",""
ball,3,4.4,Netherlands,SJ Myburgh,MJG Rippon,Yamin Ahmadzai,4,0,"",""
ball,3,4.5,Netherlands,SJ Myburgh,MJG Rippon,Yamin Ahmadzai,0,0,"",""
ball,3,4.6,Netherlands,SJ Myburgh,MJG Rippon,Yamin Ahmadzai,0,0,"",""
ball,3,5.1,Netherlands,MJG Rippon,SJ Myburgh,Dawlat Zadran,0,0,"",""
ball,3,5.2,Netherlands,MJG Rippon,SJ Myburgh,Dawlat Zadran,0,0,"",""
ball,3,5.3,Netherlands,MJG Rippon,SJ Myburgh,Dawlat Zadran,4,0,"",""
ball,3,5.4,Netherlands,MJG Rippon,SJ Myburgh,Dawlat Zadran,4,0,"",""
ball,3,5.5,Netherlands,MJG Rippon,SJ Myburgh,Dawlat Zadran,4,0,"",""
ball,3,5.6,Netherlands,MJG Rippon,SJ Myburgh,Dawlat Zadran,0,0,"",""
ball,3,6.1,Netherlands,SJ Myburgh,MJG Rippon,Yamin Ahmadzai,2,0,"",""
ball,3,6.2,Netherlands,SJ Myburgh,MJG Rippon,Yamin Ahmadzai,0,1,"",""
ball,3,6.3,Netherlands,SJ Myburgh,MJG Rippon,Yamin Ahmadzai,0,0,"",""
ball,3,6.4,Netherlands,SJ Myburgh,MJG Rippon,Yamin Ahmadzai,0,0,"",""
ball,3,6.5,Netherlands,SJ Myburgh,MJG Rippon,Yamin Ahmadzai,0,0,"",""
ball,3,6.6,Netherlands,SJ Myburgh,MJG Rippon,Yamin Ahmadzai,1,0,"",""
ball,3,6.7,Netherlands,MJG Rippon,SJ Myburgh,Yamin Ahmadzai,4,0,"",""
ball,3,7.1,Netherlands,SJ Myburgh,MJG Rippon,Dawlat Zadran,0,0,"",""
ball,3,7.2,Netherlands,SJ Myburgh,MJG Rippon,Dawlat Zadran,1,0,"",""
ball,3,7.3,Netherlands,MJG Rippon,SJ Myburgh,Dawlat Zadran,1,0,"",""
ball,3,7.4,Netherlands,SJ Myburgh,MJG Rippon,Dawlat Zadran,0,0,"",""
ball,3,7.5,Netherlands,SJ Myburgh,MJG Rippon,Dawlat Zadran,0,0,"",""
ball,3,7.6,Netherlands,SJ Myburgh,MJG Rippon,Dawlat Zadran,0,1,"",""
ball,3,8.1,Netherlands,SJ Myburgh,MJG Rippon,Mirwais Ashraf,0,0,"",""
ball,3,8.2,Netherlands,SJ Myburgh,MJG Rippon,Mirwais Ashraf,1,0,"",""
ball,3,8.3,Netherlands,MJG Rippon,SJ Myburgh,Mirwais Ashraf,1,0,"",""
ball,3,8.4,Netherlands,SJ Myburgh,MJG Rippon,Mirwais Ashraf,0,0,"",""
ball,3,8.5,Netherlands,SJ Myburgh,MJG Rippon,Mirwais Ashraf,4,0,"",""
ball,3,8.6,Netherlands,SJ Myburgh,MJG Rippon,Mirwais Ashraf,2,0,"",""
ball,3,9.1,Netherlands,MJG Rippon,SJ Myburgh,Mohammad Nabi,0,0,"",""
ball,3,9.2,Netherlands,MJG Rippon,SJ Myburgh,Mohammad Nabi,4,0,"",""
ball,3,9.3,Netherlands,MJG Rippon,SJ Myburgh,Mohammad Nabi,0,0,"",""
ball,3,9.4,Netherlands,MJG Rippon,SJ Myburgh,Mohammad Nabi,1,0,"",""
ball,3,9.5,Netherlands,SJ Myburgh,MJG Rippon,Mohammad Nabi,0,0,bowled,SJ Myburgh
ball,3,9.6,Netherlands,TGJ Gruijters,MJG Rippon,Mohammad Nabi,0,0,"",""
ball,3,10.1,Netherlands,MJG Rippon,TGJ Gruijters,Mirwais Ashraf,1,0,"",""
ball,3,10.2,Netherlands,TGJ Gruijters,MJG Rippon,Mirwais Ashraf,0,0,"",""
ball,3,10.3,Netherlands,TGJ Gruijters,MJG Rippon,Mirwais Ashraf,0,0,"",""
ball,3,10.4,Netherlands,TGJ Gruijters,MJG Rippon,Mirwais Ashraf,0,0,"",""
ball,3,10.5,Netherlands,TGJ Gruijters,MJG Rippon,Mirwais Ashraf,0,0,"",""
ball,3,10.6,Netherlands,TGJ Gruijters,MJG Rippon,Mirwais Ashraf,0,0,"",""
ball,3,11.1,Netherlands,MJG Rippon,TGJ Gruijters,Mohammad Nabi,0,0,"",""
ball,3,11.2,Netherlands,MJG Rippon,TGJ Gruijters,Mohammad Nabi,0,0,"",""
ball,3,11.3,Netherlands,MJG Rippon,TGJ Gruijters,Mohammad Nabi,0,0,"",""
ball,3,11.4,Netherlands,MJG Rippon,TGJ Gruijters,Mohammad Nabi,0,0,"",""
ball,3,11.5,Netherlands,MJG Rippon,TGJ Gruijters,Mohammad Nabi,1,0,"",""
ball,3,11.6,Netherlands,TGJ Gruijters,MJG Rippon,Mohammad Nabi,0,0,"",""
ball,3,12.1,Netherlands,MJG Rippon,TGJ Gruijters,Mirwais Ashraf,0,0,"",""
ball,3,12.2,Netherlands,MJG Rippon,TGJ Gruijters,Mirwais Ashraf,0,0,run out,TGJ Gruijters
ball,3,12.3,Netherlands,PW Borren,MJG Rippon,Mirwais Ashraf,0,0,bowled,PW Borren
ball,3,12.4,Netherlands,RE van der Merwe,MJG Rippon,Mirwais Ashraf,0,0,"",""
ball,3,12.5,Netherlands,RE van der Merwe,MJG Rippon,Mirwais Ashraf,0,0,"",""
ball,3,12.6,Netherlands,RE van der Merwe,MJG Rippon,Mirwais Ashraf,0,0,"",""
ball,3,13.1,Netherlands,MJG Rippon,RE van der Merwe,Mohammad Nabi,1,0,"",""
ball,3,13.2,Netherlands,RE van der Merwe,MJG Rippon,Mohammad Nabi,1,0,"",""
ball,3,13.3,Netherlands,MJG Rippon,RE van der Merwe,Mohammad Nabi,0,0,"",""
ball,3,13.4,Netherlands,MJG Rippon,RE van der Merwe,Mohammad Nabi,0,0,"",""
ball,3,13.5,Netherlands,MJG Rippon,RE van der Merwe,Mohammad Nabi,0,0,"",""
ball,3,13.6,Netherlands,MJG Rippon,RE van der Merwe,Mohammad Nabi,0,0,"",""
ball,3,14.1,Netherlands,RE van der Merwe,MJG Rippon,Mirwais Ashraf,0,0,"",""
ball,3,14.2,Netherlands,RE van der Merwe,MJG Rippon,Mirwais Ashraf,1,0,"",""
ball,3,14.3,Netherlands,MJG Rippon,RE van der Merwe,Mirwais Ashraf,0,0,"",""
ball,3,14.4,Netherlands,MJG Rippon,RE van der Merwe,Mirwais Ashraf,0,0,"",""
ball,3,14.5,Netherlands,MJG Rippon,RE van der Merwe,Mirwais Ashraf,0,0,"",""
ball,3,14.6,Netherlands,MJG Rippon,RE van der Merwe,Mirwais Ashraf,0,0,"",""
ball,3,15.1,Netherlands,RE van der Merwe,MJG Rippon,Mohammad Nabi,1,0,"",""
ball,3,15.2,Netherlands,MJG Rippon,RE van der Merwe,Mohammad Nabi,0,0,"",""
ball,3,15.3,Netherlands,MJG Rippon,RE van der Merwe,Mohammad Nabi,0,0,"",""
ball,3,15.4,Netherlands,MJG Rippon,RE van der Merwe,Mohammad Nabi,0,0,"",""
ball,3,15.5,Netherlands,MJG Rippon,RE van der Merwe,Mohammad Nabi,4,0,"",""
ball,3,15.6,Netherlands,MJG Rippon,RE van der Merwe,Mohammad Nabi,0,0,"",""
ball,3,16.1,Netherlands,RE van der Merwe,MJG Rippon,Mirwais Ashraf,0,0,"",""
ball,3,16.2,Netherlands,RE van der Merwe,MJG Rippon,Mirwais Ashraf,1,0,"",""
ball,3,16.3,Netherlands,MJG Rippon,RE van der Merwe,Mirwais Ashraf,0,0,"",""
ball,3,16.4,Netherlands,MJG Rippon,RE van der Merwe,Mirwais Ashraf,0,0,"",""
ball,3,16.5,Netherlands,MJG Rippon,RE van der Merwe,Mirwais Ashraf,0,1,"",""
ball,3,16.6,Netherlands,MJG Rippon,RE van der Merwe,Mirwais Ashraf,0,0,"",""
ball,3,16.7,Netherlands,MJG Rippon,RE van der Merwe,Mirwais Ashraf,0,0,"",""
ball,3,17.1,Netherlands,RE van der Merwe,MJG Rippon,Mohammad Nabi,1,0,"",""
ball,3,17.2,Netherlands,MJG Rippon,RE van der Merwe,Mohammad Nabi,0,0,"",""
ball,3,17.3,Netherlands,MJG Rippon,RE van der Merwe,Mohammad Nabi,0,0,"",""
ball,3,17.4,Netherlands,MJG Rippon,RE van der Merwe,Mohammad Nabi,0,0,"",""
ball,3,17.5,Netherlands,MJG Rippon,RE van der Merwe,Mohammad Nabi,0,0,"",""
ball,3,17.6,Netherlands,MJG Rippon,RE van der Merwe,Mohammad Nabi,3,0,"",""
ball,3,18.1,Netherlands,MJG Rippon,RE van der Merwe,Yamin Ahmadzai,0,0,"",""
ball,3,18.2,Netherlands,MJG Rippon,RE van der Merwe,Yamin Ahmadzai,0,0,"",""
ball,3,18.3,Netherlands,MJG Rippon,RE van der Merwe,Yamin Ahmadzai,4,0,"",""
ball,3,18.4,Netherlands,MJG Rippon,RE van der Merwe,Yamin Ahmadzai,4,0,"",""
ball,3,18.5,Netherlands,MJG Rippon,RE van der Merwe,Yamin Ahmadzai,0,0,"",""
ball,3,18.6,Netherlands,MJG Rippon,RE van der Merwe,Yamin Ahmadzai,0,0,"",""
ball,3,19.1,Netherlands,RE van der Merwe,MJG Rippon,Mohammad Nabi,0,0,"",""
ball,3,19.2,Netherlands,RE van der Merwe,MJG Rippon,Mohammad Nabi,0,0,"",""
ball,3,19.3,Netherlands,RE van der Merwe,MJG Rippon,Mohammad Nabi,0,0,"",""
ball,3,19.4,Netherlands,RE van der Merwe,MJG Rippon,Mohammad Nabi,0,0,"",""
ball,3,19.5,Netherlands,RE van der Merwe,MJG Rippon,Mohammad Nabi,0,0,"",""
ball,3,19.6,Netherlands,RE van der Merwe,MJG Rippon,Mohammad Nabi,1,0,"",""
ball,3,20.1,Netherlands,RE van der Merwe,MJG Rippon,Yamin Ahmadzai,0,0,"",""
ball,3,20.2,Netherlands,RE van der Merwe,MJG Rippon,Yamin Ahmadzai,0,0,"",""
ball,3,20.3,Netherlands,RE van der Merwe,MJG Rippon,Yamin Ahmadzai,0,0,"",""
ball,3,20.4,Netherlands,RE van der Merwe,MJG Rippon,Yamin Ahmadzai,0,0,"",""
ball,3,20.5,Netherlands,RE van der Merwe,MJG Rippon,Yamin Ahmadzai,0,0,"",""
ball,3,20.6,Netherlands,RE van der Merwe,MJG Rippon,Yamin Ahmadzai,3,0,"",""
ball,3,21.1,Netherlands,RE van der Merwe,MJG Rippon,Mohammad Nabi,1,0,"",""
ball,3,21.2,Netherlands,MJG Rippon,RE van der Merwe,Mohammad Nabi,1,0,"",""
ball,3,21.3,Netherlands,RE van der Merwe,MJG Rippon,Mohammad Nabi,3,0,"",""
ball,3,21.4,Netherlands,MJG Rippon,RE van der Merwe,Mohammad Nabi,2,0,"",""
ball,3,21.5,Netherlands,MJG Rippon,RE van der Merwe,Mohammad Nabi,0,0,"",""
ball,3,21.6,Netherlands,MJG Rippon,RE van der Merwe,Mohammad Nabi,0,0,"",""
ball,3,22.1,Netherlands,RE van der Merwe,MJG Rippon,Yamin Ahmadzai,0,0,"",""
ball,3,22.2,Netherlands,RE van der Merwe,MJG Rippon,Yamin Ahmadzai,1,0,"",""
ball,3,22.3,Netherlands,MJG Rippon,RE van der Merwe,Yamin Ahmadzai,0,0,"",""
ball,3,22.4,Netherlands,MJG Rippon,RE van der Merwe,Yamin Ahmadzai,0,0,"",""
ball,3,22.5,Netherlands,MJG Rippon,RE van der Merwe,Yamin Ahmadzai,4,0,"",""
ball,3,22.6,Netherlands,MJG Rippon,RE van der Merwe,Yamin Ahmadzai,0,0,"",""
ball,3,23.1,Netherlands,RE van der Merwe,MJG Rippon,Zahir Khan,0,0,"",""
ball,3,23.2,Netherlands,RE van der Merwe,MJG Rippon,Zahir Khan,0,0,"",""
ball,3,23.3,Netherlands,RE van der Merwe,MJG Rippon,Zahir Khan,1,0,"",""
ball,3,23.4,Netherlands,MJG Rippon,RE van der Merwe,Zahir Khan,0,0,"",""
ball,3,23.5,Netherlands,MJG Rippon,RE van der Merwe,Zahir Khan,0,0,"",""
ball,3,23.6,Netherlands,MJG Rippon,RE van der Merwe,Zahir Khan,0,1,"",""
ball,3,23.7,Netherlands,MJG Rippon,RE van der Merwe,Zahir Khan,0,0,"",""
ball,3,24.1,Netherlands,RE van der Merwe,MJG Rippon,Dawlat Zadran,1,0,"",""
ball,3,24.2,Netherlands,MJG Rippon,RE van der Merwe,Dawlat Zadran,1,0,"",""
ball,3,24.3,Netherlands,RE van der Merwe,MJG Rippon,Dawlat Zadran,2,0,"",""
ball,3,24.4,Netherlands,RE van der Merwe,MJG Rippon,Dawlat Zadran,0,0,lbw,RE van der Merwe
ball,3,24.5,Netherlands,W Barresi,MJG Rippon,Dawlat Zadran,0,0,"",""
ball,3,24.6,Netherlands,W Barresi,MJG Rippon,Dawlat Zadran,0,0,"",""
ball,3,25.1,Netherlands,MJG Rippon,W Barresi,Zahir Khan,4,0,"",""
ball,3,25.2,Netherlands,MJG Rippon,W Barresi,Zahir Khan,0,0,"",""
ball,3,25.3,Netherlands,MJG Rippon,W Barresi,Zahir Khan,0,0,"",""
ball,3,25.4,Netherlands,MJG Rippon,W Barresi,Zahir Khan,0,0,"",""
ball,3,25.5,Netherlands,MJG Rippon,W Barresi,Zahir Khan,0,0,"",""
ball,3,25.6,Netherlands,MJG Rippon,W Barresi,Zahir Khan,1,0,"",""
ball,3,26.1,Netherlands,MJG Rippon,W Barresi,Dawlat Zadran,0,0,"",""
ball,3,26.2,Netherlands,MJG Rippon,W Barresi,Dawlat Zadran,0,0,"",""
ball,3,26.3,Netherlands,MJG Rippon,W Barresi,Dawlat Zadran,1,0,"",""
ball,3,26.4,Netherlands,W Barresi,MJG Rippon,Dawlat Zadran,0,0,"",""
ball,3,26.5,Netherlands,W Barresi,MJG Rippon,Dawlat Zadran,0,0,"",""
ball,3,26.6,Netherlands,W Barresi,MJG Rippon,Dawlat Zadran,0,0,"",""
ball,3,27.1,Netherlands,MJG Rippon,W Barresi,Zahir Khan,4,0,"",""
ball,3,27.2,Netherlands,MJG Rippon,W Barresi,Zahir Khan,0,3,"",""
ball,3,27.3,Netherlands,W Barresi,MJG Rippon,Zahir Khan,0,0,caught,W Barresi
ball,3,27.4,Netherlands,PM Seelaar,MJG Rippon,Zahir Khan,0,1,"",""
ball,3,27.5,Netherlands,MJG Rippon,PM Seelaar,Zahir Khan,2,0,"",""
ball,3,27.6,Netherlands,MJG Rippon,PM Seelaar,Zahir Khan,0,1,"",""
ball,3,27.7,Netherlands,MJG Rippon,PM Seelaar,Zahir Khan,0,0,"",""
ball,3,28.1,Netherlands,PM Seelaar,MJG Rippon,Dawlat Zadran,0,0,"",""
ball,3,28.2,Netherlands,PM Seelaar,MJG Rippon,Dawlat Zadran,1,0,"",""
ball,3,28.3,Netherlands,MJG Rippon,PM Seelaar,Dawlat Zadran,0,0,"",""
ball,3,28.4,Netherlands,MJG Rippon,PM Seelaar,Dawlat Zadran,0,0,"",""
ball,3,28.5,Netherlands,MJG Rippon,PM Seelaar,Dawlat Zadran,0,0,"",""
ball,3,28.6,Netherlands,MJG Rippon,PM Seelaar,Dawlat Zadran,0,5,"",""
ball,3,28.7,Netherlands,MJG Rippon,PM Seelaar,Dawlat Zadran,0,0,"",""
ball,3,29.1,Netherlands,PM Seelaar,MJG Rippon,Zahir Khan,0,0,"",""
ball,3,29.2,Netherlands,PM Seelaar,MJG Rippon,Zahir Khan,0,0,"",""
ball,3,29.3,Netherlands,PM Seelaar,MJG Rippon,Zahir Khan,0,0,lbw,PM Seelaar
ball,3,29.4,Netherlands,Mudassar Bukhari,MJG Rippon,Zahir Khan,1,0,"",""
ball,3,29.5,Netherlands,MJG Rippon,Mudassar Bukhari,Zahir Khan,0,0,"",""
ball,3,29.6,Netherlands,MJG Rippon,Mudassar Bukhari,Zahir Khan,2,0,"",""
ball,3,30.1,Netherlands,Mudassar Bukhari,MJG Rippon,Dawlat Zadran,2,0,"",""
ball,3,30.2,Netherlands,Mudassar Bukhari,MJG Rippon,Dawlat Zadran,0,0,"",""
ball,3,30.3,Netherlands,Mudassar Bukhari,MJG Rippon,Dawlat Zadran,1,0,"",""
ball,3,30.4,Netherlands,MJG Rippon,Mudassar Bukhari,Dawlat Zadran,0,0,"",""
ball,3,30.5,Netherlands,MJG Rippon,Mudassar Bukhari,Dawlat Zadran,0,0,"",""
ball,3,30.6,Netherlands,MJG Rippon,Mudassar Bukhari,Dawlat Zadran,0,0,"",""
ball,3,31.1,Netherlands,Mudassar Bukhari,MJG Rippon,Zahir Khan,1,0,"",""
ball,3,31.2,Netherlands,MJG Rippon,Mudassar Bukhari,Zahir Khan,1,0,"",""
ball,3,31.3,Netherlands,Mudassar Bukhari,MJG Rippon,Zahir Khan,3,0,"",""
ball,3,31.4,Netherlands,MJG Rippon,Mudassar Bukhari,Zahir Khan,0,0,"",""
ball,3,31.5,Netherlands,MJG Rippon,Mudassar Bukhari,Zahir Khan,0,0,"",""
ball,3,31.6,Netherlands,MJG Rippon,Mudassar Bukhari,Zahir Khan,0,0,"",""
ball,3,32.1,Netherlands,Mudassar Bukhari,MJG Rippon,Dawlat Zadran,0,0,"",""
ball,3,32.2,Netherlands,Mudassar Bukhari,MJG Rippon,Dawlat Zadran,2,0,"",""
ball,3,32.3,Netherlands,Mudassar Bukhari,MJG Rippon,Dawlat Zadran,1,0,"",""
ball,3,32.4,Netherlands,MJG Rippon,Mudassar Bukhari,Dawlat Zadran,0,1,"",""
ball,3,32.5,Netherlands,MJG Rippon,Mudassar Bukhari,Dawlat Zadran,1,0,"",""
ball,3,32.6,Netherlands,Mudassar Bukhari,MJG Rippon,Dawlat Zadran,0,1,"",""
ball,3,32.7,Netherlands,MJG Rippon,Mudassar Bukhari,Dawlat Zadran,0,0,"",""
ball,3,33.1,Netherlands,Mudassar Bukhari,MJG Rippon,Zahir Khan,0,0,bowled,Mudassar Bukhari
ball,3,33.2,Netherlands,S Snater,MJG Rippon,Zahir Khan,2,0,"",""
ball,3,33.3,Netherlands,S Snater,MJG Rippon,Zahir Khan,0,0,"",""
ball,3,33.4,Netherlands,S Snater,MJG Rippon,Zahir Khan,0,0,"",""
ball,3,33.5,Netherlands,S Snater,MJG Rippon,Zahir Khan,0,0,"",""
ball,3,33.6,Netherlands,S Snater,MJG Rippon,Zahir Khan,0,0,"",""
ball,3,34.1,Netherlands,MJG Rippon,S Snater,Dawlat Zadran,0,0,"",""
ball,3,34.2,Netherlands,MJG Rippon,S Snater,Dawlat Zadran,0,0,"",""
ball,3,34.3,Netherlands,MJG Rippon,S Snater,Dawlat Zadran,1,0,"",""
ball,3,34.4,Netherlands,S Snater,MJG Rippon,Dawlat Zadran,0,0,"",""
ball,3,34.5,Netherlands,S Snater,MJG Rippon,Dawlat Zadran,0,0,"",""
ball,3,34.6,Netherlands,S Snater,MJG Rippon,Dawlat Zadran,0,0,"",""
ball,3,35.1,Netherlands,MJG Rippon,S Snater,Zahir Khan,0,0,"",""
ball,3,35.2,Netherlands,MJG Rippon,S Snater,Zahir Khan,0,0,"",""
ball,3,35.3,Netherlands,MJG Rippon,S Snater,Zahir Khan,1,0,"",""
ball,3,35.4,Netherlands,S Snater,MJG Rippon,Zahir Khan,0,0,"",""
ball,3,35.5,Netherlands,S Snater,MJG Rippon,Zahir Khan,0,0,"",""
ball,3,35.6,Netherlands,S Snater,MJG Rippon,Zahir Khan,2,0,"",""
ball,3,36.1,Netherlands,MJG Rippon,S Snater,Dawlat Zadran,0,0,"",""
ball,3,36.2,Netherlands,MJG Rippon,S Snater,Dawlat Zadran,1,0,"",""
ball,3,36.3,Netherlands,S Snater,MJG Rippon,Dawlat Zadran,0,0,"",""
ball,3,36.4,Netherlands,S Snater,MJG Rippon,Dawlat Zadran,0,0,"",""
ball,3,36.5,Netherlands,S Snater,MJG Rippon,Dawlat Zadran,0,0,"",""
ball,3,36.6,Netherlands,S Snater,MJG Rippon,Dawlat Zadran,0,0,caught,S Snater
ball,3,37.1,Netherlands,PA van Meekeren,MJG Rippon,Zahir Khan,0,0,"",""
ball,3,37.2,Netherlands,PA van Meekeren,MJG Rippon,Zahir Khan,0,0,"",""
ball,3,37.3,Netherlands,PA van Meekeren,MJG Rippon,Zahir Khan,0,0,"",""
ball,3,37.4,Netherlands,PA van Meekeren,MJG Rippon,Zahir Khan,0,0,"",""
ball,3,37.5,Netherlands,PA van Meekeren,MJG Rippon,Zahir Khan,0,0,"",""
ball,3,37.6,Netherlands,PA van Meekeren,MJG Rippon,Zahir Khan,0,0,"",""
ball,3,38.1,Netherlands,MJG Rippon,PA van Meekeren,Dawlat Zadran,1,0,"",""
ball,3,38.2,Netherlands,PA van Meekeren,MJG Rippon,Dawlat Zadran,0,0,bowled,PA van Meekeren
ball,3,38.3,Netherlands,VJ Kingma,MJG Rippon,Dawlat Zadran,0,0,"",""
ball,3,38.4,Netherlands,VJ Kingma,MJG Rippon,Dawlat Zadran,0,0,"",""
ball,3,38.5,Netherlands,VJ Kingma,MJG Rippon,Dawlat Zadran,0,0,"",""
ball,3,38.6,Netherlands,VJ Kingma,MJG Rippon,Dawlat Zadran,0,0,"",""
ball,3,39.1,Netherlands,MJG Rippon,VJ Kingma,Zahir Khan,1,0,"",""
ball,3,39.2,Netherlands,VJ Kingma,MJG Rippon,Zahir Khan,0,0,"",""
ball,3,39.3,Netherlands,VJ Kingma,MJG Rippon,Zahir Khan,0,0,"",""
ball,3,39.4,Netherlands,VJ Kingma,MJG Rippon,Zahir Khan,0,0,"",""
ball,3,39.5,Netherlands,VJ Kingma,MJG Rippon,Zahir Khan,0,0,"",""
ball,3,39.6,Netherlands,VJ Kingma,MJG Rippon,Zahir Khan,0,0,"",""
ball,3,40.1,Netherlands,MJG Rippon,VJ Kingma,Dawlat Zadran,1,0,"",""
ball,3,40.2,Netherlands,VJ Kingma,MJG Rippon,Dawlat Zadran,0,0,"",""
ball,3,40.3,Netherlands,VJ Kingma,MJG Rippon,Dawlat Zadran,1,0,"",""
ball,3,40.4,Netherlands,MJG Rippon,VJ Kingma,Dawlat Zadran,0,0,"",""
ball,3,40.5,Netherlands,MJG Rippon,VJ Kingma,Dawlat Zadran,0,0,"",""
ball,3,40.6,Netherlands,MJG Rippon,VJ Kingma,Dawlat Zadran,0,0,"",""
ball,3,41.1,Netherlands,VJ Kingma,MJG Rippon,Zahir Khan,0,0,"",""
ball,3,41.2,Netherlands,VJ Kingma,MJG Rippon,Zahir Khan,1,0,"",""
ball,3,41.3,Netherlands,MJG Rippon,VJ Kingma,Zahir Khan,0,0,"",""
ball,3,41.4,Netherlands,MJG Rippon,VJ Kingma,Zahir Khan,0,0,"",""
ball,3,41.5,Netherlands,MJG Rippon,VJ Kingma,Zahir Khan,0,0,"",""
ball,3,41.6,Netherlands,MJG Rippon,VJ Kingma,Zahir Khan,0,0,"",""
ball,3,42.1,Netherlands,VJ Kingma,MJG Rippon,Dawlat Zadran,0,0,"",""
ball,3,42.2,Netherlands,VJ Kingma,MJG Rippon,Dawlat Zadran,1,0,"",""
ball,3,42.3,Netherlands,MJG Rippon,VJ Kingma,Dawlat Zadran,1,0,"",""
ball,3,42.4,Netherlands,VJ Kingma,MJG Rippon,Dawlat Zadran,0,0,"",""
ball,3,42.5,Netherlands,VJ Kingma,MJG Rippon,Dawlat Zadran,0,0,"",""
ball,3,42.6,Netherlands,VJ Kingma,MJG Rippon,Dawlat Zadran,2,0,"",""
ball,3,43.1,Netherlands,MJG Rippon,VJ Kingma,Zahir Khan,0,0,lbw,MJG Rippon
