version,1.3.0
info,team,Ireland
info,team,Hong Kong
info,gender,male
info,season,2016
info,date,2016/09/05
info,series,Hong Kong in Ireland T20I Series
info,match_number,1
info,venue,"Bready Cricket Club, Magheramason"
info,city,Londonderry
info,toss_winner,Hong Kong
info,toss_decision,bat
info,umpire,R Black
info,umpire,AJ Neill
info,reserve_umpire,AJT Dowdalls
info,match_referee,DT Jukes
info,winner,Hong Kong
info,winner_runs,40
ball,1,0.1,Hong Kong,Nizakat Khan,Aizaz Khan,J Little,1,0,"",""
ball,1,0.2,Hong Kong,Aizaz Khan,Nizakat Khan,J Little,0,0,"",""
ball,1,0.3,Hong Kong,Aizaz Khan,Nizakat Khan,J Little,2,0,"",""
ball,1,0.4,Hong Kong,Aizaz Khan,Nizakat Khan,J Little,0,0,"",""
ball,1,0.5,Hong Kong,Aizaz Khan,Nizakat Khan,J Little,0,0,"",""
ball,1,0.6,Hong Kong,Aizaz Khan,Nizakat Khan,J Little,0,0,"",""
ball,1,1.1,Hong Kong,Nizakat Khan,Aizaz Khan,CA Young,0,0,"",""
ball,1,1.2,Hong Kong,Nizakat Khan,Aizaz Khan,CA Young,6,0,"",""
ball,1,1.3,Hong Kong,Nizakat Khan,Aizaz Khan,CA Young,1,0,"",""
ball,1,1.4,Hong Kong,Aizaz Khan,Nizakat Khan,CA Young,1,0,"",""
ball,1,1.5,Hong Kong,Nizakat Khan,Aizaz Khan,CA Young,4,0,"",""
ball,1,1.6,Hong Kong,Nizakat Khan,Aizaz Khan,CA Young,0,0,"",""
ball,1,2.1,Hong Kong,Aizaz Khan,Nizakat Khan,J Little,0,0,"",""
ball,1,2.2,Hong Kong,Aizaz Khan,Nizakat Khan,J Little,0,1,"",""
ball,1,2.3,Hong Kong,Aizaz Khan,Nizakat Khan,J Little,1,0,"",""
ball,1,2.4,Hong Kong,Nizakat Khan,Aizaz Khan,J Little,0,0,"",""
ball,1,2.5,Hong Kong,Nizakat Khan,Aizaz Khan,J Little,0,0,"",""
ball,1,2.6,Hong Kong,Nizakat Khan,Aizaz Khan,J Little,1,0,"",""
ball,1,2.7,Hong Kong,Aizaz Khan,Nizakat Khan,J Little,0,0,"",""
ball,1,3.1,Hong Kong,Nizakat Khan,Aizaz Khan,KJ O'Brien,4,0,"",""
ball,1,3.2,Hong Kong,Nizakat Khan,Aizaz Khan,KJ O'Brien,0,0,"",""
ball,1,3.3,Hong Kong,Nizakat Khan,Aizaz Khan,KJ O'Brien,0,0,"",""
ball,1,3.4,Hong Kong,Nizakat Khan,Aizaz Khan,KJ O'Brien,4,0,"",""
ball,1,3.5,Hong Kong,Nizakat Khan,Aizaz Khan,KJ O'Brien,4,0,"",""
ball,1,3.6,Hong Kong,Nizakat Khan,Aizaz Khan,KJ O'Brien,2,0,"",""
ball,1,4.1,Hong Kong,Aizaz Khan,Nizakat Khan,CA Young,1,0,"",""
ball,1,4.2,Hong Kong,Nizakat Khan,Aizaz Khan,CA Young,2,0,"",""
ball,1,4.3,Hong Kong,Nizakat Khan,Aizaz Khan,CA Young,4,1,"",""
ball,1,4.4,Hong Kong,Nizakat Khan,Aizaz Khan,CA Young,1,0,"",""
ball,1,4.5,Hong Kong,Aizaz Khan,Nizakat Khan,CA Young,0,0,caught,Aizaz Khan
ball,1,4.6,Hong Kong,Babar Hayat,Nizakat Khan,CA Young,2,0,"",""
ball,1,4.7,Hong Kong,Babar Hayat,Nizakat Khan,CA Young,4,1,"",""
ball,1,4.8,Hong Kong,Babar Hayat,Nizakat Khan,CA Young,6,0,"",""
ball,1,5.1,Hong Kong,Nizakat Khan,Babar Hayat,AR McBrine,0,0,"",""
ball,1,5.2,Hong Kong,Nizakat Khan,Babar Hayat,AR McBrine,4,0,"",""
ball,1,5.3,Hong Kong,Nizakat Khan,Babar Hayat,AR McBrine,0,0,"",""
ball,1,5.4,Hong Kong,Nizakat Khan,Babar Hayat,AR McBrine,4,0,"",""
ball,1,5.5,Hong Kong,Nizakat Khan,Babar Hayat,AR McBrine,0,0,"",""
ball,1,5.6,Hong Kong,Nizakat Khan,Babar Hayat,AR McBrine,1,0,"",""
ball,1,6.1,Hong Kong,Nizakat Khan,Babar Hayat,J Mulder,2,0,"",""
ball,1,6.2,Hong Kong,Nizakat Khan,Babar Hayat,J Mulder,1,0,"",""
ball,1,6.3,Hong Kong,Babar Hayat,Nizakat Khan,J Mulder,1,0,"",""
ball,1,6.4,Hong Kong,Nizakat Khan,Babar Hayat,J Mulder,0,0,"",""
ball,1,6.5,Hong Kong,Nizakat Khan,Babar Hayat,J Mulder,0,0,"",""
ball,1,6.6,Hong Kong,Nizakat Khan,Babar Hayat,J Mulder,0,0,"",""
ball,1,7.1,Hong Kong,Babar Hayat,Nizakat Khan,AR McBrine,1,0,"",""
ball,1,7.2,Hong Kong,Nizakat Khan,Babar Hayat,AR McBrine,1,0,"",""
ball,1,7.3,Hong Kong,Babar Hayat,Nizakat Khan,AR McBrine,0,0,"",""
ball,1,7.4,Hong Kong,Babar Hayat,Nizakat Khan,AR McBrine,0,0,"",""
ball,1,7.5,Hong Kong,Babar Hayat,Nizakat Khan,AR McBrine,1,0,"",""
ball,1,7.6,Hong Kong,Nizakat Khan,Babar Hayat,AR McBrine,1,0,"",""
ball,1,8.1,Hong Kong,Nizakat Khan,Babar Hayat,J Mulder,0,0,"",""
ball,1,8.2,Hong Kong,Nizakat Khan,Babar Hayat,J Mulder,0,0,"",""
ball,1,8.3,Hong Kong,Nizakat Khan,Babar Hayat,J Mulder,1,0,"",""
ball,1,8.4,Hong Kong,Babar Hayat,Nizakat Khan,J Mulder,1,0,"",""
ball,1,8.5,Hong Kong,Nizakat Khan,Babar Hayat,J Mulder,2,0,"",""
ball,1,8.6,Hong Kong,Nizakat Khan,Babar Hayat,J Mulder,6,0,"",""
ball,1,9.1,Hong Kong,Babar Hayat,Nizakat Khan,AR McBrine,2,0,"",""
ball,1,9.2,Hong Kong,Babar Hayat,Nizakat Khan,AR McBrine,0,0,"",""
ball,1,9.3,Hong Kong,Babar Hayat,Nizakat Khan,AR McBrine,1,0,"",""
ball,1,9.4,Hong Kong,Nizakat Khan,Babar Hayat,AR McBrine,1,0,"",""
ball,1,9.5,Hong Kong,Babar Hayat,Nizakat Khan,AR McBrine,2,0,"",""
ball,1,9.6,Hong Kong,Babar Hayat,Nizakat Khan,AR McBrine,0,0,"",""
ball,1,10.1,Hong Kong,Nizakat Khan,Babar Hayat,KJ O'Brien,1,0,"",""
ball,1,10.2,Hong Kong,Babar Hayat,Nizakat Khan,KJ O'Brien,1,0,"",""
ball,1,10.3,Hong Kong,Nizakat Khan,Babar Hayat,KJ O'Brien,1,0,"",""
ball,1,10.4,Hong Kong,Babar Hayat,Nizakat Khan,KJ O'Brien,3,0,"",""
ball,1,10.5,Hong Kong,Nizakat Khan,Babar Hayat,KJ O'Brien,1,0,"",""
ball,1,10.6,Hong Kong,Babar Hayat,Nizakat Khan,KJ O'Brien,0,0,"",""
ball,1,11.1,Hong Kong,Nizakat Khan,Babar Hayat,J Mulder,0,0,"",""
ball,1,11.2,Hong Kong,Nizakat Khan,Babar Hayat,J Mulder,1,0,"",""
ball,1,11.3,Hong Kong,Babar Hayat,Nizakat Khan,J Mulder,1,0,"",""
ball,1,11.4,Hong Kong,Nizakat Khan,Babar Hayat,J Mulder,0,1,"",""
ball,1,11.5,Hong Kong,Nizakat Khan,Babar Hayat,J Mulder,0,0,caught,Nizakat Khan
ball,1,11.6,Hong Kong,Anshuman Rath,Babar Hayat,J Mulder,0,0,"",""
ball,1,11.7,Hong Kong,Anshuman Rath,Babar Hayat,J Mulder,0,0,"",""
ball,1,12.1,Hong Kong,Babar Hayat,Anshuman Rath,J Little,2,0,"",""
ball,1,12.2,Hong Kong,Babar Hayat,Anshuman Rath,J Little,1,0,"",""
ball,1,12.3,Hong Kong,Anshuman Rath,Babar Hayat,J Little,1,0,"",""
ball,1,12.4,Hong Kong,Babar Hayat,Anshuman Rath,J Little,1,0,"",""
ball,1,12.5,Hong Kong,Anshuman Rath,Babar Hayat,J Little,4,0,"",""
ball,1,12.6,Hong Kong,Anshuman Rath,Babar Hayat,J Little,1,0,"",""
ball,1,13.1,Hong Kong,Anshuman Rath,Babar Hayat,AR McBrine,0,0,bowled,Anshuman Rath
ball,1,13.2,Hong Kong,Ehsan Khan,Babar Hayat,AR McBrine,0,0,"",""
ball,1,13.3,Hong Kong,Ehsan Khan,Babar Hayat,AR McBrine,1,0,"",""
ball,1,13.4,Hong Kong,Babar Hayat,Ehsan Khan,AR McBrine,1,0,"",""
ball,1,13.5,Hong Kong,Ehsan Khan,Babar Hayat,AR McBrine,0,0,"",""
ball,1,13.6,Hong Kong,Ehsan Khan,Babar Hayat,AR McBrine,1,0,"",""
ball,1,14.1,Hong Kong,Ehsan Khan,Babar Hayat,CA Young,1,0,"",""
ball,1,14.2,Hong Kong,Babar Hayat,Ehsan Khan,CA Young,2,0,"",""
ball,1,14.3,Hong Kong,Babar Hayat,Ehsan Khan,CA Young,6,0,"",""
ball,1,14.4,Hong Kong,Babar Hayat,Ehsan Khan,CA Young,2,0,"",""
ball,1,14.5,Hong Kong,Babar Hayat,Ehsan Khan,CA Young,1,0,"",""
ball,1,14.6,Hong Kong,Ehsan Khan,Babar Hayat,CA Young,0,0,"",""
ball,1,15.1,Hong Kong,Babar Hayat,Ehsan Khan,J Mulder,4,0,"",""
ball,1,15.2,Hong Kong,Babar Hayat,Ehsan Khan,J Mulder,1,0,"",""
ball,1,15.3,Hong Kong,Ehsan Khan,Babar Hayat,J Mulder,0,1,"",""
ball,1,15.4,Hong Kong,Babar Hayat,Ehsan Khan,J Mulder,1,0,"",""
ball,1,15.5,Hong Kong,Ehsan Khan,Babar Hayat,J Mulder,1,0,"",""
ball,1,15.6,Hong Kong,Babar Hayat,Ehsan Khan,J Mulder,1,0,"",""
ball,1,16.1,Hong Kong,Babar Hayat,Ehsan Khan,KJ O'Brien,0,0,caught,Babar Hayat
ball,1,16.2,Hong Kong,Ehsan Khan,Tanwir Afzal,KJ O'Brien,1,0,"",""
ball,1,16.3,Hong Kong,Tanwir Afzal,Ehsan Khan,KJ O'Brien,1,0,"",""
ball,1,16.4,Hong Kong,Ehsan Khan,Tanwir Afzal,KJ O'Brien,0,0,"",""
ball,1,16.5,Hong Kong,Ehsan Khan,Tanwir Afzal,KJ O'Brien,4,0,"",""
ball,1,16.6,Hong Kong,Ehsan Khan,Tanwir Afzal,KJ O'Brien,4,0,"",""
ball,1,17.1,Hong Kong,Tanwir Afzal,Ehsan Khan,J Little,1,0,"",""
ball,1,17.2,Hong Kong,Ehsan Khan,Tanwir Afzal,J Little,2,0,"",""
ball,1,17.3,Hong Kong,Ehsan Khan,Tanwir Afzal,J Little,1,0,"",""
ball,1,17.4,Hong Kong,Tanwir Afzal,Ehsan Khan,J Little,0,0,"",""
ball,1,17.5,Hong Kong,Tanwir Afzal,Ehsan Khan,J Little,0,0,"",""
ball,1,17.6,Hong Kong,Tanwir Afzal,Ehsan Khan,J Little,0,1,"",""
ball,1,17.7,Hong Kong,Tanwir Afzal,Ehsan Khan,J Little,4,0,"",""
ball,1,18.1,Hong Kong,Ehsan Khan,Tanwir Afzal,CA Young,0,1,"",""
ball,1,18.2,Hong Kong,Ehsan Khan,Tanwir Afzal,CA Young,0,0,"",""
ball,1,18.3,Hong Kong,Ehsan Khan,Tanwir Afzal,CA Young,1,0,run out,Tanwir Afzal
ball,1,18.4,Hong Kong,Ehsan Khan,Shahid Wasif,CA Young,1,0,"",""
ball,1,18.5,Hong Kong,Shahid Wasif,Ehsan Khan,CA Young,1,0,"",""
ball,1,18.6,Hong Kong,Ehsan Khan,Shahid Wasif,CA Young,6,0,"",""
ball,1,18.7,Hong Kong,Ehsan Khan,Shahid Wasif,CA Young,0,0,"",""
ball,1,19.1,Hong Kong,Shahid Wasif,Ehsan Khan,KJ O'Brien,1,0,"",""
ball,1,19.2,Hong Kong,Ehsan Khan,Shahid Wasif,KJ O'Brien,3,0,"",""
ball,1,19.3,Hong Kong,Shahid Wasif,Ehsan Khan,KJ O'Brien,0,0,"",""
ball,1,19.4,Hong Kong,Shahid Wasif,Ehsan Khan,KJ O'Brien,0,1,"",""
ball,1,19.5,Hong Kong,Shahid Wasif,Ehsan Khan,KJ O'Brien,0,1,"",""
ball,1,19.6,Hong Kong,Ehsan Khan,Shahid Wasif,KJ O'Brien,0,0,"",""
ball,1,19.7,Hong Kong,Ehsan Khan,Shahid Wasif,KJ O'Brien,0,1,"",""
ball,1,19.8,Hong Kong,Ehsan Khan,Shahid Wasif,KJ O'Brien,2,0,"",""
ball,2,0.1,Ireland,WTS Porterfield,DA Rankin,Tanwir Afzal,3,0,"",""
ball,2,0.2,Ireland,DA Rankin,WTS Porterfield,Tanwir Afzal,0,0,"",""
ball,2,0.3,Ireland,DA Rankin,WTS Porterfield,Tanwir Afzal,0,0,"",""
ball,2,0.4,Ireland,DA Rankin,WTS Porterfield,Tanwir Afzal,0,0,"",""
ball,2,0.5,Ireland,DA Rankin,WTS Porterfield,Tanwir Afzal,1,0,"",""
ball,2,0.6,Ireland,WTS Porterfield,DA Rankin,Tanwir Afzal,1,0,"",""
ball,2,1.1,Ireland,WTS Porterfield,DA Rankin,Nadeem Ahmed,0,0,"",""
ball,2,1.2,Ireland,WTS Porterfield,DA Rankin,Nadeem Ahmed,0,0,"",""
ball,2,1.3,Ireland,WTS Porterfield,DA Rankin,Nadeem Ahmed,0,0,caught,WTS Porterfield
ball,2,1.4,Ireland,SP Terry,DA Rankin,Nadeem Ahmed,0,0,"",""
ball,2,1.5,Ireland,SP Terry,DA Rankin,Nadeem Ahmed,0,0,"",""
ball,2,1.6,Ireland,SP Terry,DA Rankin,Nadeem Ahmed,1,0,"",""
ball,2,2.1,Ireland,SP Terry,DA Rankin,Tanwir Afzal,1,0,"",""
ball,2,2.2,Ireland,DA Rankin,SP Terry,Tanwir Afzal,0,0,"",""
ball,2,2.3,Ireland,DA Rankin,SP Terry,Tanwir Afzal,1,0,"",""
ball,2,2.4,Ireland,SP Terry,DA Rankin,Tanwir Afzal,2,0,"",""
ball,2,2.5,Ireland,SP Terry,DA Rankin,Tanwir Afzal,0,0,bowled,SP Terry
ball,2,2.6,Ireland,JNK Shannon,DA Rankin,Tanwir Afzal,0,0,"",""
ball,2,3.1,Ireland,DA Rankin,JNK Shannon,Nadeem Ahmed,4,0,"",""
ball,2,3.2,Ireland,DA Rankin,JNK Shannon,Nadeem Ahmed,0,0,"",""
ball,2,3.3,Ireland,DA Rankin,JNK Shannon,Nadeem Ahmed,2,0,"",""
ball,2,3.4,Ireland,DA Rankin,JNK Shannon,Nadeem Ahmed,0,0,"",""
ball,2,3.5,Ireland,DA Rankin,JNK Shannon,Nadeem Ahmed,1,0,"",""
ball,2,3.6,Ireland,JNK Shannon,DA Rankin,Nadeem Ahmed,0,1,"",""
ball,2,3.7,Ireland,JNK Shannon,DA Rankin,Nadeem Ahmed,0,0,"",""
ball,2,4.1,Ireland,DA Rankin,JNK Shannon,Tanwir Afzal,0,0,"",""
ball,2,4.2,Ireland,DA Rankin,JNK Shannon,Tanwir Afzal,6,0,"",""
ball,2,4.3,Ireland,DA Rankin,JNK Shannon,Tanwir Afzal,0,0,"",""
ball,2,4.4,Ireland,DA Rankin,JNK Shannon,Tanwir Afzal,0,0,"",""
ball,2,4.5,Ireland,DA Rankin,JNK Shannon,Tanwir Afzal,0,0,"",""
ball,2,4.6,Ireland,DA Rankin,JNK Shannon,Tanwir Afzal,0,0,bowled,DA Rankin
ball,2,5.1,Ireland,JNK Shannon,KJ O'Brien,Aizaz Khan,0,0,"",""
ball,2,5.2,Ireland,JNK Shannon,KJ O'Brien,Aizaz Khan,0,0,caught,JNK Shannon
ball,2,5.3,Ireland,GJ Thompson,KJ O'Brien,Aizaz Khan,1,0,"",""
ball,2,5.4,Ireland,KJ O'Brien,GJ Thompson,Aizaz Khan,1,0,"",""
ball,2,5.5,Ireland,GJ Thompson,KJ O'Brien,Aizaz Khan,0,0,"",""
ball,2,5.6,Ireland,GJ Thompson,KJ O'Brien,Aizaz Khan,0,0,"",""
ball,2,6.1,Ireland,KJ O'Brien,GJ Thompson,Tanwir Afzal,0,1,"",""
ball,2,6.2,Ireland,GJ Thompson,KJ O'Brien,Tanwir Afzal,1,0,"",""
ball,2,6.3,Ireland,KJ O'Brien,GJ Thompson,Tanwir Afzal,0,0,"",""
ball,2,6.4,Ireland,KJ O'Brien,GJ Thompson,Tanwir Afzal,1,0,"",""
ball,2,6.5,Ireland,GJ Thompson,KJ O'Brien,Tanwir Afzal,1,0,"",""
ball,2,6.6,Ireland,KJ O'Brien,GJ Thompson,Tanwir Afzal,0,0,"",""
ball,2,7.1,Ireland,GJ Thompson,KJ O'Brien,Ehsan Nawaz,0,0,"",""
ball,2,7.2,Ireland,GJ Thompson,KJ O'Brien,Ehsan Nawaz,1,0,"",""
ball,2,7.3,Ireland,KJ O'Brien,GJ Thompson,Ehsan Nawaz,4,1,"",""
ball,2,7.4,Ireland,KJ O'Brien,GJ Thompson,Ehsan Nawaz,1,0,"",""
ball,2,7.5,Ireland,GJ Thompson,KJ O'Brien,Ehsan Nawaz,2,0,"",""
ball,2,7.6,Ireland,GJ Thompson,KJ O'Brien,Ehsan Nawaz,0,0,"",""
ball,2,7.7,Ireland,GJ Thompson,KJ O'Brien,Ehsan Nawaz,4,0,"",""
ball,2,8.1,Ireland,KJ O'Brien,GJ Thompson,Ehsan Khan,0,1,"",""
ball,2,8.2,Ireland,KJ O'Brien,GJ Thompson,Ehsan Khan,4,0,"",""
ball,2,8.3,Ireland,KJ O'Brien,GJ Thompson,Ehsan Khan,1,0,"",""
ball,2,8.4,Ireland,GJ Thompson,KJ O'Brien,Ehsan Khan,1,0,"",""
ball,2,8.5,Ireland,KJ O'Brien,GJ Thompson,Ehsan Khan,0,0,"",""
ball,2,8.6,Ireland,KJ O'Brien,GJ Thompson,Ehsan Khan,0,0,"",""
ball,2,8.7,Ireland,KJ O'Brien,GJ Thompson,Ehsan Khan,1,0,"",""
ball,2,9.1,Ireland,KJ O'Brien,GJ Thompson,Nadeem Ahmed,0,0,"",""
ball,2,9.2,Ireland,KJ O'Brien,GJ Thompson,Nadeem Ahmed,6,0,"",""
ball,2,9.3,Ireland,KJ O'Brien,GJ Thompson,Nadeem Ahmed,1,0,"",""
ball,2,9.4,Ireland,GJ Thompson,KJ O'Brien,Nadeem Ahmed,4,0,"",""
ball,2,9.5,Ireland,GJ Thompson,KJ O'Brien,Nadeem Ahmed,1,0,"",""
ball,2,9.6,Ireland,KJ O'Brien,GJ Thompson,Nadeem Ahmed,1,0,"",""
ball,2,10.1,Ireland,KJ O'Brien,GJ Thompson,Ehsan Khan,2,0,"",""
ball,2,10.2,Ireland,KJ O'Brien,GJ Thompson,Ehsan Khan,1,0,"",""
ball,2,10.3,Ireland,GJ Thompson,KJ O'Brien,Ehsan Khan,0,0,"",""
ball,2,10.4,Ireland,GJ Thompson,KJ O'Brien,Ehsan Khan,0,0,"",""
ball,2,10.5,Ireland,GJ Thompson,KJ O'Brien,Ehsan Khan,1,0,"",""
ball,2,10.6,Ireland,KJ O'Brien,GJ Thompson,Ehsan Khan,1,0,"",""
ball,2,11.1,Ireland,KJ O'Brien,GJ Thompson,Tanveer Ahmed,0,1,"",""
ball,2,11.2,Ireland,KJ O'Brien,GJ Thompson,Tanveer Ahmed,0,0,"",""
ball,2,11.3,Ireland,KJ O'Brien,GJ Thompson,Tanveer Ahmed,1,0,"",""
ball,2,11.4,Ireland,GJ Thompson,KJ O'Brien,Tanveer Ahmed,4,0,"",""
ball,2,11.5,Ireland,GJ Thompson,KJ O'Brien,Tanveer Ahmed,1,0,"",""
ball,2,11.6,Ireland,KJ O'Brien,GJ Thompson,Tanveer Ahmed,2,0,"",""
ball,2,11.7,Ireland,KJ O'Brien,GJ Thompson,Tanveer Ahmed,4,0,"",""
ball,2,12.1,Ireland,GJ Thompson,KJ O'Brien,Ehsan Khan,1,0,"",""
ball,2,12.2,Ireland,KJ O'Brien,GJ Thompson,Ehsan Khan,0,0,caught,KJ O'Brien
ball,2,12.3,Ireland,AR McBrine,GJ Thompson,Ehsan Khan,1,0,"",""
ball,2,12.4,Ireland,GJ Thompson,AR McBrine,Ehsan Khan,0,4,"",""
ball,2,12.5,Ireland,GJ Thompson,AR McBrine,Ehsan Khan,1,0,"",""
ball,2,12.6,Ireland,AR McBrine,GJ Thompson,Ehsan Khan,2,0,"",""
ball,2,13.1,Ireland,GJ Thompson,AR McBrine,Tanveer Ahmed,4,0,"",""
ball,2,13.2,Ireland,GJ Thompson,AR McBrine,Tanveer Ahmed,4,0,"",""
ball,2,13.3,Ireland,GJ Thompson,AR McBrine,Tanveer Ahmed,4,0,"",""
ball,2,13.4,Ireland,GJ Thompson,AR McBrine,Tanveer Ahmed,0,0,"",""
ball,2,13.5,Ireland,GJ Thompson,AR McBrine,Tanveer Ahmed,1,0,"",""
ball,2,13.6,Ireland,AR McBrine,GJ Thompson,Tanveer Ahmed,0,1,"",""
ball,2,14.1,Ireland,AR McBrine,GJ Thompson,Ehsan Khan,0,0,"",""
ball,2,14.2,Ireland,AR McBrine,GJ Thompson,Ehsan Khan,2,0,"",""
ball,2,14.3,Ireland,AR McBrine,GJ Thompson,Ehsan Khan,4,0,"",""
ball,2,14.4,Ireland,AR McBrine,GJ Thompson,Ehsan Khan,0,0,"",""
ball,2,14.5,Ireland,AR McBrine,GJ Thompson,Ehsan Khan,1,0,"",""
ball,2,14.6,Ireland,GJ Thompson,AR McBrine,Ehsan Khan,1,0,"",""
ball,2,15.1,Ireland,GJ Thompson,AR McBrine,Nadeem Ahmed,1,0,"",""
ball,2,15.2,Ireland,AR McBrine,GJ Thompson,Nadeem Ahmed,0,0,stumped,AR McBrine
ball,2,15.3,Ireland,L Tucker,GJ Thompson,Nadeem Ahmed,1,0,"",""
ball,2,15.4,Ireland,GJ Thompson,L Tucker,Nadeem Ahmed,0,1,"",""
ball,2,15.5,Ireland,L Tucker,GJ Thompson,Nadeem Ahmed,0,0,"",""
ball,2,15.6,Ireland,L Tucker,GJ Thompson,Nadeem Ahmed,0,0,"",""
ball,2,16.1,Ireland,GJ Thompson,L Tucker,Aizaz Khan,1,0,"",""
ball,2,16.2,Ireland,L Tucker,GJ Thompson,Aizaz Khan,1,0,"",""
ball,2,16.3,Ireland,GJ Thompson,L Tucker,Aizaz Khan,4,0,"",""
ball,2,16.4,Ireland,GJ Thompson,L Tucker,Aizaz Khan,0,0,caught,GJ Thompson
ball,2,16.5,Ireland,L Tucker,J Mulder,Aizaz Khan,0,0,"",""
ball,2,16.6,Ireland,L Tucker,J Mulder,Aizaz Khan,1,0,"",""
ball,2,17.1,Ireland,L Tucker,J Mulder,Tanveer Ahmed,1,0,"",""
ball,2,17.2,Ireland,J Mulder,L Tucker,Tanveer Ahmed,0,0,"",""
ball,2,17.3,Ireland,J Mulder,L Tucker,Tanveer Ahmed,1,0,"",""
ball,2,17.4,Ireland,L Tucker,J Mulder,Tanveer Ahmed,0,0,"",""
ball,2,17.5,Ireland,L Tucker,J Mulder,Tanveer Ahmed,0,0,bowled,L Tucker
ball,2,17.6,Ireland,J Little,J Mulder,Tanveer Ahmed,0,0,"",""
ball,2,18.1,Ireland,J Mulder,J Little,Aizaz Khan,0,0,"",""
ball,2,18.2,Ireland,J Mulder,J Little,Aizaz Khan,0,2,"",""
ball,2,18.3,Ireland,J Mulder,J Little,Aizaz Khan,0,0,bowled,J Mulder
ball,2,18.4,Ireland,CA Young,J Little,Aizaz Khan,0,0,"",""
ball,2,18.5,Ireland,CA Young,J Little,Aizaz Khan,0,0,"",""
ball,2,18.6,Ireland,CA Young,J Little,Aizaz Khan,1,0,"",""
ball,2,19.1,Ireland,CA Young,J Little,Tanveer Ahmed,1,0,"",""
ball,2,19.2,Ireland,J Little,CA Young,Tanveer Ahmed,0,0,"",""
ball,2,19.3,Ireland,J Little,CA Young,Tanveer Ahmed,0,0,bowled,J Little
