version,1.3.0
info,team,Papua New Guinea
info,team,Kenya
info,gender,male
info,season,2016
info,date,2016/05/28
info,competition,"ICC World Cricket League Championship, 2015-2016/17"
info,match_number,23
info,venue,Amini Park
info,city,Port Moresby
info,toss_winner,Kenya
info,toss_decision,bat
info,umpire,A Kapa
info,umpire,MD Martell
info,reserve_umpire,L Oala
info,match_referee,SR Bernard
info,winner,Papua New Guinea
info,winner_wickets,6
ball,1,0.1,Kenya,DM Gondaria,IA Karim,CA Soper,0,0,"",""
ball,1,0.2,Kenya,DM Gondaria,IA Karim,CA Soper,0,0,"",""
ball,1,0.3,Kenya,DM Gondaria,IA Karim,CA Soper,0,0,"",""
ball,1,0.4,Kenya,DM Gondaria,IA Karim,CA Soper,0,0,"",""
ball,1,0.5,Kenya,DM Gondaria,IA Karim,CA Soper,0,0,"",""
ball,1,0.6,Kenya,DM Gondaria,IA Karim,CA Soper,0,0,"",""
ball,1,1.1,Kenya,IA Karim,DM Gondaria,N Vanua,0,0,"",""
ball,1,1.2,Kenya,IA Karim,DM Gondaria,N Vanua,0,1,"",""
ball,1,1.3,Kenya,IA Karim,DM Gondaria,N Vanua,0,0,"",""
ball,1,1.4,Kenya,IA Karim,DM Gondaria,N Vanua,0,0,"",""
ball,1,1.5,Kenya,IA Karim,DM Gondaria,N Vanua,0,0,"",""
ball,1,1.6,Kenya,IA Karim,DM Gondaria,N Vanua,1,0,"",""
ball,1,1.7,Kenya,DM Gondaria,IA Karim,N Vanua,0,0,"",""
ball,1,2.1,Kenya,IA Karim,DM Gondaria,CA Soper,4,0,"",""
ball,1,2.2,Kenya,IA Karim,DM Gondaria,CA Soper,0,0,"",""
ball,1,2.3,Kenya,IA Karim,DM Gondaria,CA Soper,1,0,"",""
ball,1,2.4,Kenya,DM Gondaria,IA Karim,CA Soper,1,0,"",""
ball,1,2.5,Kenya,IA Karim,DM Gondaria,CA Soper,0,0,"",""
ball,1,2.6,Kenya,IA Karim,DM Gondaria,CA Soper,0,0,"",""
ball,1,3.1,Kenya,DM Gondaria,IA Karim,N Vanua,0,0,"",""
ball,1,3.2,Kenya,DM Gondaria,IA Karim,N Vanua,0,0,"",""
ball,1,3.3,Kenya,DM Gondaria,IA Karim,N Vanua,0,0,"",""
ball,1,3.4,Kenya,DM Gondaria,IA Karim,N Vanua,0,0,"",""
ball,1,3.5,Kenya,DM Gondaria,IA Karim,N Vanua,1,0,"",""
ball,1,3.6,Kenya,IA Karim,DM Gondaria,N Vanua,0,0,"",""
ball,1,4.1,Kenya,DM Gondaria,IA Karim,CA Soper,0,0,"",""
ball,1,4.2,Kenya,DM Gondaria,IA Karim,CA Soper,4,0,"",""
ball,1,4.3,Kenya,DM Gondaria,IA Karim,CA Soper,0,0,"",""
ball,1,4.4,Kenya,DM Gondaria,IA Karim,CA Soper,0,0,"",""
ball,1,4.5,Kenya,DM Gondaria,IA Karim,CA Soper,0,0,"",""
ball,1,4.6,Kenya,DM Gondaria,IA Karim,CA Soper,0,0,"",""
ball,1,5.1,Kenya,IA Karim,DM Gondaria,N Vanua,0,0,"",""
ball,1,5.2,Kenya,IA Karim,DM Gondaria,N Vanua,0,0,"",""
ball,1,5.3,Kenya,IA Karim,DM Gondaria,N Vanua,2,0,"",""
ball,1,5.4,Kenya,IA Karim,DM Gondaria,N Vanua,0,0,"",""
ball,1,5.5,Kenya,IA Karim,DM Gondaria,N Vanua,4,0,"",""
ball,1,5.6,Kenya,IA Karim,DM Gondaria,N Vanua,6,0,"",""
ball,1,6.1,Kenya,DM Gondaria,IA Karim,CA Soper,0,0,"",""
ball,1,6.2,Kenya,DM Gondaria,IA Karim,CA Soper,0,0,"",""
ball,1,6.3,Kenya,DM Gondaria,IA Karim,CA Soper,0,0,"",""
ball,1,6.4,Kenya,DM Gondaria,IA Karim,CA Soper,0,0,"",""
ball,1,6.5,Kenya,DM Gondaria,IA Karim,CA Soper,1,0,"",""
ball,1,6.6,Kenya,IA Karim,DM Gondaria,CA Soper,0,0,"",""
ball,1,7.1,Kenya,DM Gondaria,IA Karim,N Vanua,0,0,"",""
ball,1,7.2,Kenya,DM Gondaria,IA Karim,N Vanua,0,0,caught,DM Gondaria
ball,1,7.3,Kenya,MA Ouma,IA Karim,N Vanua,0,0,"",""
ball,1,7.4,Kenya,MA Ouma,IA Karim,N Vanua,0,0,"",""
ball,1,7.5,Kenya,MA Ouma,IA Karim,N Vanua,0,0,"",""
ball,1,7.6,Kenya,MA Ouma,IA Karim,N Vanua,0,0,"",""
ball,1,8.1,Kenya,IA Karim,MA Ouma,CA Soper,0,0,"",""
ball,1,8.2,Kenya,IA Karim,MA Ouma,CA Soper,4,0,"",""
ball,1,8.3,Kenya,IA Karim,MA Ouma,CA Soper,0,0,"",""
ball,1,8.4,Kenya,IA Karim,MA Ouma,CA Soper,0,0,"",""
ball,1,8.5,Kenya,IA Karim,MA Ouma,CA Soper,0,0,"",""
ball,1,8.6,Kenya,IA Karim,MA Ouma,CA Soper,0,0,"",""
ball,1,9.1,Kenya,MA Ouma,IA Karim,N Vanua,0,0,"",""
ball,1,9.2,Kenya,MA Ouma,IA Karim,N Vanua,0,0,"",""
ball,1,9.3,Kenya,MA Ouma,IA Karim,N Vanua,0,0,"",""
ball,1,9.4,Kenya,MA Ouma,IA Karim,N Vanua,0,0,"",""
ball,1,9.5,Kenya,MA Ouma,IA Karim,N Vanua,0,1,"",""
ball,1,9.6,Kenya,MA Ouma,IA Karim,N Vanua,2,1,"",""
ball,1,9.7,Kenya,MA Ouma,IA Karim,N Vanua,0,0,"",""
ball,1,9.8,Kenya,MA Ouma,IA Karim,N Vanua,4,0,"",""
ball,1,10.1,Kenya,IA Karim,MA Ouma,A Nao,2,0,"",""
ball,1,10.2,Kenya,IA Karim,MA Ouma,A Nao,0,0,"",""
ball,1,10.3,Kenya,IA Karim,MA Ouma,A Nao,0,0,"",""
ball,1,10.4,Kenya,IA Karim,MA Ouma,A Nao,4,0,"",""
ball,1,10.5,Kenya,IA Karim,MA Ouma,A Nao,0,0,"",""
ball,1,10.6,Kenya,IA Karim,MA Ouma,A Nao,4,0,"",""
ball,1,11.1,Kenya,MA Ouma,IA Karim,JB Reva,2,0,"",""
ball,1,11.2,Kenya,MA Ouma,IA Karim,JB Reva,0,0,"",""
ball,1,11.3,Kenya,MA Ouma,IA Karim,JB Reva,0,0,bowled,MA Ouma
ball,1,11.4,Kenya,CO Obuya,IA Karim,JB Reva,0,0,"",""
ball,1,11.5,Kenya,CO Obuya,IA Karim,JB Reva,1,0,"",""
ball,1,11.6,Kenya,IA Karim,CO Obuya,JB Reva,0,0,"",""
ball,1,12.1,Kenya,CO Obuya,IA Karim,A Nao,0,0,"",""
ball,1,12.2,Kenya,CO Obuya,IA Karim,A Nao,0,0,"",""
ball,1,12.3,Kenya,CO Obuya,IA Karim,A Nao,0,0,"",""
ball,1,12.4,Kenya,CO Obuya,IA Karim,A Nao,0,0,"",""
ball,1,12.5,Kenya,CO Obuya,IA Karim,A Nao,0,0,"",""
ball,1,12.6,Kenya,CO Obuya,IA Karim,A Nao,1,0,"",""
ball,1,13.1,Kenya,CO Obuya,IA Karim,JB Reva,0,0,caught,CO Obuya
ball,1,13.2,Kenya,RR Patel,IA Karim,JB Reva,0,0,"",""
ball,1,13.3,Kenya,RR Patel,IA Karim,JB Reva,0,0,"",""
ball,1,13.4,Kenya,RR Patel,IA Karim,JB Reva,0,0,"",""
ball,1,13.5,Kenya,RR Patel,IA Karim,JB Reva,0,0,"",""
ball,1,13.6,Kenya,RR Patel,IA Karim,JB Reva,0,0,"",""
ball,1,14.1,Kenya,IA Karim,RR Patel,A Nao,0,0,"",""
ball,1,14.2,Kenya,IA Karim,RR Patel,A Nao,0,0,"",""
ball,1,14.3,Kenya,IA Karim,RR Patel,A Nao,2,0,"",""
ball,1,14.4,Kenya,IA Karim,RR Patel,A Nao,4,0,"",""
ball,1,14.5,Kenya,IA Karim,RR Patel,A Nao,0,0,"",""
ball,1,14.6,Kenya,IA Karim,RR Patel,A Nao,0,0,"",""
ball,1,15.1,Kenya,RR Patel,IA Karim,JB Reva,0,0,"",""
ball,1,15.2,Kenya,RR Patel,IA Karim,JB Reva,0,0,"",""
ball,1,15.3,Kenya,RR Patel,IA Karim,JB Reva,0,0,"",""
ball,1,15.4,Kenya,RR Patel,IA Karim,JB Reva,1,0,"",""
ball,1,15.5,Kenya,IA Karim,RR Patel,JB Reva,0,0,"",""
ball,1,15.6,Kenya,IA Karim,RR Patel,JB Reva,0,0,"",""
ball,1,16.1,Kenya,RR Patel,IA Karim,A Nao,0,0,"",""
ball,1,16.2,Kenya,RR Patel,IA Karim,A Nao,0,0,"",""
ball,1,16.3,Kenya,RR Patel,IA Karim,A Nao,4,0,"",""
ball,1,16.4,Kenya,RR Patel,IA Karim,A Nao,4,0,"",""
ball,1,16.5,Kenya,RR Patel,IA Karim,A Nao,1,0,"",""
ball,1,16.6,Kenya,IA Karim,RR Patel,A Nao,0,0,"",""
ball,1,17.1,Kenya,RR Patel,IA Karim,JB Reva,0,0,"",""
ball,1,17.2,Kenya,RR Patel,IA Karim,JB Reva,0,0,"",""
ball,1,17.3,Kenya,RR Patel,IA Karim,JB Reva,2,0,"",""
ball,1,17.4,Kenya,RR Patel,IA Karim,JB Reva,0,0,"",""
ball,1,17.5,Kenya,RR Patel,IA Karim,JB Reva,0,0,"",""
ball,1,17.6,Kenya,RR Patel,IA Karim,JB Reva,0,0,"",""
ball,1,18.1,Kenya,IA Karim,RR Patel,MD Dai,0,0,"",""
ball,1,18.2,Kenya,IA Karim,RR Patel,MD Dai,0,0,"",""
ball,1,18.3,Kenya,IA Karim,RR Patel,MD Dai,0,0,"",""
ball,1,18.4,Kenya,IA Karim,RR Patel,MD Dai,0,0,"",""
ball,1,18.5,Kenya,IA Karim,RR Patel,MD Dai,1,0,"",""
ball,1,18.6,Kenya,RR Patel,IA Karim,MD Dai,0,0,"",""
ball,1,19.1,Kenya,IA Karim,RR Patel,JB Reva,0,0,"",""
ball,1,19.2,Kenya,IA Karim,RR Patel,JB Reva,1,0,"",""
ball,1,19.3,Kenya,RR Patel,IA Karim,JB Reva,0,0,"",""
ball,1,19.4,Kenya,RR Patel,IA Karim,JB Reva,0,0,"",""
ball,1,19.5,Kenya,RR Patel,IA Karim,JB Reva,0,0,"",""
ball,1,19.6,Kenya,RR Patel,IA Karim,JB Reva,0,0,"",""
ball,1,20.1,Kenya,IA Karim,RR Patel,MD Dai,0,0,"",""
ball,1,20.2,Kenya,IA Karim,RR Patel,MD Dai,0,0,"",""
ball,1,20.3,Kenya,IA Karim,RR Patel,MD Dai,0,0,"",""
ball,1,20.4,Kenya,IA Karim,RR Patel,MD Dai,0,0,"",""
ball,1,20.5,Kenya,IA Karim,RR Patel,MD Dai,0,0,"",""
ball,1,20.6,Kenya,IA Karim,RR Patel,MD Dai,0,0,"",""
ball,1,21.1,Kenya,RR Patel,IA Karim,JB Reva,4,0,"",""
ball,1,21.2,Kenya,RR Patel,IA Karim,JB Reva,2,0,"",""
ball,1,21.3,Kenya,RR Patel,IA Karim,JB Reva,0,0,"",""
ball,1,21.4,Kenya,RR Patel,IA Karim,JB Reva,4,0,"",""
ball,1,21.5,Kenya,RR Patel,IA Karim,JB Reva,0,0,"",""
ball,1,21.6,Kenya,RR Patel,IA Karim,JB Reva,0,0,"",""
ball,1,22.1,Kenya,IA Karim,RR Patel,MD Dai,1,0,"",""
ball,1,22.2,Kenya,RR Patel,IA Karim,MD Dai,0,0,"",""
ball,1,22.3,Kenya,RR Patel,IA Karim,MD Dai,1,0,"",""
ball,1,22.4,Kenya,IA Karim,RR Patel,MD Dai,1,0,"",""
ball,1,22.5,Kenya,RR Patel,IA Karim,MD Dai,0,0,"",""
ball,1,22.6,Kenya,RR Patel,IA Karim,MD Dai,2,0,"",""
ball,1,23.1,Kenya,IA Karim,RR Patel,S Bau,0,0,"",""
ball,1,23.2,Kenya,IA Karim,RR Patel,S Bau,0,0,"",""
ball,1,23.3,Kenya,IA Karim,RR Patel,S Bau,0,0,"",""
ball,1,23.4,Kenya,IA Karim,RR Patel,S Bau,0,0,"",""
ball,1,23.5,Kenya,IA Karim,RR Patel,S Bau,0,0,"",""
ball,1,23.6,Kenya,IA Karim,RR Patel,S Bau,0,0,"",""
ball,1,24.1,Kenya,RR Patel,IA Karim,MD Dai,4,0,"",""
ball,1,24.2,Kenya,RR Patel,IA Karim,MD Dai,0,0,"",""
ball,1,24.3,Kenya,RR Patel,IA Karim,MD Dai,1,0,"",""
ball,1,24.4,Kenya,IA Karim,RR Patel,MD Dai,0,0,"",""
ball,1,24.5,Kenya,IA Karim,RR Patel,MD Dai,0,0,"",""
ball,1,24.6,Kenya,IA Karim,RR Patel,MD Dai,1,0,"",""
ball,1,25.1,Kenya,IA Karim,RR Patel,S Bau,0,0,"",""
ball,1,25.2,Kenya,IA Karim,RR Patel,S Bau,0,0,"",""
ball,1,25.3,Kenya,IA Karim,RR Patel,S Bau,0,0,"",""
ball,1,25.4,Kenya,IA Karim,RR Patel,S Bau,0,0,"",""
ball,1,25.5,Kenya,IA Karim,RR Patel,S Bau,0,0,"",""
ball,1,25.6,Kenya,IA Karim,RR Patel,S Bau,0,0,"",""
ball,1,26.1,Kenya,RR Patel,IA Karim,MD Dai,1,0,"",""
ball,1,26.2,Kenya,IA Karim,RR Patel,MD Dai,0,0,"",""
ball,1,26.3,Kenya,IA Karim,RR Patel,MD Dai,1,0,"",""
ball,1,26.4,Kenya,RR Patel,IA Karim,MD Dai,1,0,"",""
ball,1,26.5,Kenya,IA Karim,RR Patel,MD Dai,0,0,"",""
ball,1,26.6,Kenya,IA Karim,RR Patel,MD Dai,1,0,"",""
ball,1,27.1,Kenya,IA Karim,RR Patel,S Bau,0,0,"",""
ball,1,27.2,Kenya,IA Karim,RR Patel,S Bau,0,0,"",""
ball,1,27.3,Kenya,IA Karim,RR Patel,S Bau,0,0,"",""
ball,1,27.4,Kenya,IA Karim,RR Patel,S Bau,0,0,"",""
ball,1,27.5,Kenya,IA Karim,RR Patel,S Bau,0,1,"",""
ball,1,27.6,Kenya,IA Karim,RR Patel,S Bau,1,0,"",""
ball,1,27.7,Kenya,RR Patel,IA Karim,S Bau,0,0,"",""
ball,1,28.1,Kenya,IA Karim,RR Patel,MD Dai,1,0,"",""
ball,1,28.2,Kenya,RR Patel,IA Karim,MD Dai,1,0,"",""
ball,1,28.3,Kenya,IA Karim,RR Patel,MD Dai,0,0,"",""
ball,1,28.4,Kenya,IA Karim,RR Patel,MD Dai,1,0,"",""
ball,1,28.5,Kenya,RR Patel,IA Karim,MD Dai,6,0,"",""
ball,1,28.6,Kenya,RR Patel,IA Karim,MD Dai,0,0,"",""
ball,1,29.1,Kenya,IA Karim,RR Patel,S Bau,0,0,"",""
ball,1,29.2,Kenya,IA Karim,RR Patel,S Bau,0,0,run out,RR Patel
ball,1,29.3,Kenya,Gurdeep Singh,IA Karim,S Bau,3,0,"",""
ball,1,29.4,Kenya,IA Karim,Gurdeep Singh,S Bau,0,0,"",""
ball,1,29.5,Kenya,IA Karim,Gurdeep Singh,S Bau,1,0,"",""
ball,1,29.6,Kenya,Gurdeep Singh,IA Karim,S Bau,0,0,"",""
ball,1,30.1,Kenya,IA Karim,Gurdeep Singh,MD Dai,1,0,"",""
ball,1,30.2,Kenya,Gurdeep Singh,IA Karim,MD Dai,0,0,"",""
ball,1,30.3,Kenya,Gurdeep Singh,IA Karim,MD Dai,0,0,"",""
ball,1,30.4,Kenya,Gurdeep Singh,IA Karim,MD Dai,0,0,"",""
ball,1,30.5,Kenya,Gurdeep Singh,IA Karim,MD Dai,0,0,"",""
ball,1,30.6,Kenya,Gurdeep Singh,IA Karim,MD Dai,0,0,"",""
ball,1,31.1,Kenya,IA Karim,Gurdeep Singh,S Bau,0,0,"",""
ball,1,31.2,Kenya,IA Karim,Gurdeep Singh,S Bau,1,0,"",""
ball,1,31.3,Kenya,Gurdeep Singh,IA Karim,S Bau,0,0,"",""
ball,1,31.4,Kenya,Gurdeep Singh,IA Karim,S Bau,4,0,"",""
ball,1,31.5,Kenya,Gurdeep Singh,IA Karim,S Bau,1,0,"",""
ball,1,31.6,Kenya,IA Karim,Gurdeep Singh,S Bau,0,0,"",""
ball,1,32.1,Kenya,Gurdeep Singh,IA Karim,MD Dai,0,0,"",""
ball,1,32.2,Kenya,Gurdeep Singh,IA Karim,MD Dai,0,0,"",""
ball,1,32.3,Kenya,Gurdeep Singh,IA Karim,MD Dai,1,0,"",""
ball,1,32.4,Kenya,IA Karim,Gurdeep Singh,MD Dai,0,0,"",""
ball,1,32.5,Kenya,IA Karim,Gurdeep Singh,MD Dai,1,0,"",""
ball,1,32.6,Kenya,Gurdeep Singh,IA Karim,MD Dai,0,0,"",""
ball,1,33.1,Kenya,IA Karim,Gurdeep Singh,S Bau,1,0,"",""
ball,1,33.2,Kenya,Gurdeep Singh,IA Karim,S Bau,4,0,"",""
ball,1,33.3,Kenya,Gurdeep Singh,IA Karim,S Bau,0,0,"",""
ball,1,33.4,Kenya,Gurdeep Singh,IA Karim,S Bau,2,0,"",""
ball,1,33.5,Kenya,Gurdeep Singh,IA Karim,S Bau,1,0,"",""
ball,1,33.6,Kenya,IA Karim,Gurdeep Singh,S Bau,0,0,"",""
ball,1,34.1,Kenya,Gurdeep Singh,IA Karim,MD Dai,0,0,"",""
ball,1,34.2,Kenya,Gurdeep Singh,IA Karim,MD Dai,4,0,"",""
ball,1,34.3,Kenya,Gurdeep Singh,IA Karim,MD Dai,1,0,"",""
ball,1,34.4,Kenya,IA Karim,Gurdeep Singh,MD Dai,1,0,"",""
ball,1,34.5,Kenya,Gurdeep Singh,IA Karim,MD Dai,2,0,"",""
ball,1,34.6,Kenya,Gurdeep Singh,IA Karim,MD Dai,2,0,"",""
ball,1,35.1,Kenya,IA Karim,Gurdeep Singh,A Vala,1,0,"",""
ball,1,35.2,Kenya,Gurdeep Singh,IA Karim,A Vala,0,0,"",""
ball,1,35.3,Kenya,Gurdeep Singh,IA Karim,A Vala,1,0,"",""
ball,1,35.4,Kenya,IA Karim,Gurdeep Singh,A Vala,1,0,"",""
ball,1,35.5,Kenya,Gurdeep Singh,IA Karim,A Vala,4,0,"",""
ball,1,35.6,Kenya,Gurdeep Singh,IA Karim,A Vala,1,0,"",""
ball,1,36.1,Kenya,Gurdeep Singh,IA Karim,N Vanua,1,0,"",""
ball,1,36.2,Kenya,IA Karim,Gurdeep Singh,N Vanua,0,0,"",""
ball,1,36.3,Kenya,IA Karim,Gurdeep Singh,N Vanua,0,0,"",""
ball,1,36.4,Kenya,IA Karim,Gurdeep Singh,N Vanua,0,0,"",""
ball,1,36.5,Kenya,IA Karim,Gurdeep Singh,N Vanua,1,0,"",""
ball,1,36.6,Kenya,Gurdeep Singh,IA Karim,N Vanua,1,0,"",""
ball,1,37.1,Kenya,Gurdeep Singh,IA Karim,A Nao,0,0,"",""
ball,1,37.2,Kenya,Gurdeep Singh,IA Karim,A Nao,0,0,caught,Gurdeep Singh
ball,1,37.3,Kenya,IA Karim,NM Odhiambo,A Nao,1,0,"",""
ball,1,37.4,Kenya,NM Odhiambo,IA Karim,A Nao,0,0,"",""
ball,1,37.5,Kenya,NM Odhiambo,IA Karim,A Nao,0,0,"",""
ball,1,37.6,Kenya,NM Odhiambo,IA Karim,A Nao,1,0,"",""
ball,1,38.1,Kenya,NM Odhiambo,IA Karim,N Vanua,1,0,"",""
ball,1,38.2,Kenya,IA Karim,NM Odhiambo,N Vanua,0,0,"",""
ball,1,38.3,Kenya,IA Karim,NM Odhiambo,N Vanua,4,0,"",""
ball,1,38.4,Kenya,IA Karim,NM Odhiambo,N Vanua,1,0,"",""
ball,1,38.5,Kenya,NM Odhiambo,IA Karim,N Vanua,0,0,"",""
ball,1,38.6,Kenya,NM Odhiambo,IA Karim,N Vanua,2,0,"",""
ball,1,39.1,Kenya,IA Karim,NM Odhiambo,A Nao,1,0,"",""
ball,1,39.2,Kenya,NM Odhiambo,IA Karim,A Nao,0,0,"",""
ball,1,39.3,Kenya,NM Odhiambo,IA Karim,A Nao,4,0,"",""
ball,1,39.4,Kenya,NM Odhiambo,IA Karim,A Nao,0,0,"",""
ball,1,39.5,Kenya,NM Odhiambo,IA Karim,A Nao,2,0,"",""
ball,1,39.6,Kenya,NM Odhiambo,IA Karim,A Nao,4,0,"",""
ball,1,40.1,Kenya,IA Karim,NM Odhiambo,CA Soper,1,0,"",""
ball,1,40.2,Kenya,NM Odhiambo,IA Karim,CA Soper,0,0,"",""
ball,1,40.3,Kenya,NM Odhiambo,IA Karim,CA Soper,0,0,"",""
ball,1,40.4,Kenya,NM Odhiambo,IA Karim,CA Soper,0,0,"",""
ball,1,40.5,Kenya,NM Odhiambo,IA Karim,CA Soper,0,0,"",""
ball,1,40.6,Kenya,NM Odhiambo,IA Karim,CA Soper,0,0,bowled,NM Odhiambo
ball,1,41.1,Kenya,IA Karim,NN Odhiambo,A Nao,1,0,"",""
ball,1,41.2,Kenya,NN Odhiambo,IA Karim,A Nao,1,0,"",""
ball,1,41.3,Kenya,IA Karim,NN Odhiambo,A Nao,1,0,"",""
ball,1,41.4,Kenya,NN Odhiambo,IA Karim,A Nao,0,0,"",""
ball,1,41.5,Kenya,NN Odhiambo,IA Karim,A Nao,0,0,"",""
ball,1,41.6,Kenya,NN Odhiambo,IA Karim,A Nao,0,0,"",""
ball,1,42.1,Kenya,IA Karim,NN Odhiambo,CA Soper,2,0,"",""
ball,1,42.2,Kenya,IA Karim,NN Odhiambo,CA Soper,0,0,"",""
ball,1,42.3,Kenya,IA Karim,NN Odhiambo,CA Soper,1,0,"",""
ball,1,42.4,Kenya,NN Odhiambo,IA Karim,CA Soper,0,0,"",""
ball,1,42.5,Kenya,NN Odhiambo,IA Karim,CA Soper,0,0,bowled,NN Odhiambo
ball,1,42.6,Kenya,SO Ngoche,IA Karim,CA Soper,1,0,"",""
ball,1,43.1,Kenya,SO Ngoche,IA Karim,JB Reva,0,0,"",""
ball,1,43.2,Kenya,SO Ngoche,IA Karim,JB Reva,0,0,"",""
ball,1,43.3,Kenya,SO Ngoche,IA Karim,JB Reva,0,0,"",""
ball,1,43.4,Kenya,SO Ngoche,IA Karim,JB Reva,0,0,"",""
ball,1,43.5,Kenya,SO Ngoche,IA Karim,JB Reva,0,0,"",""
ball,1,43.6,Kenya,SO Ngoche,IA Karim,JB Reva,1,0,"",""
ball,1,44.1,Kenya,SO Ngoche,IA Karim,CA Soper,1,0,"",""
ball,1,44.2,Kenya,IA Karim,SO Ngoche,CA Soper,1,0,"",""
ball,1,44.3,Kenya,SO Ngoche,IA Karim,CA Soper,2,0,"",""
ball,1,44.4,Kenya,SO Ngoche,IA Karim,CA Soper,0,0,"",""
ball,1,44.5,Kenya,SO Ngoche,IA Karim,CA Soper,0,0,bowled,SO Ngoche
ball,1,44.6,Kenya,LN Oluoch,IA Karim,CA Soper,0,0,"",""
ball,1,45.1,Kenya,IA Karim,LN Oluoch,JB Reva,1,0,"",""
ball,1,45.2,Kenya,LN Oluoch,IA Karim,JB Reva,0,0,"",""
ball,1,45.3,Kenya,LN Oluoch,IA Karim,JB Reva,0,0,"",""
ball,1,45.4,Kenya,LN Oluoch,IA Karim,JB Reva,0,0,"",""
ball,1,45.5,Kenya,LN Oluoch,IA Karim,JB Reva,0,0,"",""
ball,1,45.6,Kenya,LN Oluoch,IA Karim,JB Reva,0,0,"",""
ball,1,46.1,Kenya,IA Karim,LN Oluoch,CA Soper,1,0,"",""
ball,1,46.2,Kenya,LN Oluoch,IA Karim,CA Soper,0,0,bowled,LN Oluoch
ball,1,46.3,Kenya,E Otieno,IA Karim,CA Soper,0,0,"",""
ball,1,46.4,Kenya,E Otieno,IA Karim,CA Soper,0,0,"",""
ball,1,46.5,Kenya,E Otieno,IA Karim,CA Soper,2,0,"",""
ball,1,46.6,Kenya,E Otieno,IA Karim,CA Soper,0,0,bowled,E Otieno
ball,2,0.1,Papua New Guinea,L Siaka,VV Morea,NN Odhiambo,0,0,"",""
ball,2,0.2,Papua New Guinea,L Siaka,VV Morea,NN Odhiambo,0,2,"",""
ball,2,0.3,Papua New Guinea,L Siaka,VV Morea,NN Odhiambo,1,0,"",""
ball,2,0.4,Papua New Guinea,VV Morea,L Siaka,NN Odhiambo,0,0,"",""
ball,2,0.5,Papua New Guinea,VV Morea,L Siaka,NN Odhiambo,0,0,"",""
ball,2,0.6,Papua New Guinea,VV Morea,L Siaka,NN Odhiambo,4,0,"",""
ball,2,1.1,Papua New Guinea,L Siaka,VV Morea,E Otieno,0,0,"",""
ball,2,1.2,Papua New Guinea,L Siaka,VV Morea,E Otieno,2,0,"",""
ball,2,1.3,Papua New Guinea,L Siaka,VV Morea,E Otieno,2,0,"",""
ball,2,1.4,Papua New Guinea,L Siaka,VV Morea,E Otieno,1,0,"",""
ball,2,1.5,Papua New Guinea,VV Morea,L Siaka,E Otieno,0,0,"",""
ball,2,1.6,Papua New Guinea,VV Morea,L Siaka,E Otieno,2,0,"",""
ball,2,2.1,Papua New Guinea,L Siaka,VV Morea,NN Odhiambo,4,0,"",""
ball,2,2.2,Papua New Guinea,L Siaka,VV Morea,NN Odhiambo,1,0,"",""
ball,2,2.3,Papua New Guinea,VV Morea,L Siaka,NN Odhiambo,0,0,"",""
ball,2,2.4,Papua New Guinea,VV Morea,L Siaka,NN Odhiambo,0,0,"",""
ball,2,2.5,Papua New Guinea,VV Morea,L Siaka,NN Odhiambo,0,0,"",""
ball,2,2.6,Papua New Guinea,VV Morea,L Siaka,NN Odhiambo,1,0,"",""
ball,2,3.1,Papua New Guinea,VV Morea,L Siaka,E Otieno,0,0,"",""
ball,2,3.2,Papua New Guinea,VV Morea,L Siaka,E Otieno,0,0,"",""
ball,2,3.3,Papua New Guinea,VV Morea,L Siaka,E Otieno,2,0,"",""
ball,2,3.4,Papua New Guinea,VV Morea,L Siaka,E Otieno,0,0,"",""
ball,2,3.5,Papua New Guinea,VV Morea,L Siaka,E Otieno,0,1,"",""
ball,2,3.6,Papua New Guinea,VV Morea,L Siaka,E Otieno,1,0,"",""
ball,2,3.7,Papua New Guinea,L Siaka,VV Morea,E Otieno,0,0,"",""
ball,2,4.1,Papua New Guinea,VV Morea,L Siaka,NN Odhiambo,0,0,"",""
ball,2,4.2,Papua New Guinea,VV Morea,L Siaka,NN Odhiambo,1,0,"",""
ball,2,4.3,Papua New Guinea,L Siaka,VV Morea,NN Odhiambo,2,0,"",""
ball,2,4.4,Papua New Guinea,L Siaka,VV Morea,NN Odhiambo,0,1,"",""
ball,2,4.5,Papua New Guinea,VV Morea,L Siaka,NN Odhiambo,0,0,"",""
ball,2,4.6,Papua New Guinea,VV Morea,L Siaka,NN Odhiambo,2,0,"",""
ball,2,5.1,Papua New Guinea,L Siaka,VV Morea,E Otieno,6,0,"",""
ball,2,5.2,Papua New Guinea,L Siaka,VV Morea,E Otieno,0,0,"",""
ball,2,5.3,Papua New Guinea,L Siaka,VV Morea,E Otieno,1,0,"",""
ball,2,5.4,Papua New Guinea,VV Morea,L Siaka,E Otieno,1,0,"",""
ball,2,5.5,Papua New Guinea,L Siaka,VV Morea,E Otieno,3,0,"",""
ball,2,5.6,Papua New Guinea,VV Morea,L Siaka,E Otieno,0,0,"",""
ball,2,6.1,Papua New Guinea,L Siaka,VV Morea,SO Ngoche,0,0,"",""
ball,2,6.2,Papua New Guinea,L Siaka,VV Morea,SO Ngoche,1,0,"",""
ball,2,6.3,Papua New Guinea,VV Morea,L Siaka,SO Ngoche,0,0,"",""
ball,2,6.4,Papua New Guinea,VV Morea,L Siaka,SO Ngoche,0,0,"",""
ball,2,6.5,Papua New Guinea,VV Morea,L Siaka,SO Ngoche,0,0,"",""
ball,2,6.6,Papua New Guinea,VV Morea,L Siaka,SO Ngoche,0,0,"",""
ball,2,7.1,Papua New Guinea,L Siaka,VV Morea,E Otieno,0,0,caught,L Siaka
ball,2,7.2,Papua New Guinea,VV Morea,A Vala,E Otieno,1,0,"",""
ball,2,7.3,Papua New Guinea,A Vala,VV Morea,E Otieno,0,0,"",""
ball,2,7.4,Papua New Guinea,A Vala,VV Morea,E Otieno,0,0,"",""
ball,2,7.5,Papua New Guinea,A Vala,VV Morea,E Otieno,0,0,"",""
ball,2,7.6,Papua New Guinea,A Vala,VV Morea,E Otieno,0,0,"",""
ball,2,8.1,Papua New Guinea,VV Morea,A Vala,SO Ngoche,1,0,"",""
ball,2,8.2,Papua New Guinea,A Vala,VV Morea,SO Ngoche,1,0,"",""
ball,2,8.3,Papua New Guinea,VV Morea,A Vala,SO Ngoche,0,0,"",""
ball,2,8.4,Papua New Guinea,VV Morea,A Vala,SO Ngoche,0,0,"",""
ball,2,8.5,Papua New Guinea,VV Morea,A Vala,SO Ngoche,4,0,"",""
ball,2,8.6,Papua New Guinea,VV Morea,A Vala,SO Ngoche,0,0,"",""
ball,2,9.1,Papua New Guinea,A Vala,VV Morea,E Otieno,0,0,"",""
ball,2,9.2,Papua New Guinea,A Vala,VV Morea,E Otieno,1,0,"",""
ball,2,9.3,Papua New Guinea,VV Morea,A Vala,E Otieno,2,0,"",""
ball,2,9.4,Papua New Guinea,VV Morea,A Vala,E Otieno,0,0,"",""
ball,2,9.5,Papua New Guinea,VV Morea,A Vala,E Otieno,0,0,"",""
ball,2,9.6,Papua New Guinea,VV Morea,A Vala,E Otieno,2,0,"",""
ball,2,10.1,Papua New Guinea,A Vala,VV Morea,LN Oluoch,4,0,"",""
ball,2,10.2,Papua New Guinea,A Vala,VV Morea,LN Oluoch,1,0,"",""
ball,2,10.3,Papua New Guinea,VV Morea,A Vala,LN Oluoch,0,0,"",""
ball,2,10.4,Papua New Guinea,VV Morea,A Vala,LN Oluoch,0,0,"",""
ball,2,10.5,Papua New Guinea,VV Morea,A Vala,LN Oluoch,1,0,"",""
ball,2,10.6,Papua New Guinea,A Vala,VV Morea,LN Oluoch,0,0,"",""
ball,2,11.1,Papua New Guinea,VV Morea,A Vala,NM Odhiambo,0,0,"",""
ball,2,11.2,Papua New Guinea,VV Morea,A Vala,NM Odhiambo,2,0,"",""
ball,2,11.3,Papua New Guinea,VV Morea,A Vala,NM Odhiambo,1,0,"",""
ball,2,11.4,Papua New Guinea,A Vala,VV Morea,NM Odhiambo,2,0,"",""
ball,2,11.5,Papua New Guinea,A Vala,VV Morea,NM Odhiambo,4,0,"",""
ball,2,11.6,Papua New Guinea,A Vala,VV Morea,NM Odhiambo,1,0,"",""
ball,2,12.1,Papua New Guinea,A Vala,VV Morea,LN Oluoch,0,0,"",""
ball,2,12.2,Papua New Guinea,A Vala,VV Morea,LN Oluoch,1,0,"",""
ball,2,12.3,Papua New Guinea,VV Morea,A Vala,LN Oluoch,0,0,"",""
ball,2,12.4,Papua New Guinea,VV Morea,A Vala,LN Oluoch,1,0,"",""
ball,2,12.5,Papua New Guinea,A Vala,VV Morea,LN Oluoch,0,0,"",""
ball,2,12.6,Papua New Guinea,A Vala,VV Morea,LN Oluoch,0,0,"",""
ball,2,13.1,Papua New Guinea,VV Morea,A Vala,NM Odhiambo,1,0,"",""
ball,2,13.2,Papua New Guinea,A Vala,VV Morea,NM Odhiambo,0,0,"",""
ball,2,13.3,Papua New Guinea,A Vala,VV Morea,NM Odhiambo,0,0,"",""
ball,2,13.4,Papua New Guinea,A Vala,VV Morea,NM Odhiambo,1,0,"",""
ball,2,13.5,Papua New Guinea,VV Morea,A Vala,NM Odhiambo,4,0,"",""
ball,2,13.6,Papua New Guinea,VV Morea,A Vala,NM Odhiambo,1,0,"",""
ball,2,14.1,Papua New Guinea,VV Morea,A Vala,SO Ngoche,0,0,"",""
ball,2,14.2,Papua New Guinea,VV Morea,A Vala,SO Ngoche,1,0,"",""
ball,2,14.3,Papua New Guinea,A Vala,VV Morea,SO Ngoche,1,0,"",""
ball,2,14.4,Papua New Guinea,VV Morea,A Vala,SO Ngoche,0,0,"",""
ball,2,14.5,Papua New Guinea,VV Morea,A Vala,SO Ngoche,0,0,"",""
ball,2,14.6,Papua New Guinea,VV Morea,A Vala,SO Ngoche,0,0,"",""
ball,2,15.1,Papua New Guinea,A Vala,VV Morea,NM Odhiambo,4,0,"",""
ball,2,15.2,Papua New Guinea,A Vala,VV Morea,NM Odhiambo,0,0,"",""
ball,2,15.3,Papua New Guinea,A Vala,VV Morea,NM Odhiambo,1,0,"",""
ball,2,15.4,Papua New Guinea,VV Morea,A Vala,NM Odhiambo,1,0,"",""
ball,2,15.5,Papua New Guinea,A Vala,VV Morea,NM Odhiambo,0,0,"",""
ball,2,15.6,Papua New Guinea,A Vala,VV Morea,NM Odhiambo,1,0,"",""
ball,2,16.1,Papua New Guinea,A Vala,VV Morea,SO Ngoche,1,0,"",""
ball,2,16.2,Papua New Guinea,VV Morea,A Vala,SO Ngoche,6,0,"",""
ball,2,16.3,Papua New Guinea,VV Morea,A Vala,SO Ngoche,0,0,"",""
ball,2,16.4,Papua New Guinea,VV Morea,A Vala,SO Ngoche,0,0,"",""
ball,2,16.5,Papua New Guinea,VV Morea,A Vala,SO Ngoche,0,0,"",""
ball,2,16.6,Papua New Guinea,VV Morea,A Vala,SO Ngoche,0,0,"",""
ball,2,17.1,Papua New Guinea,A Vala,VV Morea,NM Odhiambo,0,0,"",""
ball,2,17.2,Papua New Guinea,A Vala,VV Morea,NM Odhiambo,0,0,"",""
ball,2,17.3,Papua New Guinea,A Vala,VV Morea,NM Odhiambo,4,0,"",""
ball,2,17.4,Papua New Guinea,A Vala,VV Morea,NM Odhiambo,4,0,"",""
ball,2,17.5,Papua New Guinea,A Vala,VV Morea,NM Odhiambo,4,0,"",""
ball,2,17.6,Papua New Guinea,A Vala,VV Morea,NM Odhiambo,1,0,"",""
ball,2,18.1,Papua New Guinea,A Vala,VV Morea,SO Ngoche,1,0,"",""
ball,2,18.2,Papua New Guinea,VV Morea,A Vala,SO Ngoche,6,0,"",""
ball,2,18.3,Papua New Guinea,VV Morea,A Vala,SO Ngoche,1,0,"",""
ball,2,18.4,Papua New Guinea,A Vala,VV Morea,SO Ngoche,4,0,"",""
ball,2,18.5,Papua New Guinea,A Vala,VV Morea,SO Ngoche,0,0,"",""
ball,2,18.6,Papua New Guinea,A Vala,VV Morea,SO Ngoche,0,0,"",""
ball,2,19.1,Papua New Guinea,VV Morea,A Vala,RR Patel,0,0,"",""
ball,2,19.2,Papua New Guinea,VV Morea,A Vala,RR Patel,1,0,"",""
ball,2,19.3,Papua New Guinea,A Vala,VV Morea,RR Patel,1,0,"",""
ball,2,19.4,Papua New Guinea,VV Morea,A Vala,RR Patel,0,0,"",""
ball,2,19.5,Papua New Guinea,VV Morea,A Vala,RR Patel,0,0,"",""
ball,2,19.6,Papua New Guinea,VV Morea,A Vala,RR Patel,0,0,"",""
ball,2,20.1,Papua New Guinea,A Vala,VV Morea,NN Odhiambo,1,0,"",""
ball,2,20.2,Papua New Guinea,VV Morea,A Vala,NN Odhiambo,2,0,"",""
ball,2,20.3,Papua New Guinea,VV Morea,A Vala,NN Odhiambo,0,1,"",""
ball,2,20.4,Papua New Guinea,VV Morea,A Vala,NN Odhiambo,0,0,caught,VV Morea
ball,2,20.5,Papua New Guinea,A Vala,S Bau,NN Odhiambo,1,0,"",""
ball,2,20.6,Papua New Guinea,S Bau,A Vala,NN Odhiambo,0,0,"",""
ball,2,20.7,Papua New Guinea,S Bau,A Vala,NN Odhiambo,0,0,"",""
ball,2,21.1,Papua New Guinea,A Vala,S Bau,RR Patel,0,0,"",""
ball,2,21.2,Papua New Guinea,A Vala,S Bau,RR Patel,1,0,"",""
ball,2,21.3,Papua New Guinea,S Bau,A Vala,RR Patel,0,0,"",""
ball,2,21.4,Papua New Guinea,S Bau,A Vala,RR Patel,1,0,"",""
ball,2,21.5,Papua New Guinea,A Vala,S Bau,RR Patel,1,0,"",""
ball,2,21.6,Papua New Guinea,S Bau,A Vala,RR Patel,1,0,"",""
ball,2,22.1,Papua New Guinea,S Bau,A Vala,NN Odhiambo,0,0,caught,S Bau
ball,2,22.2,Papua New Guinea,A Vala,MD Dai,NN Odhiambo,0,0,"",""
ball,2,22.3,Papua New Guinea,A Vala,MD Dai,NN Odhiambo,0,0,"",""
ball,2,22.4,Papua New Guinea,A Vala,MD Dai,NN Odhiambo,1,0,"",""
ball,2,22.5,Papua New Guinea,MD Dai,A Vala,NN Odhiambo,0,0,"",""
ball,2,22.6,Papua New Guinea,MD Dai,A Vala,NN Odhiambo,0,0,"",""
ball,2,23.1,Papua New Guinea,A Vala,MD Dai,E Otieno,4,0,"",""
ball,2,23.2,Papua New Guinea,A Vala,MD Dai,E Otieno,1,0,"",""
ball,2,23.3,Papua New Guinea,MD Dai,A Vala,E Otieno,1,0,"",""
ball,2,23.4,Papua New Guinea,A Vala,MD Dai,E Otieno,0,0,"",""
ball,2,23.5,Papua New Guinea,A Vala,MD Dai,E Otieno,0,0,"",""
ball,2,23.6,Papua New Guinea,A Vala,MD Dai,E Otieno,1,0,"",""
ball,2,24.1,Papua New Guinea,A Vala,MD Dai,NN Odhiambo,0,1,"",""
ball,2,24.2,Papua New Guinea,MD Dai,A Vala,NN Odhiambo,1,0,"",""
ball,2,24.3,Papua New Guinea,A Vala,MD Dai,NN Odhiambo,1,0,"",""
ball,2,24.4,Papua New Guinea,MD Dai,A Vala,NN Odhiambo,0,0,"",""
ball,2,24.5,Papua New Guinea,MD Dai,A Vala,NN Odhiambo,1,0,"",""
ball,2,24.6,Papua New Guinea,A Vala,MD Dai,NN Odhiambo,0,0,"",""
ball,2,25.1,Papua New Guinea,MD Dai,A Vala,E Otieno,0,0,"",""
ball,2,25.2,Papua New Guinea,MD Dai,A Vala,E Otieno,0,0,"",""
ball,2,25.3,Papua New Guinea,MD Dai,A Vala,E Otieno,1,0,"",""
ball,2,25.4,Papua New Guinea,A Vala,MD Dai,E Otieno,1,0,"",""
ball,2,25.5,Papua New Guinea,MD Dai,A Vala,E Otieno,0,1,"",""
ball,2,25.6,Papua New Guinea,MD Dai,A Vala,E Otieno,0,0,"",""
ball,2,25.7,Papua New Guinea,MD Dai,A Vala,E Otieno,0,0,"",""
ball,2,26.1,Papua New Guinea,A Vala,MD Dai,NN Odhiambo,1,0,"",""
ball,2,26.2,Papua New Guinea,MD Dai,A Vala,NN Odhiambo,0,0,"",""
ball,2,26.3,Papua New Guinea,MD Dai,A Vala,NN Odhiambo,4,0,"",""
ball,2,26.4,Papua New Guinea,MD Dai,A Vala,NN Odhiambo,0,0,"",""
ball,2,26.5,Papua New Guinea,MD Dai,A Vala,NN Odhiambo,0,0,"",""
ball,2,26.6,Papua New Guinea,MD Dai,A Vala,NN Odhiambo,1,0,"",""
ball,2,27.1,Papua New Guinea,MD Dai,A Vala,SO Ngoche,2,0,"",""
ball,2,27.2,Papua New Guinea,MD Dai,A Vala,SO Ngoche,0,0,"",""
ball,2,27.3,Papua New Guinea,MD Dai,A Vala,SO Ngoche,0,0,"",""
ball,2,27.4,Papua New Guinea,MD Dai,A Vala,SO Ngoche,0,0,"",""
ball,2,27.5,Papua New Guinea,MD Dai,A Vala,SO Ngoche,0,0,"",""
ball,2,27.6,Papua New Guinea,MD Dai,A Vala,SO Ngoche,2,0,"",""
ball,2,28.1,Papua New Guinea,A Vala,MD Dai,E Otieno,1,0,"",""
ball,2,28.2,Papua New Guinea,MD Dai,A Vala,E Otieno,0,0,"",""
ball,2,28.3,Papua New Guinea,MD Dai,A Vala,E Otieno,0,0,"",""
ball,2,28.4,Papua New Guinea,MD Dai,A Vala,E Otieno,0,0,"",""
ball,2,28.5,Papua New Guinea,MD Dai,A Vala,E Otieno,1,0,"",""
ball,2,28.6,Papua New Guinea,A Vala,MD Dai,E Otieno,1,0,"",""
ball,2,29.1,Papua New Guinea,A Vala,MD Dai,SO Ngoche,2,0,"",""
ball,2,29.2,Papua New Guinea,A Vala,MD Dai,SO Ngoche,1,0,"",""
ball,2,29.3,Papua New Guinea,MD Dai,A Vala,SO Ngoche,1,0,"",""
ball,2,29.4,Papua New Guinea,A Vala,MD Dai,SO Ngoche,1,0,"",""
ball,2,29.5,Papua New Guinea,MD Dai,A Vala,SO Ngoche,1,0,"",""
ball,2,29.6,Papua New Guinea,A Vala,MD Dai,SO Ngoche,0,0,"",""
ball,2,30.1,Papua New Guinea,MD Dai,A Vala,E Otieno,1,0,"",""
ball,2,30.2,Papua New Guinea,A Vala,MD Dai,E Otieno,0,0,"",""
ball,2,30.3,Papua New Guinea,A Vala,MD Dai,E Otieno,1,0,"",""
ball,2,30.4,Papua New Guinea,MD Dai,A Vala,E Otieno,0,0,"",""
ball,2,30.5,Papua New Guinea,MD Dai,A Vala,E Otieno,1,0,"",""
ball,2,30.6,Papua New Guinea,A Vala,MD Dai,E Otieno,1,1,"",""
ball,2,30.7,Papua New Guinea,MD Dai,A Vala,E Otieno,4,0,"",""
ball,2,31.1,Papua New Guinea,A Vala,MD Dai,SO Ngoche,1,0,"",""
ball,2,31.2,Papua New Guinea,MD Dai,A Vala,SO Ngoche,0,0,"",""
ball,2,31.3,Papua New Guinea,MD Dai,A Vala,SO Ngoche,0,0,"",""
ball,2,31.4,Papua New Guinea,MD Dai,A Vala,SO Ngoche,0,0,"",""
ball,2,31.5,Papua New Guinea,MD Dai,A Vala,SO Ngoche,0,0,"",""
ball,2,31.6,Papua New Guinea,MD Dai,A Vala,SO Ngoche,0,0,"",""
ball,2,32.1,Papua New Guinea,A Vala,MD Dai,CO Obuya,1,0,"",""
ball,2,32.2,Papua New Guinea,MD Dai,A Vala,CO Obuya,0,0,"",""
ball,2,32.3,Papua New Guinea,MD Dai,A Vala,CO Obuya,0,0,"",""
ball,2,32.4,Papua New Guinea,MD Dai,A Vala,CO Obuya,1,0,"",""
ball,2,32.5,Papua New Guinea,A Vala,MD Dai,CO Obuya,1,0,"",""
ball,2,32.6,Papua New Guinea,MD Dai,A Vala,CO Obuya,4,0,"",""
ball,2,33.1,Papua New Guinea,A Vala,MD Dai,SO Ngoche,0,0,"",""
ball,2,33.2,Papua New Guinea,A Vala,MD Dai,SO Ngoche,1,0,"",""
ball,2,33.3,Papua New Guinea,MD Dai,A Vala,SO Ngoche,0,0,"",""
ball,2,33.4,Papua New Guinea,MD Dai,A Vala,SO Ngoche,0,0,"",""
ball,2,33.5,Papua New Guinea,MD Dai,A Vala,SO Ngoche,0,0,caught and bowled,MD Dai
ball,2,33.6,Papua New Guinea,CJA Amini,A Vala,SO Ngoche,0,0,"",""
ball,2,34.1,Papua New Guinea,A Vala,CJA Amini,CO Obuya,0,4,"",""
ball,2,34.2,Papua New Guinea,CJA Amini,A Vala,CO Obuya,0,0,"",""
ball,2,34.3,Papua New Guinea,CJA Amini,A Vala,CO Obuya,0,0,"",""
ball,2,34.4,Papua New Guinea,CJA Amini,A Vala,CO Obuya,4,0,"",""
