version,1.3.0
info,team,Sydney Thunder
info,team,Adelaide Strikers
info,gender,male
info,season,2016/17
info,date,2017/01/18
info,competition,Big Bash League
info,match_number,29
info,venue,Sydney Showground Stadium
info,city,
info,toss_winner,Sydney Thunder
info,toss_decision,field
info,player_of_match,IS Sodhi
info,umpire,AJ Barrow
info,umpire,MD Martell
info,reserve_umpire,CA Polosak
info,tv_umpire,GJ Davidson
info,match_referee,RW Stratford
info,winner,Adelaide Strikers
info,winner_runs,77
ball,1,0.1,Adelaide Strikers,TP Ludeman,BR Dunk,CJ Green,0,0,"",""
ball,1,0.2,Adelaide Strikers,TP Ludeman,BR Dunk,CJ Green,0,0,"",""
ball,1,0.3,Adelaide Strikers,TP Ludeman,BR Dunk,CJ Green,1,0,"",""
ball,1,0.4,Adelaide Strikers,BR Dunk,TP Ludeman,CJ Green,0,0,"",""
ball,1,0.5,Adelaide Strikers,BR Dunk,TP Ludeman,CJ Green,0,0,"",""
ball,1,0.6,Adelaide Strikers,BR Dunk,TP Ludeman,CJ Green,4,0,"",""
ball,1,1.1,Adelaide Strikers,TP Ludeman,BR Dunk,CJ McKay,0,0,"",""
ball,1,1.2,Adelaide Strikers,TP Ludeman,BR Dunk,CJ McKay,4,0,"",""
ball,1,1.3,Adelaide Strikers,TP Ludeman,BR Dunk,CJ McKay,1,0,"",""
ball,1,1.4,Adelaide Strikers,BR Dunk,TP Ludeman,CJ McKay,2,0,"",""
ball,1,1.5,Adelaide Strikers,BR Dunk,TP Ludeman,CJ McKay,1,0,"",""
ball,1,1.6,Adelaide Strikers,TP Ludeman,BR Dunk,CJ McKay,1,0,"",""
ball,1,2.1,Adelaide Strikers,TP Ludeman,BR Dunk,CJ Green,0,0,"",""
ball,1,2.2,Adelaide Strikers,TP Ludeman,BR Dunk,CJ Green,1,0,"",""
ball,1,2.3,Adelaide Strikers,BR Dunk,TP Ludeman,CJ Green,1,0,"",""
ball,1,2.4,Adelaide Strikers,TP Ludeman,BR Dunk,CJ Green,0,0,"",""
ball,1,2.5,Adelaide Strikers,TP Ludeman,BR Dunk,CJ Green,1,0,"",""
ball,1,2.6,Adelaide Strikers,BR Dunk,TP Ludeman,CJ Green,0,0,"",""
ball,1,3.1,Adelaide Strikers,TP Ludeman,BR Dunk,CR Brathwaite,4,0,"",""
ball,1,3.2,Adelaide Strikers,TP Ludeman,BR Dunk,CR Brathwaite,0,0,lbw,TP Ludeman
ball,1,3.3,Adelaide Strikers,BJ Hodge,BR Dunk,CR Brathwaite,0,0,"",""
ball,1,3.4,Adelaide Strikers,BJ Hodge,BR Dunk,CR Brathwaite,4,0,"",""
ball,1,3.5,Adelaide Strikers,BJ Hodge,BR Dunk,CR Brathwaite,0,0,"",""
ball,1,3.6,Adelaide Strikers,BJ Hodge,BR Dunk,CR Brathwaite,0,0,"",""
ball,1,4.1,Adelaide Strikers,BR Dunk,BJ Hodge,CJ Green,1,0,"",""
ball,1,4.2,Adelaide Strikers,BJ Hodge,BR Dunk,CJ Green,1,0,"",""
ball,1,4.3,Adelaide Strikers,BR Dunk,BJ Hodge,CJ Green,6,0,"",""
ball,1,4.4,Adelaide Strikers,BR Dunk,BJ Hodge,CJ Green,1,0,"",""
ball,1,4.5,Adelaide Strikers,BJ Hodge,BR Dunk,CJ Green,0,0,"",""
ball,1,4.6,Adelaide Strikers,BJ Hodge,BR Dunk,CJ Green,0,0,"",""
ball,1,5.1,Adelaide Strikers,BR Dunk,BJ Hodge,SR Watson,4,0,"",""
ball,1,5.2,Adelaide Strikers,BR Dunk,BJ Hodge,SR Watson,0,1,"",""
ball,1,5.3,Adelaide Strikers,BR Dunk,BJ Hodge,SR Watson,4,0,"",""
ball,1,5.4,Adelaide Strikers,BR Dunk,BJ Hodge,SR Watson,2,0,"",""
ball,1,5.5,Adelaide Strikers,BR Dunk,BJ Hodge,SR Watson,1,0,"",""
ball,1,5.6,Adelaide Strikers,BJ Hodge,BR Dunk,SR Watson,1,0,"",""
ball,1,5.7,Adelaide Strikers,BR Dunk,BJ Hodge,SR Watson,1,0,"",""
ball,1,6.1,Adelaide Strikers,BR Dunk,BJ Hodge,AJ Nair,1,0,"",""
ball,1,6.2,Adelaide Strikers,BJ Hodge,BR Dunk,AJ Nair,0,0,"",""
ball,1,6.3,Adelaide Strikers,BJ Hodge,BR Dunk,AJ Nair,2,0,"",""
ball,1,6.4,Adelaide Strikers,BJ Hodge,BR Dunk,AJ Nair,1,0,"",""
ball,1,6.5,Adelaide Strikers,BR Dunk,BJ Hodge,AJ Nair,1,0,"",""
ball,1,6.6,Adelaide Strikers,BJ Hodge,BR Dunk,AJ Nair,1,0,"",""
ball,1,7.1,Adelaide Strikers,BJ Hodge,BR Dunk,Fawad Ahmed,0,1,"",""
ball,1,7.2,Adelaide Strikers,BJ Hodge,BR Dunk,Fawad Ahmed,0,0,"",""
ball,1,7.3,Adelaide Strikers,BJ Hodge,BR Dunk,Fawad Ahmed,1,0,"",""
ball,1,7.4,Adelaide Strikers,BR Dunk,BJ Hodge,Fawad Ahmed,0,0,"",""
ball,1,7.5,Adelaide Strikers,BR Dunk,BJ Hodge,Fawad Ahmed,6,0,"",""
ball,1,7.6,Adelaide Strikers,BR Dunk,BJ Hodge,Fawad Ahmed,2,0,"",""
ball,1,7.7,Adelaide Strikers,BR Dunk,BJ Hodge,Fawad Ahmed,0,0,"",""
ball,1,8.1,Adelaide Strikers,BJ Hodge,BR Dunk,CR Brathwaite,0,0,"",""
ball,1,8.2,Adelaide Strikers,BJ Hodge,BR Dunk,CR Brathwaite,0,1,"",""
ball,1,8.3,Adelaide Strikers,BJ Hodge,BR Dunk,CR Brathwaite,2,0,"",""
ball,1,8.4,Adelaide Strikers,BJ Hodge,BR Dunk,CR Brathwaite,2,0,"",""
ball,1,8.5,Adelaide Strikers,BJ Hodge,BR Dunk,CR Brathwaite,4,0,"",""
ball,1,8.6,Adelaide Strikers,BJ Hodge,BR Dunk,CR Brathwaite,1,0,"",""
ball,1,8.7,Adelaide Strikers,BR Dunk,BJ Hodge,CR Brathwaite,1,0,"",""
ball,1,9.1,Adelaide Strikers,BR Dunk,BJ Hodge,Fawad Ahmed,1,0,"",""
ball,1,9.2,Adelaide Strikers,BJ Hodge,BR Dunk,Fawad Ahmed,1,0,"",""
ball,1,9.3,Adelaide Strikers,BR Dunk,BJ Hodge,Fawad Ahmed,4,0,"",""
ball,1,9.4,Adelaide Strikers,BR Dunk,BJ Hodge,Fawad Ahmed,6,0,"",""
ball,1,9.5,Adelaide Strikers,BR Dunk,BJ Hodge,Fawad Ahmed,1,0,"",""
ball,1,9.6,Adelaide Strikers,BJ Hodge,BR Dunk,Fawad Ahmed,1,0,"",""
ball,1,10.1,Adelaide Strikers,BJ Hodge,BR Dunk,AJ Nair,2,0,"",""
ball,1,10.2,Adelaide Strikers,BJ Hodge,BR Dunk,AJ Nair,0,0,"",""
ball,1,10.3,Adelaide Strikers,BJ Hodge,BR Dunk,AJ Nair,6,0,"",""
ball,1,10.4,Adelaide Strikers,BJ Hodge,BR Dunk,AJ Nair,1,0,"",""
ball,1,10.5,Adelaide Strikers,BR Dunk,BJ Hodge,AJ Nair,1,0,"",""
ball,1,10.6,Adelaide Strikers,BJ Hodge,BR Dunk,AJ Nair,0,0,"",""
ball,1,11.1,Adelaide Strikers,BR Dunk,BJ Hodge,CJ McKay,1,0,"",""
ball,1,11.2,Adelaide Strikers,BJ Hodge,BR Dunk,CJ McKay,0,0,"",""
ball,1,11.3,Adelaide Strikers,BJ Hodge,BR Dunk,CJ McKay,1,0,"",""
ball,1,11.4,Adelaide Strikers,BR Dunk,BJ Hodge,CJ McKay,4,0,"",""
ball,1,11.5,Adelaide Strikers,BR Dunk,BJ Hodge,CJ McKay,1,0,"",""
ball,1,11.6,Adelaide Strikers,BJ Hodge,BR Dunk,CJ McKay,1,0,"",""
ball,1,12.1,Adelaide Strikers,BJ Hodge,BR Dunk,SR Watson,0,0,"",""
ball,1,12.2,Adelaide Strikers,BJ Hodge,BR Dunk,SR Watson,6,0,"",""
ball,1,12.3,Adelaide Strikers,BJ Hodge,BR Dunk,SR Watson,0,0,caught,BJ Hodge
ball,1,12.4,Adelaide Strikers,BR Dunk,KA Pollard,SR Watson,1,0,"",""
ball,1,12.5,Adelaide Strikers,KA Pollard,BR Dunk,SR Watson,1,0,"",""
ball,1,12.6,Adelaide Strikers,BR Dunk,KA Pollard,SR Watson,1,0,"",""
ball,1,13.1,Adelaide Strikers,BR Dunk,KA Pollard,Fawad Ahmed,1,0,"",""
ball,1,13.2,Adelaide Strikers,KA Pollard,BR Dunk,Fawad Ahmed,6,0,"",""
ball,1,13.3,Adelaide Strikers,KA Pollard,BR Dunk,Fawad Ahmed,0,0,"",""
ball,1,13.4,Adelaide Strikers,KA Pollard,BR Dunk,Fawad Ahmed,1,0,"",""
ball,1,13.5,Adelaide Strikers,BR Dunk,KA Pollard,Fawad Ahmed,1,0,"",""
ball,1,13.6,Adelaide Strikers,KA Pollard,BR Dunk,Fawad Ahmed,0,0,"",""
ball,1,14.1,Adelaide Strikers,BR Dunk,KA Pollard,CR Brathwaite,0,0,"",""
ball,1,14.2,Adelaide Strikers,BR Dunk,KA Pollard,CR Brathwaite,0,1,"",""
ball,1,14.3,Adelaide Strikers,KA Pollard,BR Dunk,CR Brathwaite,0,0,"",""
ball,1,14.4,Adelaide Strikers,KA Pollard,BR Dunk,CR Brathwaite,1,0,"",""
ball,1,14.5,Adelaide Strikers,BR Dunk,KA Pollard,CR Brathwaite,0,0,"",""
ball,1,14.6,Adelaide Strikers,BR Dunk,KA Pollard,CR Brathwaite,1,0,"",""
ball,1,15.1,Adelaide Strikers,BR Dunk,KA Pollard,SR Watson,2,0,"",""
ball,1,15.2,Adelaide Strikers,BR Dunk,KA Pollard,SR Watson,0,0,bowled,BR Dunk
ball,1,15.3,Adelaide Strikers,JS Lehmann,KA Pollard,SR Watson,0,0,"",""
ball,1,15.4,Adelaide Strikers,JS Lehmann,KA Pollard,SR Watson,1,0,"",""
ball,1,15.5,Adelaide Strikers,KA Pollard,JS Lehmann,SR Watson,1,0,"",""
ball,1,15.6,Adelaide Strikers,JS Lehmann,KA Pollard,SR Watson,0,0,"",""
ball,1,16.1,Adelaide Strikers,KA Pollard,JS Lehmann,CJ McKay,2,0,"",""
ball,1,16.2,Adelaide Strikers,KA Pollard,JS Lehmann,CJ McKay,2,0,"",""
ball,1,16.3,Adelaide Strikers,KA Pollard,JS Lehmann,CJ McKay,1,0,"",""
ball,1,16.4,Adelaide Strikers,JS Lehmann,KA Pollard,CJ McKay,0,1,"",""
ball,1,16.5,Adelaide Strikers,JS Lehmann,KA Pollard,CJ McKay,0,0,"",""
ball,1,16.6,Adelaide Strikers,JS Lehmann,KA Pollard,CJ McKay,0,0,"",""
ball,1,16.7,Adelaide Strikers,JS Lehmann,KA Pollard,CJ McKay,1,0,"",""
ball,1,17.1,Adelaide Strikers,JS Lehmann,KA Pollard,CR Brathwaite,1,0,"",""
ball,1,17.2,Adelaide Strikers,KA Pollard,JS Lehmann,CR Brathwaite,1,0,"",""
ball,1,17.3,Adelaide Strikers,JS Lehmann,KA Pollard,CR Brathwaite,1,0,"",""
ball,1,17.4,Adelaide Strikers,KA Pollard,JS Lehmann,CR Brathwaite,2,0,"",""
ball,1,17.5,Adelaide Strikers,KA Pollard,JS Lehmann,CR Brathwaite,1,0,run out,JS Lehmann
ball,1,17.6,Adelaide Strikers,KA Pollard,JR Dean,CR Brathwaite,6,0,"",""
ball,1,18.1,Adelaide Strikers,JR Dean,KA Pollard,CJ McKay,0,0,"",""
ball,1,18.2,Adelaide Strikers,JR Dean,KA Pollard,CJ McKay,0,0,"",""
ball,1,18.3,Adelaide Strikers,JR Dean,KA Pollard,CJ McKay,1,0,"",""
ball,1,18.4,Adelaide Strikers,KA Pollard,JR Dean,CJ McKay,6,0,"",""
ball,1,18.5,Adelaide Strikers,KA Pollard,JR Dean,CJ McKay,1,0,"",""
ball,1,18.6,Adelaide Strikers,JR Dean,KA Pollard,CJ McKay,4,0,"",""
ball,1,19.1,Adelaide Strikers,KA Pollard,JR Dean,SR Watson,6,0,"",""
ball,1,19.2,Adelaide Strikers,KA Pollard,JR Dean,SR Watson,0,0,"",""
ball,1,19.3,Adelaide Strikers,KA Pollard,JR Dean,SR Watson,2,0,"",""
ball,1,19.4,Adelaide Strikers,KA Pollard,JR Dean,SR Watson,6,0,"",""
ball,1,19.5,Adelaide Strikers,KA Pollard,JR Dean,SR Watson,1,0,run out,KA Pollard
ball,1,19.6,Adelaide Strikers,AT Carey,JR Dean,SR Watson,0,0,"",""
ball,2,0.1,Sydney Thunder,KR Patterson,JM Vince,MG Neser,0,0,"",""
ball,2,0.2,Sydney Thunder,KR Patterson,JM Vince,MG Neser,0,0,"",""
ball,2,0.3,Sydney Thunder,KR Patterson,JM Vince,MG Neser,0,0,"",""
ball,2,0.4,Sydney Thunder,KR Patterson,JM Vince,MG Neser,0,0,"",""
ball,2,0.5,Sydney Thunder,KR Patterson,JM Vince,MG Neser,0,0,"",""
ball,2,0.6,Sydney Thunder,KR Patterson,JM Vince,MG Neser,0,0,"",""
ball,2,1.1,Sydney Thunder,JM Vince,KR Patterson,KA Pollard,2,0,"",""
ball,2,1.2,Sydney Thunder,JM Vince,KR Patterson,KA Pollard,0,0,caught,JM Vince
ball,2,1.3,Sydney Thunder,SR Watson,KR Patterson,KA Pollard,0,0,"",""
ball,2,1.4,Sydney Thunder,SR Watson,KR Patterson,KA Pollard,0,0,"",""
ball,2,1.5,Sydney Thunder,SR Watson,KR Patterson,KA Pollard,0,0,"",""
ball,2,1.6,Sydney Thunder,SR Watson,KR Patterson,KA Pollard,4,0,"",""
ball,2,2.1,Sydney Thunder,KR Patterson,SR Watson,MG Neser,1,0,"",""
ball,2,2.2,Sydney Thunder,SR Watson,KR Patterson,MG Neser,0,0,"",""
ball,2,2.3,Sydney Thunder,SR Watson,KR Patterson,MG Neser,0,0,"",""
ball,2,2.4,Sydney Thunder,SR Watson,KR Patterson,MG Neser,4,0,"",""
ball,2,2.5,Sydney Thunder,SR Watson,KR Patterson,MG Neser,0,0,"",""
ball,2,2.6,Sydney Thunder,SR Watson,KR Patterson,MG Neser,0,0,"",""
ball,2,3.1,Sydney Thunder,KR Patterson,SR Watson,KA Pollard,3,0,"",""
ball,2,3.2,Sydney Thunder,SR Watson,KR Patterson,KA Pollard,1,0,"",""
ball,2,3.3,Sydney Thunder,KR Patterson,SR Watson,KA Pollard,1,0,"",""
ball,2,3.4,Sydney Thunder,SR Watson,KR Patterson,KA Pollard,1,0,"",""
ball,2,3.5,Sydney Thunder,KR Patterson,SR Watson,KA Pollard,2,0,"",""
ball,2,3.6,Sydney Thunder,KR Patterson,SR Watson,KA Pollard,2,0,"",""
ball,2,4.1,Sydney Thunder,SR Watson,KR Patterson,B Laughlin,0,1,"",""
ball,2,4.2,Sydney Thunder,SR Watson,KR Patterson,B Laughlin,4,0,"",""
ball,2,4.3,Sydney Thunder,SR Watson,KR Patterson,B Laughlin,1,0,"",""
ball,2,4.4,Sydney Thunder,KR Patterson,SR Watson,B Laughlin,1,0,"",""
ball,2,4.5,Sydney Thunder,SR Watson,KR Patterson,B Laughlin,1,0,"",""
ball,2,4.6,Sydney Thunder,KR Patterson,SR Watson,B Laughlin,0,1,"",""
ball,2,4.7,Sydney Thunder,KR Patterson,SR Watson,B Laughlin,0,0,"",""
ball,2,4.8,Sydney Thunder,KR Patterson,SR Watson,B Laughlin,2,0,"",""
ball,2,5.1,Sydney Thunder,SR Watson,KR Patterson,KA Pollard,4,0,"",""
ball,2,5.2,Sydney Thunder,SR Watson,KR Patterson,KA Pollard,1,0,"",""
ball,2,5.3,Sydney Thunder,KR Patterson,SR Watson,KA Pollard,1,0,"",""
ball,2,5.4,Sydney Thunder,SR Watson,KR Patterson,KA Pollard,6,0,"",""
ball,2,5.5,Sydney Thunder,SR Watson,KR Patterson,KA Pollard,4,0,"",""
ball,2,5.6,Sydney Thunder,SR Watson,KR Patterson,KA Pollard,4,0,"",""
ball,2,6.1,Sydney Thunder,KR Patterson,SR Watson,LN O'Connor,1,0,"",""
ball,2,6.2,Sydney Thunder,SR Watson,KR Patterson,LN O'Connor,0,0,"",""
ball,2,6.3,Sydney Thunder,SR Watson,KR Patterson,LN O'Connor,1,0,"",""
ball,2,6.4,Sydney Thunder,KR Patterson,SR Watson,LN O'Connor,1,0,"",""
ball,2,6.5,Sydney Thunder,SR Watson,KR Patterson,LN O'Connor,0,0,"",""
ball,2,6.6,Sydney Thunder,SR Watson,KR Patterson,LN O'Connor,1,0,"",""
ball,2,7.1,Sydney Thunder,SR Watson,KR Patterson,JS Lehmann,1,0,"",""
ball,2,7.2,Sydney Thunder,KR Patterson,SR Watson,JS Lehmann,1,0,"",""
ball,2,7.3,Sydney Thunder,SR Watson,KR Patterson,JS Lehmann,1,0,"",""
ball,2,7.4,Sydney Thunder,KR Patterson,SR Watson,JS Lehmann,1,0,"",""
ball,2,7.5,Sydney Thunder,SR Watson,KR Patterson,JS Lehmann,0,0,caught,SR Watson
ball,2,7.6,Sydney Thunder,KR Patterson,BJ Rohrer,JS Lehmann,1,0,"",""
ball,2,8.1,Sydney Thunder,KR Patterson,BJ Rohrer,BJ Hodge,1,0,"",""
ball,2,8.2,Sydney Thunder,BJ Rohrer,KR Patterson,BJ Hodge,1,0,"",""
ball,2,8.3,Sydney Thunder,KR Patterson,BJ Rohrer,BJ Hodge,1,0,"",""
ball,2,8.4,Sydney Thunder,BJ Rohrer,KR Patterson,BJ Hodge,0,0,"",""
ball,2,8.5,Sydney Thunder,BJ Rohrer,KR Patterson,BJ Hodge,1,0,"",""
ball,2,8.6,Sydney Thunder,KR Patterson,BJ Rohrer,BJ Hodge,4,0,"",""
ball,2,9.1,Sydney Thunder,BJ Rohrer,KR Patterson,IS Sodhi,2,0,"",""
ball,2,9.2,Sydney Thunder,BJ Rohrer,KR Patterson,IS Sodhi,1,0,"",""
ball,2,9.3,Sydney Thunder,KR Patterson,BJ Rohrer,IS Sodhi,2,0,"",""
ball,2,9.4,Sydney Thunder,KR Patterson,BJ Rohrer,IS Sodhi,1,0,"",""
ball,2,9.5,Sydney Thunder,BJ Rohrer,KR Patterson,IS Sodhi,1,0,"",""
ball,2,9.6,Sydney Thunder,KR Patterson,BJ Rohrer,IS Sodhi,1,0,"",""
ball,2,10.1,Sydney Thunder,KR Patterson,BJ Rohrer,LN O'Connor,0,0,"",""
ball,2,10.2,Sydney Thunder,KR Patterson,BJ Rohrer,LN O'Connor,1,0,"",""
ball,2,10.3,Sydney Thunder,BJ Rohrer,KR Patterson,LN O'Connor,1,0,"",""
ball,2,10.4,Sydney Thunder,KR Patterson,BJ Rohrer,LN O'Connor,0,0,bowled,KR Patterson
ball,2,10.5,Sydney Thunder,CR Brathwaite,BJ Rohrer,LN O'Connor,0,1,"",""
ball,2,10.6,Sydney Thunder,CR Brathwaite,BJ Rohrer,LN O'Connor,1,0,"",""
ball,2,10.7,Sydney Thunder,BJ Rohrer,CR Brathwaite,LN O'Connor,0,0,"",""
ball,2,11.1,Sydney Thunder,CR Brathwaite,BJ Rohrer,IS Sodhi,0,0,bowled,CR Brathwaite
ball,2,11.2,Sydney Thunder,RJ Gibson,BJ Rohrer,IS Sodhi,0,0,"",""
ball,2,11.3,Sydney Thunder,RJ Gibson,BJ Rohrer,IS Sodhi,1,0,"",""
ball,2,11.4,Sydney Thunder,BJ Rohrer,RJ Gibson,IS Sodhi,0,0,bowled,BJ Rohrer
ball,2,11.5,Sydney Thunder,JS Lenton,RJ Gibson,IS Sodhi,0,0,"",""
ball,2,11.6,Sydney Thunder,JS Lenton,RJ Gibson,IS Sodhi,1,0,"",""
ball,2,12.1,Sydney Thunder,JS Lenton,RJ Gibson,LN O'Connor,4,0,"",""
ball,2,12.2,Sydney Thunder,JS Lenton,RJ Gibson,LN O'Connor,1,0,"",""
ball,2,12.3,Sydney Thunder,RJ Gibson,JS Lenton,LN O'Connor,1,0,"",""
ball,2,12.4,Sydney Thunder,JS Lenton,RJ Gibson,LN O'Connor,1,0,"",""
ball,2,12.5,Sydney Thunder,RJ Gibson,JS Lenton,LN O'Connor,0,0,"",""
ball,2,12.6,Sydney Thunder,RJ Gibson,JS Lenton,LN O'Connor,2,0,"",""
ball,2,13.1,Sydney Thunder,JS Lenton,RJ Gibson,IS Sodhi,0,0,"",""
ball,2,13.2,Sydney Thunder,JS Lenton,RJ Gibson,IS Sodhi,0,0,run out,RJ Gibson
ball,2,13.3,Sydney Thunder,JS Lenton,CJ Green,IS Sodhi,0,0,lbw,JS Lenton
ball,2,13.4,Sydney Thunder,AJ Nair,CJ Green,IS Sodhi,0,0,"",""
ball,2,13.5,Sydney Thunder,AJ Nair,CJ Green,IS Sodhi,0,0,caught,AJ Nair
ball,2,13.6,Sydney Thunder,CJ McKay,CJ Green,IS Sodhi,1,0,"",""
ball,2,14.1,Sydney Thunder,CJ McKay,CJ Green,LN O'Connor,1,0,"",""
ball,2,14.2,Sydney Thunder,CJ Green,CJ McKay,LN O'Connor,0,0,"",""
ball,2,14.3,Sydney Thunder,CJ Green,CJ McKay,LN O'Connor,1,0,"",""
ball,2,14.4,Sydney Thunder,CJ McKay,CJ Green,LN O'Connor,0,0,"",""
ball,2,14.5,Sydney Thunder,CJ McKay,CJ Green,LN O'Connor,6,0,"",""
ball,2,14.6,Sydney Thunder,CJ McKay,CJ Green,LN O'Connor,0,0,"",""
ball,2,15.1,Sydney Thunder,CJ Green,CJ McKay,IS Sodhi,0,0,caught,CJ Green
ball,2,15.2,Sydney Thunder,CJ McKay,Fawad Ahmed,IS Sodhi,0,0,"",""
ball,2,15.3,Sydney Thunder,CJ McKay,Fawad Ahmed,IS Sodhi,0,0,bowled,CJ McKay
