version,1.3.0
info,team,Sydney Sixers
info,team,Hobart Hurricanes
info,gender,male
info,season,2016/17
info,date,2016/12/23
info,competition,Big Bash League
info,match_number,4
info,venue,Sydney Cricket Ground
info,city,
info,toss_winner,Sydney Sixers
info,toss_decision,field
info,player_of_match,DJM Short
info,umpire,PJ Gillespie
info,umpire,P Wilson
info,reserve_umpire,AK Wilds
info,tv_umpire,JD Ward
info,match_referee,PL Marshall
info,winner,Hobart Hurricanes
info,winner_runs,60
ball,1,0.1,Hobart Hurricanes,TD Paine,DJM Short,J Botha,1,0,"",""
ball,1,0.2,Hobart Hurricanes,DJM Short,TD Paine,J Botha,1,0,"",""
ball,1,0.3,Hobart Hurricanes,TD Paine,DJM Short,J Botha,0,0,"",""
ball,1,0.4,Hobart Hurricanes,TD Paine,DJM Short,J Botha,0,0,"",""
ball,1,0.5,Hobart Hurricanes,TD Paine,DJM Short,J Botha,1,0,"",""
ball,1,0.6,Hobart Hurricanes,DJM Short,TD Paine,J Botha,1,0,"",""
ball,1,1.1,Hobart Hurricanes,DJM Short,TD Paine,BJ Dwarshuis,0,1,"",""
ball,1,1.2,Hobart Hurricanes,DJM Short,TD Paine,BJ Dwarshuis,4,0,"",""
ball,1,1.3,Hobart Hurricanes,DJM Short,TD Paine,BJ Dwarshuis,6,0,"",""
ball,1,1.4,Hobart Hurricanes,DJM Short,TD Paine,BJ Dwarshuis,0,0,"",""
ball,1,1.5,Hobart Hurricanes,DJM Short,TD Paine,BJ Dwarshuis,4,0,"",""
ball,1,1.6,Hobart Hurricanes,DJM Short,TD Paine,BJ Dwarshuis,4,0,"",""
ball,1,1.7,Hobart Hurricanes,DJM Short,TD Paine,BJ Dwarshuis,0,0,"",""
ball,1,2.1,Hobart Hurricanes,TD Paine,DJM Short,J Botha,0,0,"",""
ball,1,2.2,Hobart Hurricanes,TD Paine,DJM Short,J Botha,2,0,"",""
ball,1,2.3,Hobart Hurricanes,TD Paine,DJM Short,J Botha,0,0,"",""
ball,1,2.4,Hobart Hurricanes,TD Paine,DJM Short,J Botha,4,0,"",""
ball,1,2.5,Hobart Hurricanes,TD Paine,DJM Short,J Botha,0,0,"",""
ball,1,2.6,Hobart Hurricanes,TD Paine,DJM Short,J Botha,0,0,"",""
ball,1,3.1,Hobart Hurricanes,DJM Short,TD Paine,JM Mennie,4,0,"",""
ball,1,3.2,Hobart Hurricanes,DJM Short,TD Paine,JM Mennie,0,0,"",""
ball,1,3.3,Hobart Hurricanes,DJM Short,TD Paine,JM Mennie,6,0,"",""
ball,1,3.4,Hobart Hurricanes,DJM Short,TD Paine,JM Mennie,4,0,"",""
ball,1,3.5,Hobart Hurricanes,DJM Short,TD Paine,JM Mennie,6,0,"",""
ball,1,3.6,Hobart Hurricanes,DJM Short,TD Paine,JM Mennie,0,0,"",""
ball,1,4.1,Hobart Hurricanes,TD Paine,DJM Short,SA Abbott,0,0,"",""
ball,1,4.2,Hobart Hurricanes,TD Paine,DJM Short,SA Abbott,0,0,"",""
ball,1,4.3,Hobart Hurricanes,TD Paine,DJM Short,SA Abbott,1,0,"",""
ball,1,4.4,Hobart Hurricanes,DJM Short,TD Paine,SA Abbott,4,0,"",""
ball,1,4.5,Hobart Hurricanes,DJM Short,TD Paine,SA Abbott,3,0,"",""
ball,1,4.6,Hobart Hurricanes,TD Paine,DJM Short,SA Abbott,0,0,"",""
ball,1,5.1,Hobart Hurricanes,DJM Short,TD Paine,SNJ O'Keefe,0,0,"",""
ball,1,5.2,Hobart Hurricanes,DJM Short,TD Paine,SNJ O'Keefe,0,0,"",""
ball,1,5.3,Hobart Hurricanes,DJM Short,TD Paine,SNJ O'Keefe,1,0,"",""
ball,1,5.4,Hobart Hurricanes,TD Paine,DJM Short,SNJ O'Keefe,4,0,"",""
ball,1,5.5,Hobart Hurricanes,TD Paine,DJM Short,SNJ O'Keefe,0,1,"",""
ball,1,5.6,Hobart Hurricanes,TD Paine,DJM Short,SNJ O'Keefe,1,0,"",""
ball,1,5.7,Hobart Hurricanes,DJM Short,TD Paine,SNJ O'Keefe,0,0,"",""
ball,1,6.1,Hobart Hurricanes,TD Paine,DJM Short,SA Abbott,1,0,"",""
ball,1,6.2,Hobart Hurricanes,DJM Short,TD Paine,SA Abbott,2,0,"",""
ball,1,6.3,Hobart Hurricanes,DJM Short,TD Paine,SA Abbott,4,0,"",""
ball,1,6.4,Hobart Hurricanes,DJM Short,TD Paine,SA Abbott,1,0,"",""
ball,1,6.5,Hobart Hurricanes,TD Paine,DJM Short,SA Abbott,1,0,"",""
ball,1,6.6,Hobart Hurricanes,DJM Short,TD Paine,SA Abbott,4,0,"",""
ball,1,7.1,Hobart Hurricanes,TD Paine,DJM Short,SNJ O'Keefe,1,0,"",""
ball,1,7.2,Hobart Hurricanes,DJM Short,TD Paine,SNJ O'Keefe,1,0,"",""
ball,1,7.3,Hobart Hurricanes,TD Paine,DJM Short,SNJ O'Keefe,1,0,"",""
ball,1,7.4,Hobart Hurricanes,DJM Short,TD Paine,SNJ O'Keefe,0,0,"",""
ball,1,7.5,Hobart Hurricanes,DJM Short,TD Paine,SNJ O'Keefe,0,0,"",""
ball,1,7.6,Hobart Hurricanes,DJM Short,TD Paine,SNJ O'Keefe,1,0,"",""
ball,1,8.1,Hobart Hurricanes,DJM Short,TD Paine,DE Bollinger,0,0,caught,DJM Short
ball,1,8.2,Hobart Hurricanes,TD Paine,KC Sangakkara,DE Bollinger,1,0,"",""
ball,1,8.3,Hobart Hurricanes,KC Sangakkara,TD Paine,DE Bollinger,0,0,"",""
ball,1,8.4,Hobart Hurricanes,KC Sangakkara,TD Paine,DE Bollinger,1,0,"",""
ball,1,8.5,Hobart Hurricanes,TD Paine,KC Sangakkara,DE Bollinger,1,0,"",""
ball,1,8.6,Hobart Hurricanes,KC Sangakkara,TD Paine,DE Bollinger,2,0,"",""
ball,1,9.1,Hobart Hurricanes,TD Paine,KC Sangakkara,SNJ O'Keefe,1,0,"",""
ball,1,9.2,Hobart Hurricanes,KC Sangakkara,TD Paine,SNJ O'Keefe,1,0,"",""
ball,1,9.3,Hobart Hurricanes,TD Paine,KC Sangakkara,SNJ O'Keefe,0,0,"",""
ball,1,9.4,Hobart Hurricanes,TD Paine,KC Sangakkara,SNJ O'Keefe,2,0,"",""
ball,1,9.5,Hobart Hurricanes,TD Paine,KC Sangakkara,SNJ O'Keefe,1,0,"",""
ball,1,9.6,Hobart Hurricanes,KC Sangakkara,TD Paine,SNJ O'Keefe,1,0,"",""
ball,1,10.1,Hobart Hurricanes,KC Sangakkara,TD Paine,DE Bollinger,1,0,"",""
ball,1,10.2,Hobart Hurricanes,TD Paine,KC Sangakkara,DE Bollinger,0,1,"",""
ball,1,10.3,Hobart Hurricanes,TD Paine,KC Sangakkara,DE Bollinger,1,0,"",""
ball,1,10.4,Hobart Hurricanes,KC Sangakkara,TD Paine,DE Bollinger,4,0,"",""
ball,1,10.5,Hobart Hurricanes,KC Sangakkara,TD Paine,DE Bollinger,2,0,"",""
ball,1,10.6,Hobart Hurricanes,KC Sangakkara,TD Paine,DE Bollinger,1,0,"",""
ball,1,10.7,Hobart Hurricanes,TD Paine,KC Sangakkara,DE Bollinger,4,0,"",""
ball,1,11.1,Hobart Hurricanes,KC Sangakkara,TD Paine,SNJ O'Keefe,1,0,"",""
ball,1,11.2,Hobart Hurricanes,TD Paine,KC Sangakkara,SNJ O'Keefe,4,0,"",""
ball,1,11.3,Hobart Hurricanes,TD Paine,KC Sangakkara,SNJ O'Keefe,6,0,"",""
ball,1,11.4,Hobart Hurricanes,TD Paine,KC Sangakkara,SNJ O'Keefe,1,0,"",""
ball,1,11.5,Hobart Hurricanes,KC Sangakkara,TD Paine,SNJ O'Keefe,2,0,"",""
ball,1,11.6,Hobart Hurricanes,KC Sangakkara,TD Paine,SNJ O'Keefe,0,0,caught,KC Sangakkara
ball,1,12.1,Hobart Hurricanes,TD Paine,GJ Bailey,J Botha,1,0,"",""
ball,1,12.2,Hobart Hurricanes,GJ Bailey,TD Paine,J Botha,1,0,"",""
ball,1,12.3,Hobart Hurricanes,TD Paine,GJ Bailey,J Botha,0,3,"",""
ball,1,12.4,Hobart Hurricanes,GJ Bailey,TD Paine,J Botha,1,0,"",""
ball,1,12.5,Hobart Hurricanes,TD Paine,GJ Bailey,J Botha,1,0,"",""
ball,1,12.6,Hobart Hurricanes,GJ Bailey,TD Paine,J Botha,1,0,"",""
ball,1,13.1,Hobart Hurricanes,GJ Bailey,TD Paine,DE Bollinger,0,0,"",""
ball,1,13.2,Hobart Hurricanes,GJ Bailey,TD Paine,DE Bollinger,0,0,"",""
ball,1,13.3,Hobart Hurricanes,GJ Bailey,TD Paine,DE Bollinger,6,0,"",""
ball,1,13.4,Hobart Hurricanes,GJ Bailey,TD Paine,DE Bollinger,1,0,"",""
ball,1,13.5,Hobart Hurricanes,TD Paine,GJ Bailey,DE Bollinger,0,0,"",""
ball,1,13.6,Hobart Hurricanes,TD Paine,GJ Bailey,DE Bollinger,4,0,"",""
ball,1,14.1,Hobart Hurricanes,GJ Bailey,TD Paine,J Botha,2,0,"",""
ball,1,14.2,Hobart Hurricanes,GJ Bailey,TD Paine,J Botha,2,0,"",""
ball,1,14.3,Hobart Hurricanes,GJ Bailey,TD Paine,J Botha,0,0,caught,GJ Bailey
ball,1,14.4,Hobart Hurricanes,TD Paine,DT Christian,J Botha,1,0,"",""
ball,1,14.5,Hobart Hurricanes,DT Christian,TD Paine,J Botha,0,0,"",""
ball,1,14.6,Hobart Hurricanes,DT Christian,TD Paine,J Botha,1,0,"",""
ball,1,15.1,Hobart Hurricanes,DT Christian,TD Paine,BJ Dwarshuis,1,0,"",""
ball,1,15.2,Hobart Hurricanes,TD Paine,DT Christian,BJ Dwarshuis,0,0,"",""
ball,1,15.3,Hobart Hurricanes,TD Paine,DT Christian,BJ Dwarshuis,4,0,"",""
ball,1,15.4,Hobart Hurricanes,TD Paine,DT Christian,BJ Dwarshuis,4,0,"",""
ball,1,15.5,Hobart Hurricanes,TD Paine,DT Christian,BJ Dwarshuis,1,0,"",""
ball,1,15.6,Hobart Hurricanes,DT Christian,TD Paine,BJ Dwarshuis,0,2,"",""
ball,1,16.1,Hobart Hurricanes,TD Paine,DT Christian,SA Abbott,0,0,"",""
ball,1,16.2,Hobart Hurricanes,TD Paine,DT Christian,SA Abbott,6,0,"",""
ball,1,16.3,Hobart Hurricanes,TD Paine,DT Christian,SA Abbott,1,0,"",""
ball,1,16.4,Hobart Hurricanes,DT Christian,TD Paine,SA Abbott,2,0,"",""
ball,1,16.5,Hobart Hurricanes,DT Christian,TD Paine,SA Abbott,1,0,"",""
ball,1,16.6,Hobart Hurricanes,TD Paine,DT Christian,SA Abbott,0,0,caught,TD Paine
ball,1,17.1,Hobart Hurricanes,DT Christian,DP Michael,BJ Dwarshuis,0,0,"",""
ball,1,17.2,Hobart Hurricanes,DT Christian,DP Michael,BJ Dwarshuis,6,0,"",""
ball,1,17.3,Hobart Hurricanes,DT Christian,DP Michael,BJ Dwarshuis,2,0,"",""
ball,1,17.4,Hobart Hurricanes,DT Christian,DP Michael,BJ Dwarshuis,6,0,"",""
ball,1,17.5,Hobart Hurricanes,DT Christian,DP Michael,BJ Dwarshuis,1,0,"",""
ball,1,17.6,Hobart Hurricanes,DP Michael,DT Christian,BJ Dwarshuis,0,0,bowled,DP Michael
ball,1,18.1,Hobart Hurricanes,DT Christian,HP Kingston,SA Abbott,0,0,bowled,DT Christian
ball,1,18.2,Hobart Hurricanes,CJ Boyce,HP Kingston,SA Abbott,1,0,"",""
ball,1,18.3,Hobart Hurricanes,HP Kingston,CJ Boyce,SA Abbott,4,0,"",""
ball,1,18.4,Hobart Hurricanes,HP Kingston,CJ Boyce,SA Abbott,1,0,"",""
ball,1,18.5,Hobart Hurricanes,CJ Boyce,HP Kingston,SA Abbott,0,0,"",""
ball,1,18.6,Hobart Hurricanes,CJ Boyce,HP Kingston,SA Abbott,4,0,"",""
ball,1,19.1,Hobart Hurricanes,HP Kingston,CJ Boyce,DE Bollinger,2,0,"",""
ball,1,19.2,Hobart Hurricanes,HP Kingston,CJ Boyce,DE Bollinger,2,0,"",""
ball,1,19.3,Hobart Hurricanes,HP Kingston,CJ Boyce,DE Bollinger,2,0,"",""
ball,1,19.4,Hobart Hurricanes,HP Kingston,CJ Boyce,DE Bollinger,1,0,"",""
ball,1,19.5,Hobart Hurricanes,CJ Boyce,HP Kingston,DE Bollinger,0,0,"",""
ball,1,19.6,Hobart Hurricanes,CJ Boyce,HP Kingston,DE Bollinger,0,1,"",""
ball,2,0.1,Sydney Sixers,JJ Roy,JC Silk,SW Tait,0,0,"",""
ball,2,0.2,Sydney Sixers,JJ Roy,JC Silk,SW Tait,0,0,"",""
ball,2,0.3,Sydney Sixers,JJ Roy,JC Silk,SW Tait,4,0,"",""
ball,2,0.4,Sydney Sixers,JJ Roy,JC Silk,SW Tait,4,0,"",""
ball,2,0.5,Sydney Sixers,JJ Roy,JC Silk,SW Tait,0,1,"",""
ball,2,0.6,Sydney Sixers,JJ Roy,JC Silk,SW Tait,4,0,"",""
ball,2,0.7,Sydney Sixers,JJ Roy,JC Silk,SW Tait,0,1,"",""
ball,2,0.8,Sydney Sixers,JJ Roy,JC Silk,SW Tait,6,0,"",""
ball,2,1.1,Sydney Sixers,JC Silk,JJ Roy,CA Rose,4,0,"",""
ball,2,1.2,Sydney Sixers,JC Silk,JJ Roy,CA Rose,0,0,"",""
ball,2,1.3,Sydney Sixers,JC Silk,JJ Roy,CA Rose,1,0,"",""
ball,2,1.4,Sydney Sixers,JJ Roy,JC Silk,CA Rose,0,0,"",""
ball,2,1.5,Sydney Sixers,JJ Roy,JC Silk,CA Rose,0,0,"",""
ball,2,1.6,Sydney Sixers,JJ Roy,JC Silk,CA Rose,0,0,"",""
ball,2,2.1,Sydney Sixers,JC Silk,JJ Roy,SCJ Broad,0,1,"",""
ball,2,2.2,Sydney Sixers,JC Silk,JJ Roy,SCJ Broad,1,0,"",""
ball,2,2.3,Sydney Sixers,JJ Roy,JC Silk,SCJ Broad,0,0,"",""
ball,2,2.4,Sydney Sixers,JJ Roy,JC Silk,SCJ Broad,0,0,"",""
ball,2,2.5,Sydney Sixers,JJ Roy,JC Silk,SCJ Broad,1,0,"",""
ball,2,2.6,Sydney Sixers,JC Silk,JJ Roy,SCJ Broad,1,0,"",""
ball,2,2.7,Sydney Sixers,JJ Roy,JC Silk,SCJ Broad,0,0,"",""
ball,2,3.1,Sydney Sixers,JC Silk,JJ Roy,CA Rose,0,0,caught,JC Silk
ball,2,3.2,Sydney Sixers,JJ Roy,MC Henriques,CA Rose,4,0,"",""
ball,2,3.3,Sydney Sixers,JJ Roy,MC Henriques,CA Rose,1,0,"",""
ball,2,3.4,Sydney Sixers,MC Henriques,JJ Roy,CA Rose,0,0,caught and bowled,MC Henriques
ball,2,3.5,Sydney Sixers,BJ Haddin,JJ Roy,CA Rose,0,0,"",""
ball,2,3.6,Sydney Sixers,BJ Haddin,JJ Roy,CA Rose,4,0,"",""
ball,2,4.1,Sydney Sixers,JJ Roy,BJ Haddin,SCJ Broad,0,1,"",""
ball,2,4.2,Sydney Sixers,JJ Roy,BJ Haddin,SCJ Broad,6,0,"",""
ball,2,4.3,Sydney Sixers,JJ Roy,BJ Haddin,SCJ Broad,1,0,"",""
ball,2,4.4,Sydney Sixers,BJ Haddin,JJ Roy,SCJ Broad,3,0,"",""
ball,2,4.5,Sydney Sixers,JJ Roy,BJ Haddin,SCJ Broad,4,0,"",""
ball,2,4.6,Sydney Sixers,JJ Roy,BJ Haddin,SCJ Broad,3,0,"",""
ball,2,4.7,Sydney Sixers,BJ Haddin,JJ Roy,SCJ Broad,3,0,"",""
ball,2,5.1,Sydney Sixers,BJ Haddin,JJ Roy,HP Kingston,0,0,caught,BJ Haddin
ball,2,5.2,Sydney Sixers,SW Billings,JJ Roy,HP Kingston,0,0,"",""
ball,2,5.3,Sydney Sixers,SW Billings,JJ Roy,HP Kingston,0,0,"",""
ball,2,5.4,Sydney Sixers,SW Billings,JJ Roy,HP Kingston,1,0,"",""
ball,2,5.5,Sydney Sixers,JJ Roy,SW Billings,HP Kingston,1,0,"",""
ball,2,5.6,Sydney Sixers,SW Billings,JJ Roy,HP Kingston,1,0,"",""
ball,2,6.1,Sydney Sixers,SW Billings,JJ Roy,CJ Boyce,1,0,"",""
ball,2,6.2,Sydney Sixers,JJ Roy,SW Billings,CJ Boyce,1,0,"",""
ball,2,6.3,Sydney Sixers,SW Billings,JJ Roy,CJ Boyce,1,0,"",""
ball,2,6.4,Sydney Sixers,JJ Roy,SW Billings,CJ Boyce,0,0,stumped,JJ Roy
ball,2,6.5,Sydney Sixers,J Botha,SW Billings,CJ Boyce,2,0,"",""
ball,2,6.6,Sydney Sixers,J Botha,SW Billings,CJ Boyce,0,0,"",""
ball,2,7.1,Sydney Sixers,SW Billings,J Botha,SW Tait,0,0,"",""
ball,2,7.2,Sydney Sixers,SW Billings,J Botha,SW Tait,1,0,"",""
ball,2,7.3,Sydney Sixers,J Botha,SW Billings,SW Tait,1,0,"",""
ball,2,7.4,Sydney Sixers,SW Billings,J Botha,SW Tait,2,0,"",""
ball,2,7.5,Sydney Sixers,SW Billings,J Botha,SW Tait,1,0,"",""
ball,2,7.6,Sydney Sixers,J Botha,SW Billings,SW Tait,0,0,"",""
ball,2,8.1,Sydney Sixers,SW Billings,J Botha,CJ Boyce,1,0,"",""
ball,2,8.2,Sydney Sixers,J Botha,SW Billings,CJ Boyce,1,0,"",""
ball,2,8.3,Sydney Sixers,SW Billings,J Botha,CJ Boyce,2,0,"",""
ball,2,8.4,Sydney Sixers,SW Billings,J Botha,CJ Boyce,0,0,"",""
ball,2,8.5,Sydney Sixers,SW Billings,J Botha,CJ Boyce,2,0,"",""
ball,2,8.6,Sydney Sixers,SW Billings,J Botha,CJ Boyce,0,1,"",""
ball,2,9.1,Sydney Sixers,SW Billings,J Botha,HP Kingston,1,0,"",""
ball,2,9.2,Sydney Sixers,J Botha,SW Billings,HP Kingston,2,0,"",""
ball,2,9.3,Sydney Sixers,J Botha,SW Billings,HP Kingston,1,0,"",""
ball,2,9.4,Sydney Sixers,SW Billings,J Botha,HP Kingston,4,0,"",""
ball,2,9.5,Sydney Sixers,SW Billings,J Botha,HP Kingston,1,0,"",""
ball,2,9.6,Sydney Sixers,J Botha,SW Billings,HP Kingston,2,0,"",""
ball,2,10.1,Sydney Sixers,SW Billings,J Botha,CJ Boyce,1,0,"",""
ball,2,10.2,Sydney Sixers,J Botha,SW Billings,CJ Boyce,1,0,"",""
ball,2,10.3,Sydney Sixers,SW Billings,J Botha,CJ Boyce,1,0,"",""
ball,2,10.4,Sydney Sixers,J Botha,SW Billings,CJ Boyce,1,0,"",""
ball,2,10.5,Sydney Sixers,SW Billings,J Botha,CJ Boyce,4,0,"",""
ball,2,10.6,Sydney Sixers,SW Billings,J Botha,CJ Boyce,2,0,"",""
ball,2,11.1,Sydney Sixers,J Botha,SW Billings,DJM Short,2,0,"",""
ball,2,11.2,Sydney Sixers,J Botha,SW Billings,DJM Short,1,0,"",""
ball,2,11.3,Sydney Sixers,SW Billings,J Botha,DJM Short,1,0,"",""
ball,2,11.4,Sydney Sixers,J Botha,SW Billings,DJM Short,0,0,caught and bowled,J Botha
ball,2,11.5,Sydney Sixers,SNJ O'Keefe,SW Billings,DJM Short,1,0,"",""
ball,2,11.6,Sydney Sixers,SW Billings,SNJ O'Keefe,DJM Short,1,0,"",""
ball,2,12.1,Sydney Sixers,SW Billings,SNJ O'Keefe,CJ Boyce,1,0,"",""
ball,2,12.2,Sydney Sixers,SNJ O'Keefe,SW Billings,CJ Boyce,6,0,"",""
ball,2,12.3,Sydney Sixers,SNJ O'Keefe,SW Billings,CJ Boyce,0,0,"",""
ball,2,12.4,Sydney Sixers,SNJ O'Keefe,SW Billings,CJ Boyce,1,0,"",""
ball,2,12.5,Sydney Sixers,SW Billings,SNJ O'Keefe,CJ Boyce,2,0,"",""
ball,2,12.6,Sydney Sixers,SW Billings,SNJ O'Keefe,CJ Boyce,1,0,"",""
ball,2,13.1,Sydney Sixers,SW Billings,SNJ O'Keefe,SCJ Broad,2,0,"",""
ball,2,13.2,Sydney Sixers,SW Billings,SNJ O'Keefe,SCJ Broad,2,0,"",""
ball,2,13.3,Sydney Sixers,SW Billings,SNJ O'Keefe,SCJ Broad,0,0,"",""
ball,2,13.4,Sydney Sixers,SW Billings,SNJ O'Keefe,SCJ Broad,4,0,"",""
ball,2,13.5,Sydney Sixers,SW Billings,SNJ O'Keefe,SCJ Broad,1,0,"",""
ball,2,13.6,Sydney Sixers,SNJ O'Keefe,SW Billings,SCJ Broad,1,0,"",""
ball,2,14.1,Sydney Sixers,SNJ O'Keefe,SW Billings,SW Tait,4,0,"",""
ball,2,14.2,Sydney Sixers,SNJ O'Keefe,SW Billings,SW Tait,0,0,lbw,SNJ O'Keefe
ball,2,14.3,Sydney Sixers,SA Abbott,SW Billings,SW Tait,0,0,"",""
ball,2,14.4,Sydney Sixers,SA Abbott,SW Billings,SW Tait,0,0,caught,SA Abbott
ball,2,14.5,Sydney Sixers,BJ Dwarshuis,SW Billings,SW Tait,0,1,"",""
ball,2,14.6,Sydney Sixers,BJ Dwarshuis,SW Billings,SW Tait,1,0,"",""
ball,2,14.7,Sydney Sixers,SW Billings,BJ Dwarshuis,SW Tait,0,0,bowled,SW Billings
ball,2,15.1,Sydney Sixers,BJ Dwarshuis,JM Mennie,HP Kingston,0,0,"",""
ball,2,15.2,Sydney Sixers,BJ Dwarshuis,JM Mennie,HP Kingston,2,0,"",""
ball,2,15.3,Sydney Sixers,BJ Dwarshuis,JM Mennie,HP Kingston,0,0,bowled,BJ Dwarshuis
ball,2,15.4,Sydney Sixers,DE Bollinger,JM Mennie,HP Kingston,1,0,"",""
ball,2,15.5,Sydney Sixers,JM Mennie,DE Bollinger,HP Kingston,2,0,"",""
ball,2,15.6,Sydney Sixers,JM Mennie,DE Bollinger,HP Kingston,1,0,"",""
ball,2,16.1,Sydney Sixers,JM Mennie,DE Bollinger,SW Tait,0,0,"",""
ball,2,16.2,Sydney Sixers,JM Mennie,DE Bollinger,SW Tait,0,1,"",""
ball,2,16.3,Sydney Sixers,JM Mennie,DE Bollinger,SW Tait,0,0,run out,DE Bollinger
