version,1.3.0
info,team,Italy
info,team,Jersey
info,gender,male
info,season,2016/17
info,date,2016/11/01
info,competition,ICC World Cricket League Division Four
info,venue,"Severn Cricket Field, Woodley Park"
info,city,Los Angeles
info,neutralvenue,true
info,toss_winner,Jersey
info,toss_decision,field
info,player_of_match,NAT Watkins
info,umpire,K Cross
info,umpire,C Young
info,reserve_umpire,Akbar Ali
info,match_referee,D Govindjee
info,winner,Jersey
info,winner_wickets,3
ball,1,0.1,Italy,Manpreet Singh,MMBRSTC Wanigaratne,AW Hawkins-Kay,1,0,"",""
ball,1,0.2,Italy,MMBRSTC Wanigaratne,Manpreet Singh,AW Hawkins-Kay,0,0,"",""
ball,1,0.3,Italy,MMBRSTC Wanigaratne,Manpreet Singh,AW Hawkins-Kay,0,0,"",""
ball,1,0.4,Italy,MMBRSTC Wanigaratne,Manpreet Singh,AW Hawkins-Kay,0,0,"",""
ball,1,0.5,Italy,MMBRSTC Wanigaratne,Manpreet Singh,AW Hawkins-Kay,1,0,"",""
ball,1,0.6,Italy,Manpreet Singh,MMBRSTC Wanigaratne,AW Hawkins-Kay,0,0,"",""
ball,1,1.1,Italy,MMBRSTC Wanigaratne,Manpreet Singh,CW Perchard,0,0,"",""
ball,1,1.2,Italy,MMBRSTC Wanigaratne,Manpreet Singh,CW Perchard,0,0,"",""
ball,1,1.3,Italy,MMBRSTC Wanigaratne,Manpreet Singh,CW Perchard,0,0,bowled,MMBRSTC Wanigaratne
ball,1,1.4,Italy,GP Meade,Manpreet Singh,CW Perchard,0,0,"",""
ball,1,1.5,Italy,GP Meade,Manpreet Singh,CW Perchard,0,0,"",""
ball,1,1.6,Italy,GP Meade,Manpreet Singh,CW Perchard,0,0,"",""
ball,1,2.1,Italy,Manpreet Singh,GP Meade,AW Hawkins-Kay,0,1,"",""
ball,1,2.2,Italy,Manpreet Singh,GP Meade,AW Hawkins-Kay,0,0,"",""
ball,1,2.3,Italy,Manpreet Singh,GP Meade,AW Hawkins-Kay,0,0,"",""
ball,1,2.4,Italy,Manpreet Singh,GP Meade,AW Hawkins-Kay,0,0,"",""
ball,1,2.5,Italy,Manpreet Singh,GP Meade,AW Hawkins-Kay,0,0,"",""
ball,1,2.6,Italy,Manpreet Singh,GP Meade,AW Hawkins-Kay,0,0,"",""
ball,1,2.7,Italy,Manpreet Singh,GP Meade,AW Hawkins-Kay,1,0,"",""
ball,1,3.1,Italy,Manpreet Singh,GP Meade,CW Perchard,0,0,"",""
ball,1,3.2,Italy,Manpreet Singh,GP Meade,CW Perchard,0,1,"",""
ball,1,3.3,Italy,Manpreet Singh,GP Meade,CW Perchard,0,0,"",""
ball,1,3.4,Italy,Manpreet Singh,GP Meade,CW Perchard,0,0,"",""
ball,1,3.5,Italy,Manpreet Singh,GP Meade,CW Perchard,0,0,"",""
ball,1,3.6,Italy,Manpreet Singh,GP Meade,CW Perchard,0,0,"",""
ball,1,3.7,Italy,Manpreet Singh,GP Meade,CW Perchard,0,0,"",""
ball,1,4.1,Italy,GP Meade,Manpreet Singh,AW Hawkins-Kay,2,0,"",""
ball,1,4.2,Italy,GP Meade,Manpreet Singh,AW Hawkins-Kay,0,0,"",""
ball,1,4.3,Italy,GP Meade,Manpreet Singh,AW Hawkins-Kay,0,0,"",""
ball,1,4.4,Italy,GP Meade,Manpreet Singh,AW Hawkins-Kay,0,0,"",""
ball,1,4.5,Italy,GP Meade,Manpreet Singh,AW Hawkins-Kay,0,1,"",""
ball,1,4.6,Italy,GP Meade,Manpreet Singh,AW Hawkins-Kay,2,0,"",""
ball,1,4.7,Italy,Manpreet Singh,GP Meade,AW Hawkins-Kay,4,0,"",""
ball,1,5.1,Italy,GP Meade,Manpreet Singh,CW Perchard,1,0,"",""
ball,1,5.2,Italy,Manpreet Singh,GP Meade,CW Perchard,0,0,"",""
ball,1,5.3,Italy,Manpreet Singh,GP Meade,CW Perchard,1,0,"",""
ball,1,5.4,Italy,GP Meade,Manpreet Singh,CW Perchard,0,0,"",""
ball,1,5.5,Italy,GP Meade,Manpreet Singh,CW Perchard,0,0,"",""
ball,1,5.6,Italy,GP Meade,Manpreet Singh,CW Perchard,0,0,"",""
ball,1,6.1,Italy,Manpreet Singh,GP Meade,AW Hawkins-Kay,0,0,"",""
ball,1,6.2,Italy,Manpreet Singh,GP Meade,AW Hawkins-Kay,0,0,"",""
ball,1,6.3,Italy,Manpreet Singh,GP Meade,AW Hawkins-Kay,0,0,"",""
ball,1,6.4,Italy,Manpreet Singh,GP Meade,AW Hawkins-Kay,0,1,"",""
ball,1,6.5,Italy,Manpreet Singh,GP Meade,AW Hawkins-Kay,0,0,"",""
ball,1,6.6,Italy,Manpreet Singh,GP Meade,AW Hawkins-Kay,2,0,"",""
ball,1,6.7,Italy,Manpreet Singh,GP Meade,AW Hawkins-Kay,0,0,"",""
ball,1,7.1,Italy,GP Meade,Manpreet Singh,CW Perchard,4,0,"",""
ball,1,7.2,Italy,GP Meade,Manpreet Singh,CW Perchard,0,1,"",""
ball,1,7.3,Italy,Manpreet Singh,GP Meade,CW Perchard,0,0,"",""
ball,1,7.4,Italy,Manpreet Singh,GP Meade,CW Perchard,0,0,"",""
ball,1,7.5,Italy,Manpreet Singh,GP Meade,CW Perchard,0,1,"",""
ball,1,7.6,Italy,Manpreet Singh,GP Meade,CW Perchard,0,0,"",""
ball,1,7.7,Italy,Manpreet Singh,GP Meade,CW Perchard,1,0,"",""
ball,1,8.1,Italy,Manpreet Singh,GP Meade,AW Hawkins-Kay,0,0,"",""
ball,1,8.2,Italy,Manpreet Singh,GP Meade,AW Hawkins-Kay,1,0,"",""
ball,1,8.3,Italy,GP Meade,Manpreet Singh,AW Hawkins-Kay,0,0,"",""
ball,1,8.4,Italy,GP Meade,Manpreet Singh,AW Hawkins-Kay,4,0,"",""
ball,1,8.5,Italy,GP Meade,Manpreet Singh,AW Hawkins-Kay,0,0,"",""
ball,1,8.6,Italy,GP Meade,Manpreet Singh,AW Hawkins-Kay,0,0,"",""
ball,1,9.1,Italy,Manpreet Singh,GP Meade,CW Perchard,0,0,"",""
ball,1,9.2,Italy,Manpreet Singh,GP Meade,CW Perchard,1,0,"",""
ball,1,9.3,Italy,GP Meade,Manpreet Singh,CW Perchard,0,0,"",""
ball,1,9.4,Italy,GP Meade,Manpreet Singh,CW Perchard,0,0,"",""
ball,1,9.5,Italy,GP Meade,Manpreet Singh,CW Perchard,2,0,"",""
ball,1,9.6,Italy,GP Meade,Manpreet Singh,CW Perchard,0,0,"",""
ball,1,10.1,Italy,Manpreet Singh,GP Meade,NAT Watkins,1,0,"",""
ball,1,10.2,Italy,GP Meade,Manpreet Singh,NAT Watkins,0,0,"",""
ball,1,10.3,Italy,GP Meade,Manpreet Singh,NAT Watkins,0,0,"",""
ball,1,10.4,Italy,GP Meade,Manpreet Singh,NAT Watkins,0,0,"",""
ball,1,10.5,Italy,GP Meade,Manpreet Singh,NAT Watkins,0,0,"",""
ball,1,10.6,Italy,GP Meade,Manpreet Singh,NAT Watkins,0,0,"",""
ball,1,11.1,Italy,Manpreet Singh,GP Meade,B Kynman,0,0,"",""
ball,1,11.2,Italy,Manpreet Singh,GP Meade,B Kynman,1,0,"",""
ball,1,11.3,Italy,GP Meade,Manpreet Singh,B Kynman,4,0,"",""
ball,1,11.4,Italy,GP Meade,Manpreet Singh,B Kynman,1,0,"",""
ball,1,11.5,Italy,Manpreet Singh,GP Meade,B Kynman,1,0,"",""
ball,1,11.6,Italy,GP Meade,Manpreet Singh,B Kynman,4,0,"",""
ball,1,12.1,Italy,Manpreet Singh,GP Meade,NAT Watkins,0,0,"",""
ball,1,12.2,Italy,Manpreet Singh,GP Meade,NAT Watkins,2,0,"",""
ball,1,12.3,Italy,Manpreet Singh,GP Meade,NAT Watkins,0,0,"",""
ball,1,12.4,Italy,Manpreet Singh,GP Meade,NAT Watkins,0,0,lbw,Manpreet Singh
ball,1,12.5,Italy,A Bonora,GP Meade,NAT Watkins,0,0,"",""
ball,1,12.6,Italy,A Bonora,GP Meade,NAT Watkins,0,0,"",""
ball,1,13.1,Italy,GP Meade,A Bonora,B Kynman,0,0,"",""
ball,1,13.2,Italy,GP Meade,A Bonora,B Kynman,1,0,"",""
ball,1,13.3,Italy,A Bonora,GP Meade,B Kynman,1,0,"",""
ball,1,13.4,Italy,GP Meade,A Bonora,B Kynman,1,0,"",""
ball,1,13.5,Italy,A Bonora,GP Meade,B Kynman,0,0,"",""
ball,1,13.6,Italy,A Bonora,GP Meade,B Kynman,0,0,"",""
ball,1,14.1,Italy,GP Meade,A Bonora,NAT Watkins,1,0,"",""
ball,1,14.2,Italy,A Bonora,GP Meade,NAT Watkins,0,0,"",""
ball,1,14.3,Italy,A Bonora,GP Meade,NAT Watkins,4,0,"",""
ball,1,14.4,Italy,A Bonora,GP Meade,NAT Watkins,0,0,"",""
ball,1,14.5,Italy,A Bonora,GP Meade,NAT Watkins,1,0,"",""
ball,1,14.6,Italy,GP Meade,A Bonora,NAT Watkins,0,0,"",""
ball,1,15.1,Italy,A Bonora,GP Meade,B Kynman,0,0,"",""
ball,1,15.2,Italy,A Bonora,GP Meade,B Kynman,0,0,"",""
ball,1,15.3,Italy,A Bonora,GP Meade,B Kynman,0,0,"",""
ball,1,15.4,Italy,A Bonora,GP Meade,B Kynman,0,0,"",""
ball,1,15.5,Italy,A Bonora,GP Meade,B Kynman,0,0,"",""
ball,1,15.6,Italy,A Bonora,GP Meade,B Kynman,0,0,"",""
ball,1,16.1,Italy,GP Meade,A Bonora,NAT Watkins,0,0,"",""
ball,1,16.2,Italy,GP Meade,A Bonora,NAT Watkins,0,0,"",""
ball,1,16.3,Italy,GP Meade,A Bonora,NAT Watkins,2,0,"",""
ball,1,16.4,Italy,GP Meade,A Bonora,NAT Watkins,1,0,"",""
ball,1,16.5,Italy,A Bonora,GP Meade,NAT Watkins,0,0,"",""
ball,1,16.6,Italy,A Bonora,GP Meade,NAT Watkins,0,0,"",""
ball,1,17.1,Italy,GP Meade,A Bonora,B Kynman,0,0,"",""
ball,1,17.2,Italy,GP Meade,A Bonora,B Kynman,0,1,"",""
ball,1,17.3,Italy,GP Meade,A Bonora,B Kynman,1,0,"",""
ball,1,17.4,Italy,A Bonora,GP Meade,B Kynman,0,0,"",""
ball,1,17.5,Italy,A Bonora,GP Meade,B Kynman,0,0,"",""
ball,1,17.6,Italy,A Bonora,GP Meade,B Kynman,1,0,"",""
ball,1,17.7,Italy,GP Meade,A Bonora,B Kynman,0,0,"",""
ball,1,18.1,Italy,A Bonora,GP Meade,NAT Watkins,0,0,"",""
ball,1,18.2,Italy,A Bonora,GP Meade,NAT Watkins,0,0,"",""
ball,1,18.3,Italy,A Bonora,GP Meade,NAT Watkins,0,0,"",""
ball,1,18.4,Italy,A Bonora,GP Meade,NAT Watkins,0,0,"",""
ball,1,18.5,Italy,A Bonora,GP Meade,NAT Watkins,0,0,"",""
ball,1,18.6,Italy,A Bonora,GP Meade,NAT Watkins,0,0,"",""
ball,1,19.1,Italy,GP Meade,A Bonora,RJG Palmer,1,0,"",""
ball,1,19.2,Italy,A Bonora,GP Meade,RJG Palmer,0,0,"",""
ball,1,19.3,Italy,A Bonora,GP Meade,RJG Palmer,1,0,"",""
ball,1,19.4,Italy,GP Meade,A Bonora,RJG Palmer,1,0,"",""
ball,1,19.5,Italy,A Bonora,GP Meade,RJG Palmer,1,0,"",""
ball,1,19.6,Italy,GP Meade,A Bonora,RJG Palmer,1,0,"",""
ball,1,20.1,Italy,GP Meade,A Bonora,NAT Watkins,1,0,"",""
ball,1,20.2,Italy,A Bonora,GP Meade,NAT Watkins,0,0,"",""
ball,1,20.3,Italy,A Bonora,GP Meade,NAT Watkins,0,0,"",""
ball,1,20.4,Italy,A Bonora,GP Meade,NAT Watkins,0,0,"",""
ball,1,20.5,Italy,A Bonora,GP Meade,NAT Watkins,1,0,"",""
ball,1,20.6,Italy,GP Meade,A Bonora,NAT Watkins,0,0,"",""
ball,1,21.1,Italy,A Bonora,GP Meade,RJG Palmer,0,0,"",""
ball,1,21.2,Italy,A Bonora,GP Meade,RJG Palmer,1,0,"",""
ball,1,21.3,Italy,GP Meade,A Bonora,RJG Palmer,0,0,"",""
ball,1,21.4,Italy,GP Meade,A Bonora,RJG Palmer,0,0,"",""
ball,1,21.5,Italy,GP Meade,A Bonora,RJG Palmer,2,0,"",""
ball,1,21.6,Italy,GP Meade,A Bonora,RJG Palmer,0,0,"",""
ball,1,22.1,Italy,A Bonora,GP Meade,NAT Watkins,1,0,"",""
ball,1,22.2,Italy,GP Meade,A Bonora,NAT Watkins,1,0,"",""
ball,1,22.3,Italy,A Bonora,GP Meade,NAT Watkins,1,0,"",""
ball,1,22.4,Italy,GP Meade,A Bonora,NAT Watkins,1,0,"",""
ball,1,22.5,Italy,A Bonora,GP Meade,NAT Watkins,2,0,"",""
ball,1,22.6,Italy,A Bonora,GP Meade,NAT Watkins,0,0,"",""
ball,1,23.1,Italy,GP Meade,A Bonora,RJG Palmer,1,0,"",""
ball,1,23.2,Italy,A Bonora,GP Meade,RJG Palmer,0,0,"",""
ball,1,23.3,Italy,A Bonora,GP Meade,RJG Palmer,0,0,"",""
ball,1,23.4,Italy,A Bonora,GP Meade,RJG Palmer,0,0,"",""
ball,1,23.5,Italy,A Bonora,GP Meade,RJG Palmer,1,0,"",""
ball,1,23.6,Italy,GP Meade,A Bonora,RJG Palmer,0,0,"",""
ball,1,24.1,Italy,A Bonora,GP Meade,CW Perchard,0,0,"",""
ball,1,24.2,Italy,A Bonora,GP Meade,CW Perchard,0,0,"",""
ball,1,24.3,Italy,A Bonora,GP Meade,CW Perchard,0,0,"",""
ball,1,24.4,Italy,A Bonora,GP Meade,CW Perchard,0,0,"",""
ball,1,24.5,Italy,A Bonora,GP Meade,CW Perchard,0,0,"",""
ball,1,24.6,Italy,A Bonora,GP Meade,CW Perchard,0,0,"",""
ball,1,25.1,Italy,GP Meade,A Bonora,RJG Palmer,4,0,"",""
ball,1,25.2,Italy,GP Meade,A Bonora,RJG Palmer,0,0,"",""
ball,1,25.3,Italy,GP Meade,A Bonora,RJG Palmer,1,0,"",""
ball,1,25.4,Italy,A Bonora,GP Meade,RJG Palmer,1,0,"",""
ball,1,25.5,Italy,GP Meade,A Bonora,RJG Palmer,1,0,"",""
ball,1,25.6,Italy,A Bonora,GP Meade,RJG Palmer,0,0,"",""
ball,1,26.1,Italy,GP Meade,A Bonora,CW Perchard,0,0,"",""
ball,1,26.2,Italy,GP Meade,A Bonora,CW Perchard,4,0,"",""
ball,1,26.3,Italy,GP Meade,A Bonora,CW Perchard,1,0,"",""
ball,1,26.4,Italy,A Bonora,GP Meade,CW Perchard,1,0,"",""
ball,1,26.5,Italy,GP Meade,A Bonora,CW Perchard,0,0,"",""
ball,1,26.6,Italy,GP Meade,A Bonora,CW Perchard,0,0,"",""
ball,1,27.1,Italy,A Bonora,GP Meade,RJG Palmer,1,0,"",""
ball,1,27.2,Italy,GP Meade,A Bonora,RJG Palmer,0,0,"",""
ball,1,27.3,Italy,GP Meade,A Bonora,RJG Palmer,1,0,"",""
ball,1,27.4,Italy,A Bonora,GP Meade,RJG Palmer,1,0,"",""
ball,1,27.5,Italy,GP Meade,A Bonora,RJG Palmer,1,0,"",""
ball,1,27.6,Italy,A Bonora,GP Meade,RJG Palmer,1,0,"",""
ball,1,28.1,Italy,A Bonora,GP Meade,CW Perchard,1,0,"",""
ball,1,28.2,Italy,GP Meade,A Bonora,CW Perchard,1,0,"",""
ball,1,28.3,Italy,A Bonora,GP Meade,CW Perchard,0,0,"",""
ball,1,28.4,Italy,A Bonora,GP Meade,CW Perchard,4,0,"",""
ball,1,28.5,Italy,A Bonora,GP Meade,CW Perchard,0,0,"",""
ball,1,28.6,Italy,A Bonora,GP Meade,CW Perchard,0,0,"",""
ball,1,29.1,Italy,GP Meade,A Bonora,AW Hawkins-Kay,1,0,"",""
ball,1,29.2,Italy,A Bonora,GP Meade,AW Hawkins-Kay,0,0,"",""
ball,1,29.3,Italy,A Bonora,GP Meade,AW Hawkins-Kay,1,0,"",""
ball,1,29.4,Italy,GP Meade,A Bonora,AW Hawkins-Kay,4,0,"",""
ball,1,29.5,Italy,GP Meade,A Bonora,AW Hawkins-Kay,1,0,"",""
ball,1,29.6,Italy,A Bonora,GP Meade,AW Hawkins-Kay,0,0,"",""
ball,1,30.1,Italy,GP Meade,A Bonora,NAT Watkins,0,0,"",""
ball,1,30.2,Italy,GP Meade,A Bonora,NAT Watkins,1,0,"",""
ball,1,30.3,Italy,A Bonora,GP Meade,NAT Watkins,1,0,"",""
ball,1,30.4,Italy,GP Meade,A Bonora,NAT Watkins,0,0,caught,GP Meade
ball,1,30.5,Italy,DG Crowley,A Bonora,NAT Watkins,1,0,"",""
ball,1,30.6,Italy,A Bonora,DG Crowley,NAT Watkins,2,0,"",""
ball,1,31.1,Italy,DG Crowley,A Bonora,B Kynman,0,0,"",""
ball,1,31.2,Italy,DG Crowley,A Bonora,B Kynman,0,0,"",""
ball,1,31.3,Italy,DG Crowley,A Bonora,B Kynman,1,0,"",""
ball,1,31.4,Italy,A Bonora,DG Crowley,B Kynman,0,0,"",""
ball,1,31.5,Italy,A Bonora,DG Crowley,B Kynman,1,0,"",""
ball,1,31.6,Italy,DG Crowley,A Bonora,B Kynman,0,0,"",""
ball,1,32.1,Italy,A Bonora,DG Crowley,RJG Palmer,1,0,"",""
ball,1,32.2,Italy,DG Crowley,A Bonora,RJG Palmer,0,0,"",""
ball,1,32.3,Italy,DG Crowley,A Bonora,RJG Palmer,0,0,"",""
ball,1,32.4,Italy,DG Crowley,A Bonora,RJG Palmer,1,0,"",""
ball,1,32.5,Italy,A Bonora,DG Crowley,RJG Palmer,0,0,caught and bowled,A Bonora
ball,1,32.6,Italy,CS Sandri,DG Crowley,RJG Palmer,1,0,"",""
ball,1,33.1,Italy,CS Sandri,DG Crowley,B Kynman,4,0,"",""
ball,1,33.2,Italy,CS Sandri,DG Crowley,B Kynman,1,0,"",""
ball,1,33.3,Italy,DG Crowley,CS Sandri,B Kynman,1,0,"",""
ball,1,33.4,Italy,CS Sandri,DG Crowley,B Kynman,4,0,"",""
ball,1,33.5,Italy,CS Sandri,DG Crowley,B Kynman,0,0,"",""
ball,1,33.6,Italy,CS Sandri,DG Crowley,B Kynman,0,0,"",""
ball,1,34.1,Italy,DG Crowley,CS Sandri,NAT Watkins,0,0,"",""
ball,1,34.2,Italy,DG Crowley,CS Sandri,NAT Watkins,0,0,"",""
ball,1,34.3,Italy,DG Crowley,CS Sandri,NAT Watkins,0,0,"",""
ball,1,34.4,Italy,DG Crowley,CS Sandri,NAT Watkins,0,0,"",""
ball,1,34.5,Italy,DG Crowley,CS Sandri,NAT Watkins,0,0,"",""
ball,1,34.6,Italy,DG Crowley,CS Sandri,NAT Watkins,0,0,"",""
ball,1,35.1,Italy,CS Sandri,DG Crowley,RJG Palmer,6,0,"",""
ball,1,35.2,Italy,CS Sandri,DG Crowley,RJG Palmer,1,0,"",""
ball,1,35.3,Italy,DG Crowley,CS Sandri,RJG Palmer,0,0,"",""
ball,1,35.4,Italy,DG Crowley,CS Sandri,RJG Palmer,0,0,"",""
ball,1,35.5,Italy,DG Crowley,CS Sandri,RJG Palmer,4,0,"",""
ball,1,35.6,Italy,DG Crowley,CS Sandri,RJG Palmer,0,0,"",""
ball,1,36.1,Italy,CS Sandri,DG Crowley,NAT Watkins,0,1,"",""
ball,1,36.2,Italy,DG Crowley,CS Sandri,NAT Watkins,1,0,"",""
ball,1,36.3,Italy,CS Sandri,DG Crowley,NAT Watkins,0,0,"",""
ball,1,36.4,Italy,CS Sandri,DG Crowley,NAT Watkins,0,0,"",""
ball,1,36.5,Italy,CS Sandri,DG Crowley,NAT Watkins,1,0,"",""
ball,1,36.6,Italy,DG Crowley,CS Sandri,NAT Watkins,1,0,"",""
ball,1,37.1,Italy,DG Crowley,CS Sandri,B Kynman,0,0,"",""
ball,1,37.2,Italy,DG Crowley,CS Sandri,B Kynman,0,0,"",""
ball,1,37.3,Italy,DG Crowley,CS Sandri,B Kynman,4,0,"",""
ball,1,37.4,Italy,DG Crowley,CS Sandri,B Kynman,0,0,"",""
ball,1,37.5,Italy,DG Crowley,CS Sandri,B Kynman,1,0,"",""
ball,1,37.6,Italy,CS Sandri,DG Crowley,B Kynman,1,0,"",""
ball,1,38.1,Italy,CS Sandri,DG Crowley,AW Hawkins-Kay,1,0,"",""
ball,1,38.2,Italy,DG Crowley,CS Sandri,AW Hawkins-Kay,1,0,"",""
ball,1,38.3,Italy,CS Sandri,DG Crowley,AW Hawkins-Kay,1,0,"",""
ball,1,38.4,Italy,DG Crowley,CS Sandri,AW Hawkins-Kay,4,0,"",""
ball,1,38.5,Italy,DG Crowley,CS Sandri,AW Hawkins-Kay,4,0,"",""
ball,1,38.6,Italy,DG Crowley,CS Sandri,AW Hawkins-Kay,1,0,"",""
ball,1,39.1,Italy,DG Crowley,CS Sandri,B Kynman,4,0,"",""
ball,1,39.2,Italy,DG Crowley,CS Sandri,B Kynman,0,0,"",""
ball,1,39.3,Italy,DG Crowley,CS Sandri,B Kynman,4,0,"",""
ball,1,39.4,Italy,DG Crowley,CS Sandri,B Kynman,1,0,"",""
ball,1,39.5,Italy,CS Sandri,DG Crowley,B Kynman,1,0,"",""
ball,1,39.6,Italy,DG Crowley,CS Sandri,B Kynman,4,0,"",""
ball,1,40.1,Italy,CS Sandri,DG Crowley,RJG Palmer,1,0,"",""
ball,1,40.2,Italy,DG Crowley,CS Sandri,RJG Palmer,1,0,"",""
ball,1,40.3,Italy,CS Sandri,DG Crowley,RJG Palmer,6,0,"",""
ball,1,40.4,Italy,CS Sandri,DG Crowley,RJG Palmer,1,0,"",""
ball,1,40.5,Italy,DG Crowley,CS Sandri,RJG Palmer,4,0,"",""
ball,1,40.6,Italy,DG Crowley,CS Sandri,RJG Palmer,1,0,"",""
ball,1,41.1,Italy,DG Crowley,CS Sandri,CW Perchard,0,0,"",""
ball,1,41.2,Italy,DG Crowley,CS Sandri,CW Perchard,1,0,"",""
ball,1,41.3,Italy,CS Sandri,DG Crowley,CW Perchard,0,0,"",""
ball,1,41.4,Italy,CS Sandri,DG Crowley,CW Perchard,1,0,"",""
ball,1,41.5,Italy,DG Crowley,CS Sandri,CW Perchard,1,0,"",""
ball,1,41.6,Italy,CS Sandri,DG Crowley,CW Perchard,1,0,"",""
ball,1,42.1,Italy,CS Sandri,DG Crowley,B Kynman,1,0,"",""
ball,1,42.2,Italy,DG Crowley,CS Sandri,B Kynman,1,0,"",""
ball,1,42.3,Italy,CS Sandri,DG Crowley,B Kynman,4,0,"",""
ball,1,42.4,Italy,CS Sandri,DG Crowley,B Kynman,1,0,"",""
ball,1,42.5,Italy,DG Crowley,CS Sandri,B Kynman,1,0,"",""
ball,1,42.6,Italy,CS Sandri,DG Crowley,B Kynman,0,0,"",""
ball,1,43.1,Italy,DG Crowley,CS Sandri,AW Hawkins-Kay,1,0,"",""
ball,1,43.2,Italy,CS Sandri,DG Crowley,AW Hawkins-Kay,0,0,"",""
ball,1,43.3,Italy,CS Sandri,DG Crowley,AW Hawkins-Kay,1,0,"",""
ball,1,43.4,Italy,DG Crowley,CS Sandri,AW Hawkins-Kay,0,0,"",""
ball,1,43.5,Italy,DG Crowley,CS Sandri,AW Hawkins-Kay,0,0,"",""
ball,1,43.6,Italy,DG Crowley,CS Sandri,AW Hawkins-Kay,1,0,"",""
ball,1,44.1,Italy,DG Crowley,CS Sandri,RJG Palmer,1,0,"",""
ball,1,44.2,Italy,CS Sandri,DG Crowley,RJG Palmer,0,0,"",""
ball,1,44.3,Italy,CS Sandri,DG Crowley,RJG Palmer,1,0,"",""
ball,1,44.4,Italy,DG Crowley,CS Sandri,RJG Palmer,0,0,"",""
ball,1,44.5,Italy,DG Crowley,CS Sandri,RJG Palmer,1,0,"",""
ball,1,44.6,Italy,CS Sandri,DG Crowley,RJG Palmer,0,0,"",""
ball,1,45.1,Italy,DG Crowley,CS Sandri,AW Hawkins-Kay,0,0,"",""
ball,1,45.2,Italy,DG Crowley,CS Sandri,AW Hawkins-Kay,1,0,"",""
ball,1,45.3,Italy,CS Sandri,DG Crowley,AW Hawkins-Kay,0,0,bowled,CS Sandri
ball,1,45.4,Italy,BBJL Perera,DG Crowley,AW Hawkins-Kay,0,0,"",""
ball,1,45.5,Italy,BBJL Perera,DG Crowley,AW Hawkins-Kay,0,0,"",""
ball,1,45.6,Italy,BBJL Perera,DG Crowley,AW Hawkins-Kay,1,0,"",""
ball,1,46.1,Italy,BBJL Perera,DG Crowley,RJG Palmer,1,0,"",""
ball,1,46.2,Italy,DG Crowley,BBJL Perera,RJG Palmer,1,0,"",""
ball,1,46.3,Italy,BBJL Perera,DG Crowley,RJG Palmer,1,0,"",""
ball,1,46.4,Italy,DG Crowley,BBJL Perera,RJG Palmer,1,0,"",""
ball,1,46.5,Italy,BBJL Perera,DG Crowley,RJG Palmer,0,0,caught,BBJL Perera
ball,1,46.6,Italy,R Tanweer,DG Crowley,RJG Palmer,0,0,lbw,R Tanweer
ball,1,47.1,Italy,DG Crowley,WTN Fernando,CW Perchard,1,0,"",""
ball,1,47.2,Italy,WTN Fernando,DG Crowley,CW Perchard,0,0,"",""
ball,1,47.3,Italy,WTN Fernando,DG Crowley,CW Perchard,0,0,"",""
ball,1,47.4,Italy,WTN Fernando,DG Crowley,CW Perchard,0,0,bowled,WTN Fernando
ball,1,47.5,Italy,L di Giglio,DG Crowley,CW Perchard,0,0,"",""
ball,1,47.6,Italy,L di Giglio,DG Crowley,CW Perchard,1,0,"",""
ball,1,48.1,Italy,L di Giglio,DG Crowley,B Kynman,1,0,"",""
ball,1,48.2,Italy,DG Crowley,L di Giglio,B Kynman,2,0,"",""
ball,1,48.3,Italy,DG Crowley,L di Giglio,B Kynman,0,0,bowled,DG Crowley
ball,1,48.4,Italy,Charanjeet Singh,L di Giglio,B Kynman,1,0,"",""
ball,1,48.5,Italy,L di Giglio,Charanjeet Singh,B Kynman,1,0,"",""
ball,1,48.6,Italy,Charanjeet Singh,L di Giglio,B Kynman,1,0,"",""
ball,1,49.1,Italy,Charanjeet Singh,L di Giglio,AW Hawkins-Kay,1,0,"",""
ball,1,49.2,Italy,L di Giglio,Charanjeet Singh,AW Hawkins-Kay,6,0,"",""
ball,1,49.3,Italy,L di Giglio,Charanjeet Singh,AW Hawkins-Kay,1,0,"",""
ball,1,49.4,Italy,Charanjeet Singh,L di Giglio,AW Hawkins-Kay,1,0,"",""
ball,1,49.5,Italy,L di Giglio,Charanjeet Singh,AW Hawkins-Kay,1,0,run out,L di Giglio
ball,2,0.1,Jersey,PW Gough,NAT Watkins,GP Meade,1,0,"",""
ball,2,0.2,Jersey,NAT Watkins,PW Gough,GP Meade,0,0,"",""
ball,2,0.3,Jersey,NAT Watkins,PW Gough,GP Meade,1,1,"",""
ball,2,0.4,Jersey,PW Gough,NAT Watkins,GP Meade,0,0,"",""
ball,2,0.5,Jersey,PW Gough,NAT Watkins,GP Meade,0,0,"",""
ball,2,0.6,Jersey,PW Gough,NAT Watkins,GP Meade,4,0,"",""
ball,2,0.7,Jersey,PW Gough,NAT Watkins,GP Meade,0,0,caught,PW Gough
ball,2,1.1,Jersey,NAT Watkins,LE Gallichan,L di Giglio,0,0,"",""
ball,2,1.2,Jersey,NAT Watkins,LE Gallichan,L di Giglio,1,0,"",""
ball,2,1.3,Jersey,LE Gallichan,NAT Watkins,L di Giglio,0,1,"",""
ball,2,1.4,Jersey,LE Gallichan,NAT Watkins,L di Giglio,0,0,"",""
ball,2,1.5,Jersey,LE Gallichan,NAT Watkins,L di Giglio,0,0,"",""
ball,2,1.6,Jersey,LE Gallichan,NAT Watkins,L di Giglio,0,0,"",""
ball,2,1.7,Jersey,LE Gallichan,NAT Watkins,L di Giglio,0,0,"",""
ball,2,2.1,Jersey,NAT Watkins,LE Gallichan,GP Meade,4,0,"",""
ball,2,2.2,Jersey,NAT Watkins,LE Gallichan,GP Meade,4,0,"",""
ball,2,2.3,Jersey,NAT Watkins,LE Gallichan,GP Meade,0,0,"",""
ball,2,2.4,Jersey,NAT Watkins,LE Gallichan,GP Meade,0,0,"",""
ball,2,2.5,Jersey,NAT Watkins,LE Gallichan,GP Meade,0,0,"",""
ball,2,2.6,Jersey,NAT Watkins,LE Gallichan,GP Meade,0,0,"",""
ball,2,3.1,Jersey,LE Gallichan,NAT Watkins,L di Giglio,0,0,"",""
ball,2,3.2,Jersey,LE Gallichan,NAT Watkins,L di Giglio,0,0,"",""
ball,2,3.3,Jersey,LE Gallichan,NAT Watkins,L di Giglio,0,0,"",""
ball,2,3.4,Jersey,LE Gallichan,NAT Watkins,L di Giglio,0,0,"",""
ball,2,3.5,Jersey,LE Gallichan,NAT Watkins,L di Giglio,1,0,"",""
ball,2,3.6,Jersey,NAT Watkins,LE Gallichan,L di Giglio,0,0,"",""
ball,2,4.1,Jersey,LE Gallichan,NAT Watkins,GP Meade,0,1,"",""
ball,2,4.2,Jersey,LE Gallichan,NAT Watkins,GP Meade,1,0,"",""
ball,2,4.3,Jersey,NAT Watkins,LE Gallichan,GP Meade,0,0,"",""
ball,2,4.4,Jersey,NAT Watkins,LE Gallichan,GP Meade,0,0,"",""
ball,2,4.5,Jersey,NAT Watkins,LE Gallichan,GP Meade,2,0,"",""
ball,2,4.6,Jersey,NAT Watkins,LE Gallichan,GP Meade,1,0,"",""
ball,2,4.7,Jersey,LE Gallichan,NAT Watkins,GP Meade,0,0,"",""
ball,2,5.1,Jersey,NAT Watkins,LE Gallichan,L di Giglio,4,0,"",""
ball,2,5.2,Jersey,NAT Watkins,LE Gallichan,L di Giglio,0,0,"",""
ball,2,5.3,Jersey,NAT Watkins,LE Gallichan,L di Giglio,4,0,"",""
ball,2,5.4,Jersey,NAT Watkins,LE Gallichan,L di Giglio,4,0,"",""
ball,2,5.5,Jersey,NAT Watkins,LE Gallichan,L di Giglio,0,0,"",""
ball,2,5.6,Jersey,NAT Watkins,LE Gallichan,L di Giglio,1,0,"",""
ball,2,6.1,Jersey,NAT Watkins,LE Gallichan,DG Crowley,0,0,"",""
ball,2,6.2,Jersey,NAT Watkins,LE Gallichan,DG Crowley,0,0,"",""
ball,2,6.3,Jersey,NAT Watkins,LE Gallichan,DG Crowley,0,0,"",""
ball,2,6.4,Jersey,NAT Watkins,LE Gallichan,DG Crowley,0,0,"",""
ball,2,6.5,Jersey,NAT Watkins,LE Gallichan,DG Crowley,0,0,"",""
ball,2,6.6,Jersey,NAT Watkins,LE Gallichan,DG Crowley,4,0,"",""
ball,2,7.1,Jersey,LE Gallichan,NAT Watkins,GP Meade,0,0,"",""
ball,2,7.2,Jersey,LE Gallichan,NAT Watkins,GP Meade,1,0,"",""
ball,2,7.3,Jersey,NAT Watkins,LE Gallichan,GP Meade,0,0,"",""
ball,2,7.4,Jersey,NAT Watkins,LE Gallichan,GP Meade,0,0,"",""
ball,2,7.5,Jersey,NAT Watkins,LE Gallichan,GP Meade,0,0,"",""
ball,2,7.6,Jersey,NAT Watkins,LE Gallichan,GP Meade,0,0,"",""
ball,2,8.1,Jersey,LE Gallichan,NAT Watkins,L di Giglio,0,1,"",""
ball,2,8.2,Jersey,LE Gallichan,NAT Watkins,L di Giglio,0,0,"",""
ball,2,8.3,Jersey,LE Gallichan,NAT Watkins,L di Giglio,0,0,"",""
ball,2,8.4,Jersey,LE Gallichan,NAT Watkins,L di Giglio,0,0,"",""
ball,2,8.5,Jersey,LE Gallichan,NAT Watkins,L di Giglio,0,0,"",""
ball,2,8.6,Jersey,LE Gallichan,NAT Watkins,L di Giglio,1,0,"",""
ball,2,8.7,Jersey,NAT Watkins,LE Gallichan,L di Giglio,0,0,"",""
ball,2,9.1,Jersey,LE Gallichan,NAT Watkins,GP Meade,0,0,"",""
ball,2,9.2,Jersey,LE Gallichan,NAT Watkins,GP Meade,0,0,"",""
ball,2,9.3,Jersey,LE Gallichan,NAT Watkins,GP Meade,1,0,"",""
ball,2,9.4,Jersey,NAT Watkins,LE Gallichan,GP Meade,0,0,"",""
ball,2,9.5,Jersey,NAT Watkins,LE Gallichan,GP Meade,0,0,"",""
ball,2,9.6,Jersey,NAT Watkins,LE Gallichan,GP Meade,0,0,"",""
ball,2,10.1,Jersey,LE Gallichan,NAT Watkins,L di Giglio,0,0,"",""
ball,2,10.2,Jersey,LE Gallichan,NAT Watkins,L di Giglio,1,0,"",""
ball,2,10.3,Jersey,NAT Watkins,LE Gallichan,L di Giglio,0,0,"",""
ball,2,10.4,Jersey,NAT Watkins,LE Gallichan,L di Giglio,1,0,"",""
ball,2,10.5,Jersey,LE Gallichan,NAT Watkins,L di Giglio,2,0,"",""
ball,2,10.6,Jersey,LE Gallichan,NAT Watkins,L di Giglio,0,1,"",""
ball,2,10.7,Jersey,LE Gallichan,NAT Watkins,L di Giglio,0,0,"",""
ball,2,11.1,Jersey,NAT Watkins,LE Gallichan,CS Sandri,0,0,"",""
ball,2,11.2,Jersey,NAT Watkins,LE Gallichan,CS Sandri,0,0,"",""
ball,2,11.3,Jersey,NAT Watkins,LE Gallichan,CS Sandri,0,0,"",""
ball,2,11.4,Jersey,NAT Watkins,LE Gallichan,CS Sandri,4,0,"",""
ball,2,11.5,Jersey,NAT Watkins,LE Gallichan,CS Sandri,0,0,"",""
ball,2,11.6,Jersey,NAT Watkins,LE Gallichan,CS Sandri,0,0,"",""
ball,2,12.1,Jersey,LE Gallichan,NAT Watkins,Charanjeet Singh,0,0,"",""
ball,2,12.2,Jersey,LE Gallichan,NAT Watkins,Charanjeet Singh,0,0,"",""
ball,2,12.3,Jersey,LE Gallichan,NAT Watkins,Charanjeet Singh,0,0,"",""
ball,2,12.4,Jersey,LE Gallichan,NAT Watkins,Charanjeet Singh,1,0,"",""
ball,2,12.5,Jersey,NAT Watkins,LE Gallichan,Charanjeet Singh,1,0,"",""
ball,2,12.6,Jersey,LE Gallichan,NAT Watkins,Charanjeet Singh,0,0,"",""
ball,2,13.1,Jersey,NAT Watkins,LE Gallichan,CS Sandri,0,0,"",""
ball,2,13.2,Jersey,NAT Watkins,LE Gallichan,CS Sandri,1,0,"",""
ball,2,13.3,Jersey,LE Gallichan,NAT Watkins,CS Sandri,0,0,"",""
ball,2,13.4,Jersey,LE Gallichan,NAT Watkins,CS Sandri,0,0,"",""
ball,2,13.5,Jersey,LE Gallichan,NAT Watkins,CS Sandri,1,0,"",""
ball,2,13.6,Jersey,NAT Watkins,LE Gallichan,CS Sandri,1,0,"",""
ball,2,14.1,Jersey,NAT Watkins,LE Gallichan,Charanjeet Singh,1,0,"",""
ball,2,14.2,Jersey,LE Gallichan,NAT Watkins,Charanjeet Singh,0,0,"",""
ball,2,14.3,Jersey,LE Gallichan,NAT Watkins,Charanjeet Singh,0,0,"",""
ball,2,14.4,Jersey,LE Gallichan,NAT Watkins,Charanjeet Singh,0,0,"",""
ball,2,14.5,Jersey,LE Gallichan,NAT Watkins,Charanjeet Singh,0,0,"",""
ball,2,14.6,Jersey,LE Gallichan,NAT Watkins,Charanjeet Singh,1,0,"",""
ball,2,15.1,Jersey,LE Gallichan,NAT Watkins,DG Crowley,1,0,"",""
ball,2,15.2,Jersey,NAT Watkins,LE Gallichan,DG Crowley,0,0,"",""
ball,2,15.3,Jersey,NAT Watkins,LE Gallichan,DG Crowley,1,0,"",""
ball,2,15.4,Jersey,LE Gallichan,NAT Watkins,DG Crowley,1,0,"",""
ball,2,15.5,Jersey,NAT Watkins,LE Gallichan,DG Crowley,0,0,"",""
ball,2,15.6,Jersey,NAT Watkins,LE Gallichan,DG Crowley,1,1,"",""
ball,2,15.7,Jersey,LE Gallichan,NAT Watkins,DG Crowley,1,0,"",""
ball,2,16.1,Jersey,LE Gallichan,NAT Watkins,Charanjeet Singh,1,0,"",""
ball,2,16.2,Jersey,NAT Watkins,LE Gallichan,Charanjeet Singh,1,0,"",""
ball,2,16.3,Jersey,LE Gallichan,NAT Watkins,Charanjeet Singh,1,0,"",""
ball,2,16.4,Jersey,NAT Watkins,LE Gallichan,Charanjeet Singh,0,0,"",""
ball,2,16.5,Jersey,NAT Watkins,LE Gallichan,Charanjeet Singh,0,0,"",""
ball,2,16.6,Jersey,NAT Watkins,LE Gallichan,Charanjeet Singh,0,0,"",""
ball,2,17.1,Jersey,LE Gallichan,NAT Watkins,DG Crowley,0,0,"",""
ball,2,17.2,Jersey,LE Gallichan,NAT Watkins,DG Crowley,1,0,"",""
ball,2,17.3,Jersey,NAT Watkins,LE Gallichan,DG Crowley,1,0,"",""
ball,2,17.4,Jersey,LE Gallichan,NAT Watkins,DG Crowley,0,0,stumped,LE Gallichan
ball,2,17.5,Jersey,JW Jenner,NAT Watkins,DG Crowley,0,0,"",""
ball,2,17.6,Jersey,JW Jenner,NAT Watkins,DG Crowley,0,0,"",""
ball,2,18.1,Jersey,NAT Watkins,JW Jenner,Charanjeet Singh,0,0,"",""
ball,2,18.2,Jersey,NAT Watkins,JW Jenner,Charanjeet Singh,0,0,"",""
ball,2,18.3,Jersey,NAT Watkins,JW Jenner,Charanjeet Singh,2,0,"",""
ball,2,18.4,Jersey,NAT Watkins,JW Jenner,Charanjeet Singh,1,0,"",""
ball,2,18.5,Jersey,JW Jenner,NAT Watkins,Charanjeet Singh,4,0,"",""
ball,2,18.6,Jersey,JW Jenner,NAT Watkins,Charanjeet Singh,0,0,"",""
ball,2,19.1,Jersey,NAT Watkins,JW Jenner,DG Crowley,1,0,"",""
ball,2,19.2,Jersey,JW Jenner,NAT Watkins,DG Crowley,0,0,"",""
ball,2,19.3,Jersey,JW Jenner,NAT Watkins,DG Crowley,0,0,"",""
ball,2,19.4,Jersey,JW Jenner,NAT Watkins,DG Crowley,1,0,"",""
ball,2,19.5,Jersey,NAT Watkins,JW Jenner,DG Crowley,0,0,"",""
ball,2,19.6,Jersey,NAT Watkins,JW Jenner,DG Crowley,0,0,"",""
ball,2,20.1,Jersey,JW Jenner,NAT Watkins,Charanjeet Singh,0,0,"",""
ball,2,20.2,Jersey,JW Jenner,NAT Watkins,Charanjeet Singh,0,0,"",""
ball,2,20.3,Jersey,JW Jenner,NAT Watkins,Charanjeet Singh,1,0,"",""
ball,2,20.4,Jersey,NAT Watkins,JW Jenner,Charanjeet Singh,2,0,"",""
ball,2,20.5,Jersey,NAT Watkins,JW Jenner,Charanjeet Singh,1,0,"",""
ball,2,20.6,Jersey,JW Jenner,NAT Watkins,Charanjeet Singh,1,0,"",""
ball,2,21.1,Jersey,JW Jenner,NAT Watkins,CS Sandri,0,0,"",""
ball,2,21.2,Jersey,JW Jenner,NAT Watkins,CS Sandri,1,0,"",""
ball,2,21.3,Jersey,NAT Watkins,JW Jenner,CS Sandri,1,0,"",""
ball,2,21.4,Jersey,JW Jenner,NAT Watkins,CS Sandri,2,0,"",""
ball,2,21.5,Jersey,JW Jenner,NAT Watkins,CS Sandri,0,0,"",""
ball,2,21.6,Jersey,JW Jenner,NAT Watkins,CS Sandri,0,0,"",""
ball,2,22.1,Jersey,NAT Watkins,JW Jenner,DG Crowley,0,0,"",""
ball,2,22.2,Jersey,NAT Watkins,JW Jenner,DG Crowley,4,0,"",""
ball,2,22.3,Jersey,NAT Watkins,JW Jenner,DG Crowley,1,0,"",""
ball,2,22.4,Jersey,JW Jenner,NAT Watkins,DG Crowley,1,0,"",""
ball,2,22.5,Jersey,NAT Watkins,JW Jenner,DG Crowley,0,0,"",""
ball,2,22.6,Jersey,NAT Watkins,JW Jenner,DG Crowley,0,0,"",""
ball,2,23.1,Jersey,JW Jenner,NAT Watkins,CS Sandri,2,0,"",""
ball,2,23.2,Jersey,JW Jenner,NAT Watkins,CS Sandri,0,0,"",""
ball,2,23.3,Jersey,JW Jenner,NAT Watkins,CS Sandri,4,0,"",""
ball,2,23.4,Jersey,JW Jenner,NAT Watkins,CS Sandri,1,0,"",""
ball,2,23.5,Jersey,NAT Watkins,JW Jenner,CS Sandri,0,0,"",""
ball,2,23.6,Jersey,NAT Watkins,JW Jenner,CS Sandri,0,0,"",""
ball,2,24.1,Jersey,JW Jenner,NAT Watkins,DG Crowley,2,0,"",""
ball,2,24.2,Jersey,JW Jenner,NAT Watkins,DG Crowley,0,0,"",""
ball,2,24.3,Jersey,JW Jenner,NAT Watkins,DG Crowley,1,0,"",""
ball,2,24.4,Jersey,NAT Watkins,JW Jenner,DG Crowley,1,0,"",""
ball,2,24.5,Jersey,JW Jenner,NAT Watkins,DG Crowley,0,0,"",""
ball,2,24.6,Jersey,JW Jenner,NAT Watkins,DG Crowley,0,0,"",""
ball,2,25.1,Jersey,NAT Watkins,JW Jenner,CS Sandri,1,0,"",""
ball,2,25.2,Jersey,JW Jenner,NAT Watkins,CS Sandri,1,0,"",""
ball,2,25.3,Jersey,NAT Watkins,JW Jenner,CS Sandri,0,0,"",""
ball,2,25.4,Jersey,NAT Watkins,JW Jenner,CS Sandri,0,0,"",""
ball,2,25.5,Jersey,NAT Watkins,JW Jenner,CS Sandri,1,0,"",""
ball,2,25.6,Jersey,JW Jenner,NAT Watkins,CS Sandri,0,0,"",""
ball,2,26.1,Jersey,NAT Watkins,JW Jenner,DG Crowley,0,0,"",""
ball,2,26.2,Jersey,NAT Watkins,JW Jenner,DG Crowley,1,0,"",""
ball,2,26.3,Jersey,JW Jenner,NAT Watkins,DG Crowley,1,0,"",""
ball,2,26.4,Jersey,NAT Watkins,JW Jenner,DG Crowley,1,0,"",""
ball,2,26.5,Jersey,JW Jenner,NAT Watkins,DG Crowley,0,0,"",""
ball,2,26.6,Jersey,JW Jenner,NAT Watkins,DG Crowley,1,0,"",""
ball,2,27.1,Jersey,JW Jenner,NAT Watkins,MMBRSTC Wanigaratne,0,0,"",""
ball,2,27.2,Jersey,JW Jenner,NAT Watkins,MMBRSTC Wanigaratne,1,0,"",""
ball,2,27.3,Jersey,NAT Watkins,JW Jenner,MMBRSTC Wanigaratne,1,0,"",""
ball,2,27.4,Jersey,JW Jenner,NAT Watkins,MMBRSTC Wanigaratne,2,0,"",""
ball,2,27.5,Jersey,JW Jenner,NAT Watkins,MMBRSTC Wanigaratne,0,0,"",""
ball,2,27.6,Jersey,JW Jenner,NAT Watkins,MMBRSTC Wanigaratne,0,0,"",""
ball,2,28.1,Jersey,NAT Watkins,JW Jenner,DG Crowley,0,0,"",""
ball,2,28.2,Jersey,NAT Watkins,JW Jenner,DG Crowley,0,0,"",""
ball,2,28.3,Jersey,NAT Watkins,JW Jenner,DG Crowley,4,0,"",""
ball,2,28.4,Jersey,NAT Watkins,JW Jenner,DG Crowley,1,0,"",""
ball,2,28.5,Jersey,JW Jenner,NAT Watkins,DG Crowley,1,0,"",""
ball,2,28.6,Jersey,NAT Watkins,JW Jenner,DG Crowley,4,0,"",""
ball,2,29.1,Jersey,JW Jenner,NAT Watkins,MMBRSTC Wanigaratne,0,0,"",""
ball,2,29.2,Jersey,JW Jenner,NAT Watkins,MMBRSTC Wanigaratne,1,0,"",""
ball,2,29.3,Jersey,NAT Watkins,JW Jenner,MMBRSTC Wanigaratne,0,0,"",""
ball,2,29.4,Jersey,NAT Watkins,JW Jenner,MMBRSTC Wanigaratne,1,0,"",""
ball,2,29.5,Jersey,JW Jenner,NAT Watkins,MMBRSTC Wanigaratne,2,0,"",""
ball,2,29.6,Jersey,JW Jenner,NAT Watkins,MMBRSTC Wanigaratne,0,0,"",""
ball,2,30.1,Jersey,NAT Watkins,JW Jenner,GP Meade,1,0,"",""
ball,2,30.2,Jersey,JW Jenner,NAT Watkins,GP Meade,1,0,"",""
ball,2,30.3,Jersey,NAT Watkins,JW Jenner,GP Meade,0,0,"",""
ball,2,30.4,Jersey,NAT Watkins,JW Jenner,GP Meade,0,0,"",""
ball,2,30.5,Jersey,NAT Watkins,JW Jenner,GP Meade,0,0,"",""
ball,2,30.6,Jersey,NAT Watkins,JW Jenner,GP Meade,0,0,"",""
ball,2,31.1,Jersey,JW Jenner,NAT Watkins,MMBRSTC Wanigaratne,1,0,"",""
ball,2,31.2,Jersey,NAT Watkins,JW Jenner,MMBRSTC Wanigaratne,0,0,"",""
ball,2,31.3,Jersey,NAT Watkins,JW Jenner,MMBRSTC Wanigaratne,1,0,"",""
ball,2,31.4,Jersey,JW Jenner,NAT Watkins,MMBRSTC Wanigaratne,1,0,"",""
ball,2,31.5,Jersey,NAT Watkins,JW Jenner,MMBRSTC Wanigaratne,1,0,"",""
ball,2,31.6,Jersey,JW Jenner,NAT Watkins,MMBRSTC Wanigaratne,1,0,"",""
ball,2,32.1,Jersey,JW Jenner,NAT Watkins,GP Meade,0,0,"",""
ball,2,32.2,Jersey,JW Jenner,NAT Watkins,GP Meade,0,0,"",""
ball,2,32.3,Jersey,JW Jenner,NAT Watkins,GP Meade,4,0,"",""
ball,2,32.4,Jersey,JW Jenner,NAT Watkins,GP Meade,1,0,"",""
ball,2,32.5,Jersey,NAT Watkins,JW Jenner,GP Meade,0,0,"",""
ball,2,32.6,Jersey,NAT Watkins,JW Jenner,GP Meade,2,0,"",""
ball,2,33.1,Jersey,JW Jenner,NAT Watkins,CS Sandri,1,0,"",""
ball,2,33.2,Jersey,NAT Watkins,JW Jenner,CS Sandri,0,0,stumped,NAT Watkins
ball,2,33.3,Jersey,W Harris,JW Jenner,CS Sandri,0,0,"",""
ball,2,33.4,Jersey,W Harris,JW Jenner,CS Sandri,1,0,"",""
ball,2,33.5,Jersey,JW Jenner,W Harris,CS Sandri,0,0,"",""
ball,2,33.6,Jersey,JW Jenner,W Harris,CS Sandri,2,0,"",""
ball,2,34.1,Jersey,W Harris,JW Jenner,L di Giglio,0,0,"",""
ball,2,34.2,Jersey,W Harris,JW Jenner,L di Giglio,1,0,"",""
ball,2,34.3,Jersey,JW Jenner,W Harris,L di Giglio,1,0,"",""
ball,2,34.4,Jersey,W Harris,JW Jenner,L di Giglio,0,0,"",""
ball,2,34.5,Jersey,W Harris,JW Jenner,L di Giglio,1,0,"",""
ball,2,34.6,Jersey,JW Jenner,W Harris,L di Giglio,0,0,"",""
ball,2,35.1,Jersey,W Harris,JW Jenner,CS Sandri,2,0,"",""
ball,2,35.2,Jersey,W Harris,JW Jenner,CS Sandri,0,0,hit wicket,W Harris
ball,2,35.3,Jersey,AW Hawkins-Kay,JW Jenner,CS Sandri,0,0,"",""
ball,2,35.4,Jersey,AW Hawkins-Kay,JW Jenner,CS Sandri,0,0,"",""
ball,2,35.5,Jersey,AW Hawkins-Kay,JW Jenner,CS Sandri,0,0,"",""
ball,2,35.6,Jersey,AW Hawkins-Kay,JW Jenner,CS Sandri,0,0,"",""
ball,2,36.1,Jersey,JW Jenner,AW Hawkins-Kay,Charanjeet Singh,1,0,"",""
ball,2,36.2,Jersey,AW Hawkins-Kay,JW Jenner,Charanjeet Singh,1,0,"",""
ball,2,36.3,Jersey,JW Jenner,AW Hawkins-Kay,Charanjeet Singh,1,0,"",""
ball,2,36.4,Jersey,AW Hawkins-Kay,JW Jenner,Charanjeet Singh,0,0,"",""
ball,2,36.5,Jersey,AW Hawkins-Kay,JW Jenner,Charanjeet Singh,2,0,"",""
ball,2,36.6,Jersey,AW Hawkins-Kay,JW Jenner,Charanjeet Singh,0,0,"",""
ball,2,37.1,Jersey,JW Jenner,AW Hawkins-Kay,MMBRSTC Wanigaratne,1,0,"",""
ball,2,37.2,Jersey,AW Hawkins-Kay,JW Jenner,MMBRSTC Wanigaratne,1,0,"",""
ball,2,37.3,Jersey,JW Jenner,AW Hawkins-Kay,MMBRSTC Wanigaratne,0,0,"",""
ball,2,37.4,Jersey,JW Jenner,AW Hawkins-Kay,MMBRSTC Wanigaratne,4,0,"",""
ball,2,37.5,Jersey,JW Jenner,AW Hawkins-Kay,MMBRSTC Wanigaratne,0,0,"",""
ball,2,37.6,Jersey,JW Jenner,AW Hawkins-Kay,MMBRSTC Wanigaratne,0,0,"",""
ball,2,38.1,Jersey,AW Hawkins-Kay,JW Jenner,Charanjeet Singh,1,0,"",""
ball,2,38.2,Jersey,JW Jenner,AW Hawkins-Kay,Charanjeet Singh,0,0,"",""
ball,2,38.3,Jersey,JW Jenner,AW Hawkins-Kay,Charanjeet Singh,0,0,"",""
ball,2,38.4,Jersey,JW Jenner,AW Hawkins-Kay,Charanjeet Singh,1,0,"",""
ball,2,38.5,Jersey,AW Hawkins-Kay,JW Jenner,Charanjeet Singh,0,0,run out,AW Hawkins-Kay
ball,2,38.6,Jersey,JW Jenner,C Bisson,Charanjeet Singh,0,0,"",""
ball,2,39.1,Jersey,C Bisson,JW Jenner,MMBRSTC Wanigaratne,0,0,"",""
ball,2,39.2,Jersey,C Bisson,JW Jenner,MMBRSTC Wanigaratne,2,0,"",""
ball,2,39.3,Jersey,C Bisson,JW Jenner,MMBRSTC Wanigaratne,0,0,"",""
ball,2,39.4,Jersey,C Bisson,JW Jenner,MMBRSTC Wanigaratne,0,0,"",""
ball,2,39.5,Jersey,C Bisson,JW Jenner,MMBRSTC Wanigaratne,0,0,"",""
ball,2,39.6,Jersey,C Bisson,JW Jenner,MMBRSTC Wanigaratne,0,0,"",""
ball,2,40.1,Jersey,JW Jenner,C Bisson,Charanjeet Singh,1,0,"",""
ball,2,40.2,Jersey,C Bisson,JW Jenner,Charanjeet Singh,0,1,"",""
ball,2,40.3,Jersey,JW Jenner,C Bisson,Charanjeet Singh,1,0,"",""
ball,2,40.4,Jersey,C Bisson,JW Jenner,Charanjeet Singh,1,0,"",""
ball,2,40.5,Jersey,JW Jenner,C Bisson,Charanjeet Singh,6,0,"",""
ball,2,40.6,Jersey,JW Jenner,C Bisson,Charanjeet Singh,1,0,"",""
ball,2,41.1,Jersey,JW Jenner,C Bisson,CS Sandri,1,0,"",""
ball,2,41.2,Jersey,C Bisson,JW Jenner,CS Sandri,0,0,"",""
ball,2,41.3,Jersey,C Bisson,JW Jenner,CS Sandri,1,0,"",""
ball,2,41.4,Jersey,JW Jenner,C Bisson,CS Sandri,1,0,"",""
ball,2,41.5,Jersey,C Bisson,JW Jenner,CS Sandri,4,0,"",""
ball,2,41.6,Jersey,C Bisson,JW Jenner,CS Sandri,2,0,"",""
ball,2,42.1,Jersey,JW Jenner,C Bisson,DG Crowley,2,0,"",""
ball,2,42.2,Jersey,JW Jenner,C Bisson,DG Crowley,0,0,"",""
ball,2,42.3,Jersey,JW Jenner,C Bisson,DG Crowley,0,0,"",""
ball,2,42.4,Jersey,JW Jenner,C Bisson,DG Crowley,0,0,"",""
ball,2,42.5,Jersey,JW Jenner,C Bisson,DG Crowley,0,0,"",""
ball,2,42.6,Jersey,JW Jenner,C Bisson,DG Crowley,0,0,caught and bowled,JW Jenner
ball,2,43.1,Jersey,C Bisson,CW Perchard,CS Sandri,1,0,"",""
ball,2,43.2,Jersey,CW Perchard,C Bisson,CS Sandri,0,0,caught and bowled,CW Perchard
ball,2,43.3,Jersey,JE Dunford,C Bisson,CS Sandri,0,0,"",""
ball,2,43.4,Jersey,JE Dunford,C Bisson,CS Sandri,1,0,"",""
ball,2,43.5,Jersey,C Bisson,JE Dunford,CS Sandri,1,0,"",""
ball,2,43.6,Jersey,JE Dunford,C Bisson,CS Sandri,0,0,"",""
ball,2,44.1,Jersey,C Bisson,JE Dunford,DG Crowley,1,0,"",""
ball,2,44.2,Jersey,JE Dunford,C Bisson,DG Crowley,1,0,"",""
ball,2,44.3,Jersey,C Bisson,JE Dunford,DG Crowley,1,0,"",""
ball,2,44.4,Jersey,JE Dunford,C Bisson,DG Crowley,1,0,"",""
ball,2,44.5,Jersey,C Bisson,JE Dunford,DG Crowley,4,0,"",""
ball,2,44.6,Jersey,C Bisson,JE Dunford,DG Crowley,2,0,"",""
ball,2,45.1,Jersey,JE Dunford,C Bisson,MMBRSTC Wanigaratne,1,0,"",""
ball,2,45.2,Jersey,C Bisson,JE Dunford,MMBRSTC Wanigaratne,1,0,"",""
ball,2,45.3,Jersey,JE Dunford,C Bisson,MMBRSTC Wanigaratne,0,0,"",""
ball,2,45.4,Jersey,JE Dunford,C Bisson,MMBRSTC Wanigaratne,1,0,"",""
ball,2,45.5,Jersey,C Bisson,JE Dunford,MMBRSTC Wanigaratne,4,0,"",""
ball,2,45.6,Jersey,C Bisson,JE Dunford,MMBRSTC Wanigaratne,2,0,"",""
ball,2,46.1,Jersey,JE Dunford,C Bisson,GP Meade,1,0,"",""
ball,2,46.2,Jersey,C Bisson,JE Dunford,GP Meade,4,0,"",""
ball,2,46.3,Jersey,C Bisson,JE Dunford,GP Meade,1,0,"",""
ball,2,46.4,Jersey,JE Dunford,C Bisson,GP Meade,0,0,"",""
ball,2,46.5,Jersey,JE Dunford,C Bisson,GP Meade,0,0,"",""
ball,2,46.6,Jersey,JE Dunford,C Bisson,GP Meade,1,0,"",""
ball,2,47.1,Jersey,JE Dunford,C Bisson,CS Sandri,2,0,"",""
ball,2,47.2,Jersey,JE Dunford,C Bisson,CS Sandri,1,0,"",""
ball,2,47.3,Jersey,C Bisson,JE Dunford,CS Sandri,4,0,"",""
ball,2,47.4,Jersey,C Bisson,JE Dunford,CS Sandri,2,0,"",""
ball,2,47.5,Jersey,C Bisson,JE Dunford,CS Sandri,1,0,"",""
ball,2,47.6,Jersey,JE Dunford,C Bisson,CS Sandri,0,0,"",""
ball,2,48.1,Jersey,C Bisson,JE Dunford,GP Meade,1,0,"",""
ball,2,48.2,Jersey,JE Dunford,C Bisson,GP Meade,1,0,"",""
ball,2,48.3,Jersey,C Bisson,JE Dunford,GP Meade,0,0,"",""
ball,2,48.4,Jersey,C Bisson,JE Dunford,GP Meade,1,0,"",""
ball,2,48.5,Jersey,JE Dunford,C Bisson,GP Meade,0,0,"",""
ball,2,48.6,Jersey,JE Dunford,C Bisson,GP Meade,1,0,"",""
ball,2,49.1,Jersey,JE Dunford,C Bisson,L di Giglio,1,0,"",""
ball,2,49.2,Jersey,C Bisson,JE Dunford,L di Giglio,0,0,"",""
ball,2,49.3,Jersey,C Bisson,JE Dunford,L di Giglio,1,0,"",""
