version,1.3.0
info,team,Bermuda
info,team,Denmark
info,gender,male
info,season,2016/17
info,date,2016/11/01
info,competition,ICC World Cricket League Division Four
info,venue,"Wong Cricket Field, Woodley Park"
info,city,Los Angeles
info,neutralvenue,true
info,toss_winner,Denmark
info,toss_decision,field
info,player_of_match,JA DeSilva
info,umpire,L Oala
info,umpire,CM Tuckett
info,reserve_umpire,A Kapa
info,match_referee,D Govindjee
info,winner,Bermuda
info,winner_runs,38
ball,1,0.1,Bermuda,KS Leverock,OL Pitcher,A Khan,1,0,"",""
ball,1,0.2,Bermuda,OL Pitcher,KS Leverock,A Khan,0,0,"",""
ball,1,0.3,Bermuda,OL Pitcher,KS Leverock,A Khan,4,0,"",""
ball,1,0.4,Bermuda,OL Pitcher,KS Leverock,A Khan,0,0,"",""
ball,1,0.5,Bermuda,OL Pitcher,KS Leverock,A Khan,0,0,"",""
ball,1,0.6,Bermuda,OL Pitcher,KS Leverock,A Khan,0,0,"",""
ball,1,1.1,Bermuda,KS Leverock,OL Pitcher,RB Javed,0,0,"",""
ball,1,1.2,Bermuda,KS Leverock,OL Pitcher,RB Javed,0,2,"",""
ball,1,1.3,Bermuda,OL Pitcher,KS Leverock,RB Javed,1,0,"",""
ball,1,1.4,Bermuda,KS Leverock,OL Pitcher,RB Javed,4,0,"",""
ball,1,1.5,Bermuda,KS Leverock,OL Pitcher,RB Javed,0,0,"",""
ball,1,1.6,Bermuda,KS Leverock,OL Pitcher,RB Javed,0,0,"",""
ball,1,1.7,Bermuda,KS Leverock,OL Pitcher,RB Javed,0,0,"",""
ball,1,2.1,Bermuda,OL Pitcher,KS Leverock,A Khan,0,0,"",""
ball,1,2.2,Bermuda,OL Pitcher,KS Leverock,A Khan,0,0,"",""
ball,1,2.3,Bermuda,OL Pitcher,KS Leverock,A Khan,0,0,"",""
ball,1,2.4,Bermuda,OL Pitcher,KS Leverock,A Khan,0,0,"",""
ball,1,2.5,Bermuda,OL Pitcher,KS Leverock,A Khan,0,0,"",""
ball,1,2.6,Bermuda,OL Pitcher,KS Leverock,A Khan,0,0,"",""
ball,1,3.1,Bermuda,KS Leverock,OL Pitcher,RB Javed,0,0,"",""
ball,1,3.2,Bermuda,KS Leverock,OL Pitcher,RB Javed,0,0,caught,KS Leverock
ball,1,3.3,Bermuda,DMW Rawlins,OL Pitcher,RB Javed,0,0,"",""
ball,1,3.4,Bermuda,DMW Rawlins,OL Pitcher,RB Javed,0,0,"",""
ball,1,3.5,Bermuda,DMW Rawlins,OL Pitcher,RB Javed,1,0,"",""
ball,1,3.6,Bermuda,OL Pitcher,DMW Rawlins,RB Javed,1,0,"",""
ball,1,4.1,Bermuda,OL Pitcher,DMW Rawlins,A Khan,0,0,"",""
ball,1,4.2,Bermuda,OL Pitcher,DMW Rawlins,A Khan,0,0,"",""
ball,1,4.3,Bermuda,OL Pitcher,DMW Rawlins,A Khan,0,0,"",""
ball,1,4.4,Bermuda,OL Pitcher,DMW Rawlins,A Khan,0,0,"",""
ball,1,4.5,Bermuda,OL Pitcher,DMW Rawlins,A Khan,0,0,"",""
ball,1,4.6,Bermuda,OL Pitcher,DMW Rawlins,A Khan,0,0,"",""
ball,1,5.1,Bermuda,DMW Rawlins,OL Pitcher,RB Javed,0,0,"",""
ball,1,5.2,Bermuda,DMW Rawlins,OL Pitcher,RB Javed,0,0,"",""
ball,1,5.3,Bermuda,DMW Rawlins,OL Pitcher,RB Javed,0,0,"",""
ball,1,5.4,Bermuda,DMW Rawlins,OL Pitcher,RB Javed,0,1,"",""
ball,1,5.5,Bermuda,OL Pitcher,DMW Rawlins,RB Javed,0,0,"",""
ball,1,5.6,Bermuda,OL Pitcher,DMW Rawlins,RB Javed,0,0,"",""
ball,1,6.1,Bermuda,DMW Rawlins,OL Pitcher,A Khan,0,0,"",""
ball,1,6.2,Bermuda,DMW Rawlins,OL Pitcher,A Khan,1,0,"",""
ball,1,6.3,Bermuda,OL Pitcher,DMW Rawlins,A Khan,0,0,"",""
ball,1,6.4,Bermuda,OL Pitcher,DMW Rawlins,A Khan,0,0,"",""
ball,1,6.5,Bermuda,OL Pitcher,DMW Rawlins,A Khan,0,0,"",""
ball,1,6.6,Bermuda,OL Pitcher,DMW Rawlins,A Khan,0,0,"",""
ball,1,7.1,Bermuda,DMW Rawlins,OL Pitcher,RB Javed,1,0,"",""
ball,1,7.2,Bermuda,OL Pitcher,DMW Rawlins,RB Javed,0,0,"",""
ball,1,7.3,Bermuda,OL Pitcher,DMW Rawlins,RB Javed,0,0,"",""
ball,1,7.4,Bermuda,OL Pitcher,DMW Rawlins,RB Javed,1,0,"",""
ball,1,7.5,Bermuda,DMW Rawlins,OL Pitcher,RB Javed,0,0,"",""
ball,1,7.6,Bermuda,DMW Rawlins,OL Pitcher,RB Javed,0,0,"",""
ball,1,8.1,Bermuda,OL Pitcher,DMW Rawlins,A Khan,0,0,"",""
ball,1,8.2,Bermuda,OL Pitcher,DMW Rawlins,A Khan,1,0,"",""
ball,1,8.3,Bermuda,DMW Rawlins,OL Pitcher,A Khan,0,1,"",""
ball,1,8.4,Bermuda,DMW Rawlins,OL Pitcher,A Khan,0,0,"",""
ball,1,8.5,Bermuda,DMW Rawlins,OL Pitcher,A Khan,0,0,"",""
ball,1,8.6,Bermuda,DMW Rawlins,OL Pitcher,A Khan,0,0,"",""
ball,1,8.7,Bermuda,DMW Rawlins,OL Pitcher,A Khan,4,0,"",""
ball,1,9.1,Bermuda,OL Pitcher,DMW Rawlins,RB Javed,0,0,"",""
ball,1,9.2,Bermuda,OL Pitcher,DMW Rawlins,RB Javed,0,0,"",""
ball,1,9.3,Bermuda,OL Pitcher,DMW Rawlins,RB Javed,0,1,"",""
ball,1,9.4,Bermuda,OL Pitcher,DMW Rawlins,RB Javed,0,0,"",""
ball,1,9.5,Bermuda,OL Pitcher,DMW Rawlins,RB Javed,0,0,"",""
ball,1,9.6,Bermuda,OL Pitcher,DMW Rawlins,RB Javed,4,0,"",""
ball,1,9.7,Bermuda,OL Pitcher,DMW Rawlins,RB Javed,0,0,"",""
ball,1,10.1,Bermuda,DMW Rawlins,OL Pitcher,Aftab Ahmed (2),0,1,"",""
ball,1,10.2,Bermuda,DMW Rawlins,OL Pitcher,Aftab Ahmed (2),0,0,"",""
ball,1,10.3,Bermuda,DMW Rawlins,OL Pitcher,Aftab Ahmed (2),1,0,"",""
ball,1,10.4,Bermuda,OL Pitcher,DMW Rawlins,Aftab Ahmed (2),1,0,"",""
ball,1,10.5,Bermuda,DMW Rawlins,OL Pitcher,Aftab Ahmed (2),0,0,"",""
ball,1,10.6,Bermuda,DMW Rawlins,OL Pitcher,Aftab Ahmed (2),0,1,"",""
ball,1,10.7,Bermuda,OL Pitcher,DMW Rawlins,Aftab Ahmed (2),0,0,"",""
ball,1,11.1,Bermuda,DMW Rawlins,OL Pitcher,Yasir Iqbal,0,3,"",""
ball,1,11.2,Bermuda,DMW Rawlins,OL Pitcher,Yasir Iqbal,0,0,"",""
ball,1,11.3,Bermuda,DMW Rawlins,OL Pitcher,Yasir Iqbal,0,0,"",""
ball,1,11.4,Bermuda,DMW Rawlins,OL Pitcher,Yasir Iqbal,0,0,"",""
ball,1,11.5,Bermuda,DMW Rawlins,OL Pitcher,Yasir Iqbal,0,0,"",""
ball,1,11.6,Bermuda,DMW Rawlins,OL Pitcher,Yasir Iqbal,0,0,"",""
ball,1,11.7,Bermuda,DMW Rawlins,OL Pitcher,Yasir Iqbal,0,1,"",""
ball,1,11.8,Bermuda,DMW Rawlins,OL Pitcher,Yasir Iqbal,2,0,"",""
ball,1,12.1,Bermuda,OL Pitcher,DMW Rawlins,Aftab Ahmed (2),1,0,"",""
ball,1,12.2,Bermuda,DMW Rawlins,OL Pitcher,Aftab Ahmed (2),0,0,"",""
ball,1,12.3,Bermuda,DMW Rawlins,OL Pitcher,Aftab Ahmed (2),0,0,"",""
ball,1,12.4,Bermuda,DMW Rawlins,OL Pitcher,Aftab Ahmed (2),2,0,"",""
ball,1,12.5,Bermuda,DMW Rawlins,OL Pitcher,Aftab Ahmed (2),0,0,"",""
ball,1,12.6,Bermuda,DMW Rawlins,OL Pitcher,Aftab Ahmed (2),0,0,"",""
ball,1,13.1,Bermuda,OL Pitcher,DMW Rawlins,Yasir Iqbal,4,0,"",""
ball,1,13.2,Bermuda,OL Pitcher,DMW Rawlins,Yasir Iqbal,0,0,"",""
ball,1,13.3,Bermuda,OL Pitcher,DMW Rawlins,Yasir Iqbal,0,0,"",""
ball,1,13.4,Bermuda,OL Pitcher,DMW Rawlins,Yasir Iqbal,0,0,"",""
ball,1,13.5,Bermuda,OL Pitcher,DMW Rawlins,Yasir Iqbal,0,0,"",""
ball,1,13.6,Bermuda,OL Pitcher,DMW Rawlins,Yasir Iqbal,0,0,"",""
ball,1,14.1,Bermuda,DMW Rawlins,OL Pitcher,Aftab Ahmed (2),0,0,"",""
ball,1,14.2,Bermuda,DMW Rawlins,OL Pitcher,Aftab Ahmed (2),0,0,"",""
ball,1,14.3,Bermuda,DMW Rawlins,OL Pitcher,Aftab Ahmed (2),4,0,"",""
ball,1,14.4,Bermuda,DMW Rawlins,OL Pitcher,Aftab Ahmed (2),0,1,"",""
ball,1,14.5,Bermuda,DMW Rawlins,OL Pitcher,Aftab Ahmed (2),1,0,"",""
ball,1,14.6,Bermuda,OL Pitcher,DMW Rawlins,Aftab Ahmed (2),2,0,"",""
ball,1,14.7,Bermuda,OL Pitcher,DMW Rawlins,Aftab Ahmed (2),4,0,"",""
ball,1,15.1,Bermuda,DMW Rawlins,OL Pitcher,SA Ahmad,1,0,"",""
ball,1,15.2,Bermuda,OL Pitcher,DMW Rawlins,SA Ahmad,0,1,"",""
ball,1,15.3,Bermuda,OL Pitcher,DMW Rawlins,SA Ahmad,0,0,"",""
ball,1,15.4,Bermuda,OL Pitcher,DMW Rawlins,SA Ahmad,0,0,"",""
ball,1,15.5,Bermuda,OL Pitcher,DMW Rawlins,SA Ahmad,0,0,"",""
ball,1,15.6,Bermuda,OL Pitcher,DMW Rawlins,SA Ahmad,0,0,"",""
ball,1,15.7,Bermuda,OL Pitcher,DMW Rawlins,SA Ahmad,2,0,"",""
ball,1,16.1,Bermuda,DMW Rawlins,OL Pitcher,Bashir Shah,0,0,"",""
ball,1,16.2,Bermuda,DMW Rawlins,OL Pitcher,Bashir Shah,0,1,"",""
ball,1,16.3,Bermuda,DMW Rawlins,OL Pitcher,Bashir Shah,0,0,"",""
ball,1,16.4,Bermuda,DMW Rawlins,OL Pitcher,Bashir Shah,0,0,"",""
ball,1,16.5,Bermuda,DMW Rawlins,OL Pitcher,Bashir Shah,1,0,"",""
ball,1,16.6,Bermuda,OL Pitcher,DMW Rawlins,Bashir Shah,0,0,"",""
ball,1,16.7,Bermuda,OL Pitcher,DMW Rawlins,Bashir Shah,1,0,"",""
ball,1,17.1,Bermuda,OL Pitcher,DMW Rawlins,SA Ahmad,0,0,"",""
ball,1,17.2,Bermuda,OL Pitcher,DMW Rawlins,SA Ahmad,1,0,"",""
ball,1,17.3,Bermuda,DMW Rawlins,OL Pitcher,SA Ahmad,0,0,"",""
ball,1,17.4,Bermuda,DMW Rawlins,OL Pitcher,SA Ahmad,0,0,"",""
ball,1,17.5,Bermuda,DMW Rawlins,OL Pitcher,SA Ahmad,6,0,"",""
ball,1,17.6,Bermuda,DMW Rawlins,OL Pitcher,SA Ahmad,0,1,"",""
ball,1,17.7,Bermuda,OL Pitcher,DMW Rawlins,SA Ahmad,0,0,"",""
ball,1,18.1,Bermuda,DMW Rawlins,OL Pitcher,Bashir Shah,0,0,"",""
ball,1,18.2,Bermuda,DMW Rawlins,OL Pitcher,Bashir Shah,4,0,"",""
ball,1,18.3,Bermuda,DMW Rawlins,OL Pitcher,Bashir Shah,0,0,"",""
ball,1,18.4,Bermuda,DMW Rawlins,OL Pitcher,Bashir Shah,1,0,"",""
ball,1,18.5,Bermuda,OL Pitcher,DMW Rawlins,Bashir Shah,2,0,"",""
ball,1,18.6,Bermuda,OL Pitcher,DMW Rawlins,Bashir Shah,0,0,"",""
ball,1,19.1,Bermuda,DMW Rawlins,OL Pitcher,SA Ahmad,1,0,"",""
ball,1,19.2,Bermuda,OL Pitcher,DMW Rawlins,SA Ahmad,0,0,"",""
ball,1,19.3,Bermuda,OL Pitcher,DMW Rawlins,SA Ahmad,0,0,"",""
ball,1,19.4,Bermuda,OL Pitcher,DMW Rawlins,SA Ahmad,1,0,"",""
ball,1,19.5,Bermuda,DMW Rawlins,OL Pitcher,SA Ahmad,1,0,"",""
ball,1,19.6,Bermuda,OL Pitcher,DMW Rawlins,SA Ahmad,0,0,bowled,OL Pitcher
ball,1,20.1,Bermuda,DMW Rawlins,T Manders,HAM Shah,0,0,"",""
ball,1,20.2,Bermuda,DMW Rawlins,T Manders,HAM Shah,1,0,"",""
ball,1,20.3,Bermuda,T Manders,DMW Rawlins,HAM Shah,1,0,"",""
ball,1,20.4,Bermuda,DMW Rawlins,T Manders,HAM Shah,0,0,"",""
ball,1,20.5,Bermuda,DMW Rawlins,T Manders,HAM Shah,1,0,"",""
ball,1,20.6,Bermuda,T Manders,DMW Rawlins,HAM Shah,0,0,"",""
ball,1,21.1,Bermuda,DMW Rawlins,T Manders,SA Ahmad,0,2,"",""
ball,1,21.2,Bermuda,DMW Rawlins,T Manders,SA Ahmad,1,0,"",""
ball,1,21.3,Bermuda,T Manders,DMW Rawlins,SA Ahmad,0,0,"",""
ball,1,21.4,Bermuda,T Manders,DMW Rawlins,SA Ahmad,0,0,"",""
ball,1,21.5,Bermuda,T Manders,DMW Rawlins,SA Ahmad,0,0,"",""
ball,1,21.6,Bermuda,T Manders,DMW Rawlins,SA Ahmad,0,0,"",""
ball,1,22.1,Bermuda,DMW Rawlins,T Manders,HAM Shah,0,0,"",""
ball,1,22.2,Bermuda,DMW Rawlins,T Manders,HAM Shah,0,0,"",""
ball,1,22.3,Bermuda,DMW Rawlins,T Manders,HAM Shah,2,0,"",""
ball,1,22.4,Bermuda,DMW Rawlins,T Manders,HAM Shah,2,0,"",""
ball,1,22.5,Bermuda,DMW Rawlins,T Manders,HAM Shah,0,0,"",""
ball,1,22.6,Bermuda,DMW Rawlins,T Manders,HAM Shah,0,0,lbw,DMW Rawlins
ball,1,23.1,Bermuda,T Manders,DC Stovell,SA Ahmad,0,0,"",""
ball,1,23.2,Bermuda,T Manders,DC Stovell,SA Ahmad,1,0,"",""
ball,1,23.3,Bermuda,DC Stovell,T Manders,SA Ahmad,1,0,"",""
ball,1,23.4,Bermuda,T Manders,DC Stovell,SA Ahmad,0,0,caught,T Manders
ball,1,23.5,Bermuda,JJ Tucker,DC Stovell,SA Ahmad,1,0,"",""
ball,1,23.6,Bermuda,DC Stovell,JJ Tucker,SA Ahmad,0,0,"",""
ball,1,24.1,Bermuda,JJ Tucker,DC Stovell,HAM Shah,0,0,"",""
ball,1,24.2,Bermuda,JJ Tucker,DC Stovell,HAM Shah,0,0,"",""
ball,1,24.3,Bermuda,JJ Tucker,DC Stovell,HAM Shah,0,0,"",""
ball,1,24.4,Bermuda,JJ Tucker,DC Stovell,HAM Shah,0,0,"",""
ball,1,24.5,Bermuda,JJ Tucker,DC Stovell,HAM Shah,0,0,caught,JJ Tucker
ball,1,24.6,Bermuda,S Bremar,DC Stovell,HAM Shah,0,0,"",""
ball,1,25.1,Bermuda,DC Stovell,S Bremar,SA Ahmad,0,0,"",""
ball,1,25.2,Bermuda,DC Stovell,S Bremar,SA Ahmad,0,0,"",""
ball,1,25.3,Bermuda,DC Stovell,S Bremar,SA Ahmad,1,0,"",""
ball,1,25.4,Bermuda,S Bremar,DC Stovell,SA Ahmad,0,0,"",""
ball,1,25.5,Bermuda,S Bremar,DC Stovell,SA Ahmad,4,0,"",""
ball,1,25.6,Bermuda,S Bremar,DC Stovell,SA Ahmad,0,0,"",""
ball,1,26.1,Bermuda,DC Stovell,S Bremar,HAM Shah,0,0,"",""
ball,1,26.2,Bermuda,DC Stovell,S Bremar,HAM Shah,0,0,"",""
ball,1,26.3,Bermuda,DC Stovell,S Bremar,HAM Shah,4,0,"",""
ball,1,26.4,Bermuda,DC Stovell,S Bremar,HAM Shah,0,0,"",""
ball,1,26.5,Bermuda,DC Stovell,S Bremar,HAM Shah,1,0,"",""
ball,1,26.6,Bermuda,S Bremar,DC Stovell,HAM Shah,0,0,"",""
ball,1,27.1,Bermuda,DC Stovell,S Bremar,A Khan,0,1,"",""
ball,1,27.2,Bermuda,DC Stovell,S Bremar,A Khan,0,0,"",""
ball,1,27.3,Bermuda,DC Stovell,S Bremar,A Khan,0,0,"",""
ball,1,27.4,Bermuda,DC Stovell,S Bremar,A Khan,0,0,"",""
ball,1,27.5,Bermuda,DC Stovell,S Bremar,A Khan,0,0,"",""
ball,1,27.6,Bermuda,DC Stovell,S Bremar,A Khan,0,0,"",""
ball,1,27.7,Bermuda,DC Stovell,S Bremar,A Khan,2,0,"",""
ball,1,28.1,Bermuda,S Bremar,DC Stovell,HAM Shah,1,0,"",""
ball,1,28.2,Bermuda,DC Stovell,S Bremar,HAM Shah,0,0,"",""
ball,1,28.3,Bermuda,DC Stovell,S Bremar,HAM Shah,0,0,"",""
ball,1,28.4,Bermuda,DC Stovell,S Bremar,HAM Shah,0,0,"",""
ball,1,28.5,Bermuda,DC Stovell,S Bremar,HAM Shah,1,0,"",""
ball,1,28.6,Bermuda,S Bremar,DC Stovell,HAM Shah,0,0,"",""
ball,1,29.1,Bermuda,DC Stovell,S Bremar,Bashir Shah,1,0,"",""
ball,1,29.2,Bermuda,S Bremar,DC Stovell,Bashir Shah,0,0,"",""
ball,1,29.3,Bermuda,S Bremar,DC Stovell,Bashir Shah,0,0,"",""
ball,1,29.4,Bermuda,S Bremar,DC Stovell,Bashir Shah,1,0,"",""
ball,1,29.5,Bermuda,DC Stovell,S Bremar,Bashir Shah,3,0,"",""
ball,1,29.6,Bermuda,S Bremar,DC Stovell,Bashir Shah,0,0,"",""
ball,1,30.1,Bermuda,DC Stovell,S Bremar,HAM Shah,0,0,"",""
ball,1,30.2,Bermuda,DC Stovell,S Bremar,HAM Shah,0,0,"",""
ball,1,30.3,Bermuda,DC Stovell,S Bremar,HAM Shah,1,0,"",""
ball,1,30.4,Bermuda,S Bremar,DC Stovell,HAM Shah,0,2,"",""
ball,1,30.5,Bermuda,DC Stovell,S Bremar,HAM Shah,1,0,"",""
ball,1,30.6,Bermuda,S Bremar,DC Stovell,HAM Shah,1,0,"",""
ball,1,30.7,Bermuda,DC Stovell,S Bremar,HAM Shah,0,0,"",""
ball,1,31.1,Bermuda,S Bremar,DC Stovell,Bashir Shah,0,0,"",""
ball,1,31.2,Bermuda,S Bremar,DC Stovell,Bashir Shah,0,0,"",""
ball,1,31.3,Bermuda,S Bremar,DC Stovell,Bashir Shah,0,0,"",""
ball,1,31.4,Bermuda,S Bremar,DC Stovell,Bashir Shah,1,0,"",""
ball,1,31.5,Bermuda,DC Stovell,S Bremar,Bashir Shah,1,0,"",""
ball,1,31.6,Bermuda,S Bremar,DC Stovell,Bashir Shah,4,0,"",""
ball,1,32.1,Bermuda,DC Stovell,S Bremar,HAM Shah,0,0,"",""
ball,1,32.2,Bermuda,DC Stovell,S Bremar,HAM Shah,0,0,"",""
ball,1,32.3,Bermuda,DC Stovell,S Bremar,HAM Shah,0,0,"",""
ball,1,32.4,Bermuda,DC Stovell,S Bremar,HAM Shah,0,0,"",""
ball,1,32.5,Bermuda,DC Stovell,S Bremar,HAM Shah,0,0,"",""
ball,1,32.6,Bermuda,DC Stovell,S Bremar,HAM Shah,0,1,"",""
ball,1,32.7,Bermuda,DC Stovell,S Bremar,HAM Shah,3,0,"",""
ball,1,33.1,Bermuda,DC Stovell,S Bremar,Bashir Shah,1,0,"",""
ball,1,33.2,Bermuda,S Bremar,DC Stovell,Bashir Shah,0,0,"",""
ball,1,33.3,Bermuda,S Bremar,DC Stovell,Bashir Shah,0,0,"",""
ball,1,33.4,Bermuda,S Bremar,DC Stovell,Bashir Shah,0,0,"",""
ball,1,33.5,Bermuda,S Bremar,DC Stovell,Bashir Shah,2,0,"",""
ball,1,33.6,Bermuda,S Bremar,DC Stovell,Bashir Shah,0,1,"",""
ball,1,34.1,Bermuda,S Bremar,DC Stovell,SA Ahmad,1,0,"",""
ball,1,34.2,Bermuda,DC Stovell,S Bremar,SA Ahmad,1,0,"",""
ball,1,34.3,Bermuda,S Bremar,DC Stovell,SA Ahmad,0,0,"",""
ball,1,34.4,Bermuda,S Bremar,DC Stovell,SA Ahmad,1,0,"",""
ball,1,34.5,Bermuda,DC Stovell,S Bremar,SA Ahmad,1,0,"",""
ball,1,34.6,Bermuda,S Bremar,DC Stovell,SA Ahmad,0,0,"",""
ball,1,35.1,Bermuda,DC Stovell,S Bremar,Bashir Shah,0,0,"",""
ball,1,35.2,Bermuda,DC Stovell,S Bremar,Bashir Shah,2,0,"",""
ball,1,35.3,Bermuda,DC Stovell,S Bremar,Bashir Shah,2,0,"",""
ball,1,35.4,Bermuda,DC Stovell,S Bremar,Bashir Shah,0,0,"",""
ball,1,35.5,Bermuda,DC Stovell,S Bremar,Bashir Shah,1,0,"",""
ball,1,35.6,Bermuda,S Bremar,DC Stovell,Bashir Shah,0,0,"",""
ball,1,36.1,Bermuda,DC Stovell,S Bremar,SA Ahmad,0,0,"",""
ball,1,36.2,Bermuda,DC Stovell,S Bremar,SA Ahmad,1,0,"",""
ball,1,36.3,Bermuda,S Bremar,DC Stovell,SA Ahmad,0,0,"",""
ball,1,36.4,Bermuda,S Bremar,DC Stovell,SA Ahmad,0,0,"",""
ball,1,36.5,Bermuda,S Bremar,DC Stovell,SA Ahmad,1,0,"",""
ball,1,36.6,Bermuda,DC Stovell,S Bremar,SA Ahmad,2,0,"",""
ball,1,37.1,Bermuda,S Bremar,DC Stovell,Bashir Shah,0,0,"",""
ball,1,37.2,Bermuda,S Bremar,DC Stovell,Bashir Shah,0,0,lbw,S Bremar
ball,1,37.3,Bermuda,JA DeSilva,DC Stovell,Bashir Shah,0,0,"",""
ball,1,37.4,Bermuda,JA DeSilva,DC Stovell,Bashir Shah,0,0,"",""
ball,1,37.5,Bermuda,JA DeSilva,DC Stovell,Bashir Shah,0,0,"",""
ball,1,37.6,Bermuda,JA DeSilva,DC Stovell,Bashir Shah,0,0,"",""
ball,1,38.1,Bermuda,DC Stovell,JA DeSilva,SA Ahmad,1,0,"",""
ball,1,38.2,Bermuda,JA DeSilva,DC Stovell,SA Ahmad,0,0,"",""
ball,1,38.3,Bermuda,JA DeSilva,DC Stovell,SA Ahmad,0,0,"",""
ball,1,38.4,Bermuda,JA DeSilva,DC Stovell,SA Ahmad,1,0,"",""
ball,1,38.5,Bermuda,DC Stovell,JA DeSilva,SA Ahmad,0,0,"",""
ball,1,38.6,Bermuda,DC Stovell,JA DeSilva,SA Ahmad,4,0,"",""
ball,1,39.1,Bermuda,JA DeSilva,DC Stovell,Bashir Shah,1,0,"",""
ball,1,39.2,Bermuda,DC Stovell,JA DeSilva,Bashir Shah,0,0,"",""
ball,1,39.3,Bermuda,DC Stovell,JA DeSilva,Bashir Shah,2,0,"",""
ball,1,39.4,Bermuda,DC Stovell,JA DeSilva,Bashir Shah,0,1,"",""
ball,1,39.5,Bermuda,DC Stovell,JA DeSilva,Bashir Shah,0,3,"",""
ball,1,39.6,Bermuda,DC Stovell,JA DeSilva,Bashir Shah,0,0,"",""
ball,1,39.7,Bermuda,DC Stovell,JA DeSilva,Bashir Shah,0,0,caught,DC Stovell
ball,1,39.8,Bermuda,DAW Hollis,JA DeSilva,Bashir Shah,0,0,"",""
ball,1,40.1,Bermuda,JA DeSilva,DAW Hollis,A Khan,1,0,"",""
ball,1,40.2,Bermuda,DAW Hollis,JA DeSilva,A Khan,0,1,"",""
ball,1,40.3,Bermuda,JA DeSilva,DAW Hollis,A Khan,1,0,"",""
ball,1,40.4,Bermuda,DAW Hollis,JA DeSilva,A Khan,1,0,"",""
ball,1,40.5,Bermuda,JA DeSilva,DAW Hollis,A Khan,0,0,"",""
ball,1,40.6,Bermuda,JA DeSilva,DAW Hollis,A Khan,1,0,"",""
ball,1,41.1,Bermuda,JA DeSilva,DAW Hollis,Bashir Shah,0,0,"",""
ball,1,41.2,Bermuda,JA DeSilva,DAW Hollis,Bashir Shah,4,0,"",""
ball,1,41.3,Bermuda,JA DeSilva,DAW Hollis,Bashir Shah,1,0,"",""
ball,1,41.4,Bermuda,DAW Hollis,JA DeSilva,Bashir Shah,0,0,"",""
ball,1,41.5,Bermuda,DAW Hollis,JA DeSilva,Bashir Shah,1,0,"",""
ball,1,41.6,Bermuda,JA DeSilva,DAW Hollis,Bashir Shah,4,0,"",""
ball,1,42.1,Bermuda,DAW Hollis,JA DeSilva,A Khan,0,0,"",""
ball,1,42.2,Bermuda,DAW Hollis,JA DeSilva,A Khan,0,2,"",""
ball,1,42.3,Bermuda,DAW Hollis,JA DeSilva,A Khan,0,0,"",""
ball,1,42.4,Bermuda,DAW Hollis,JA DeSilva,A Khan,1,0,"",""
ball,1,42.5,Bermuda,JA DeSilva,DAW Hollis,A Khan,0,0,"",""
ball,1,42.6,Bermuda,JA DeSilva,DAW Hollis,A Khan,0,0,"",""
ball,1,43.1,Bermuda,DAW Hollis,JA DeSilva,HAM Shah,4,0,"",""
ball,1,43.2,Bermuda,DAW Hollis,JA DeSilva,HAM Shah,0,0,"",""
ball,1,43.3,Bermuda,DAW Hollis,JA DeSilva,HAM Shah,0,0,"",""
ball,1,43.4,Bermuda,DAW Hollis,JA DeSilva,HAM Shah,0,0,"",""
ball,1,43.5,Bermuda,DAW Hollis,JA DeSilva,HAM Shah,1,0,"",""
ball,1,43.6,Bermuda,JA DeSilva,DAW Hollis,HAM Shah,1,0,"",""
ball,1,44.1,Bermuda,JA DeSilva,DAW Hollis,Aftab Ahmed (2),4,0,"",""
ball,1,44.2,Bermuda,JA DeSilva,DAW Hollis,Aftab Ahmed (2),0,0,"",""
ball,1,44.3,Bermuda,JA DeSilva,DAW Hollis,Aftab Ahmed (2),1,0,"",""
ball,1,44.4,Bermuda,DAW Hollis,JA DeSilva,Aftab Ahmed (2),0,0,"",""
ball,1,44.5,Bermuda,DAW Hollis,JA DeSilva,Aftab Ahmed (2),1,0,"",""
ball,1,44.6,Bermuda,JA DeSilva,DAW Hollis,Aftab Ahmed (2),0,0,"",""
ball,1,45.1,Bermuda,DAW Hollis,JA DeSilva,HAM Shah,0,0,"",""
ball,1,45.2,Bermuda,DAW Hollis,JA DeSilva,HAM Shah,0,0,"",""
ball,1,45.3,Bermuda,DAW Hollis,JA DeSilva,HAM Shah,1,0,"",""
ball,1,45.4,Bermuda,JA DeSilva,DAW Hollis,HAM Shah,2,0,"",""
ball,1,45.5,Bermuda,JA DeSilva,DAW Hollis,HAM Shah,1,0,"",""
ball,1,45.6,Bermuda,DAW Hollis,JA DeSilva,HAM Shah,0,0,"",""
ball,1,46.1,Bermuda,JA DeSilva,DAW Hollis,Aftab Ahmed (2),1,0,"",""
ball,1,46.2,Bermuda,DAW Hollis,JA DeSilva,Aftab Ahmed (2),1,0,"",""
ball,1,46.3,Bermuda,JA DeSilva,DAW Hollis,Aftab Ahmed (2),1,0,"",""
ball,1,46.4,Bermuda,DAW Hollis,JA DeSilva,Aftab Ahmed (2),1,0,"",""
ball,1,46.5,Bermuda,JA DeSilva,DAW Hollis,Aftab Ahmed (2),0,1,"",""
ball,1,46.6,Bermuda,DAW Hollis,JA DeSilva,Aftab Ahmed (2),0,0,"",""
ball,1,47.1,Bermuda,JA DeSilva,DAW Hollis,HAM Shah,1,0,"",""
ball,1,47.2,Bermuda,DAW Hollis,JA DeSilva,HAM Shah,1,0,"",""
ball,1,47.3,Bermuda,JA DeSilva,DAW Hollis,HAM Shah,0,0,"",""
ball,1,47.4,Bermuda,JA DeSilva,DAW Hollis,HAM Shah,1,0,"",""
ball,1,47.5,Bermuda,DAW Hollis,JA DeSilva,HAM Shah,1,0,"",""
ball,1,47.6,Bermuda,JA DeSilva,DAW Hollis,HAM Shah,0,0,"",""
ball,1,48.1,Bermuda,DAW Hollis,JA DeSilva,Aftab Ahmed (2),0,0,"",""
ball,1,48.2,Bermuda,DAW Hollis,JA DeSilva,Aftab Ahmed (2),1,0,"",""
ball,1,48.3,Bermuda,JA DeSilva,DAW Hollis,Aftab Ahmed (2),1,0,"",""
ball,1,48.4,Bermuda,DAW Hollis,JA DeSilva,Aftab Ahmed (2),1,0,"",""
ball,1,48.5,Bermuda,JA DeSilva,DAW Hollis,Aftab Ahmed (2),0,0,"",""
ball,1,48.6,Bermuda,JA DeSilva,DAW Hollis,Aftab Ahmed (2),0,5,"",""
ball,1,48.7,Bermuda,JA DeSilva,DAW Hollis,Aftab Ahmed (2),1,0,"",""
ball,1,49.1,Bermuda,JA DeSilva,DAW Hollis,SA Ahmad,1,0,"",""
ball,1,49.2,Bermuda,DAW Hollis,JA DeSilva,SA Ahmad,2,0,"",""
ball,1,49.3,Bermuda,DAW Hollis,JA DeSilva,SA Ahmad,0,0,"",""
ball,1,49.4,Bermuda,DAW Hollis,JA DeSilva,SA Ahmad,0,1,"",""
ball,1,49.5,Bermuda,DAW Hollis,JA DeSilva,SA Ahmad,1,0,"",""
ball,1,49.6,Bermuda,JA DeSilva,DAW Hollis,SA Ahmad,2,0,"",""
ball,1,49.7,Bermuda,JA DeSilva,DAW Hollis,SA Ahmad,1,0,"",""
ball,2,0.1,Denmark,FA Klokker,Aftab Ahmed (2),JA DeSilva,4,0,"",""
ball,2,0.2,Denmark,FA Klokker,Aftab Ahmed (2),JA DeSilva,0,0,"",""
ball,2,0.3,Denmark,FA Klokker,Aftab Ahmed (2),JA DeSilva,0,0,"",""
ball,2,0.4,Denmark,FA Klokker,Aftab Ahmed (2),JA DeSilva,0,0,"",""
ball,2,0.5,Denmark,FA Klokker,Aftab Ahmed (2),JA DeSilva,0,0,"",""
ball,2,0.6,Denmark,FA Klokker,Aftab Ahmed (2),JA DeSilva,0,0,"",""
ball,2,1.1,Denmark,Aftab Ahmed (2),FA Klokker,C Outerbridge,0,0,"",""
ball,2,1.2,Denmark,Aftab Ahmed (2),FA Klokker,C Outerbridge,0,0,"",""
ball,2,1.3,Denmark,Aftab Ahmed (2),FA Klokker,C Outerbridge,0,0,"",""
ball,2,1.4,Denmark,Aftab Ahmed (2),FA Klokker,C Outerbridge,4,0,"",""
ball,2,1.5,Denmark,Aftab Ahmed (2),FA Klokker,C Outerbridge,0,1,"",""
ball,2,1.6,Denmark,Aftab Ahmed (2),FA Klokker,C Outerbridge,0,0,"",""
ball,2,1.7,Denmark,Aftab Ahmed (2),FA Klokker,C Outerbridge,0,1,"",""
ball,2,1.8,Denmark,Aftab Ahmed (2),FA Klokker,C Outerbridge,4,0,"",""
ball,2,2.1,Denmark,FA Klokker,Aftab Ahmed (2),JA DeSilva,3,0,"",""
ball,2,2.2,Denmark,Aftab Ahmed (2),FA Klokker,JA DeSilva,0,0,"",""
ball,2,2.3,Denmark,Aftab Ahmed (2),FA Klokker,JA DeSilva,0,0,"",""
ball,2,2.4,Denmark,Aftab Ahmed (2),FA Klokker,JA DeSilva,0,0,"",""
ball,2,2.5,Denmark,Aftab Ahmed (2),FA Klokker,JA DeSilva,1,0,"",""
ball,2,2.6,Denmark,FA Klokker,Aftab Ahmed (2),JA DeSilva,0,0,"",""
ball,2,3.1,Denmark,Aftab Ahmed (2),FA Klokker,C Outerbridge,0,0,"",""
ball,2,3.2,Denmark,Aftab Ahmed (2),FA Klokker,C Outerbridge,0,0,"",""
ball,2,3.3,Denmark,Aftab Ahmed (2),FA Klokker,C Outerbridge,0,0,"",""
ball,2,3.4,Denmark,Aftab Ahmed (2),FA Klokker,C Outerbridge,0,0,"",""
ball,2,3.5,Denmark,Aftab Ahmed (2),FA Klokker,C Outerbridge,0,0,"",""
ball,2,3.6,Denmark,Aftab Ahmed (2),FA Klokker,C Outerbridge,0,0,"",""
ball,2,4.1,Denmark,FA Klokker,Aftab Ahmed (2),JA DeSilva,0,0,lbw,FA Klokker
ball,2,4.2,Denmark,SA Ahmad,Aftab Ahmed (2),JA DeSilva,0,0,caught,SA Ahmad
ball,2,4.3,Denmark,HAM Shah,Aftab Ahmed (2),JA DeSilva,0,0,"",""
ball,2,4.4,Denmark,HAM Shah,Aftab Ahmed (2),JA DeSilva,0,0,"",""
ball,2,4.5,Denmark,HAM Shah,Aftab Ahmed (2),JA DeSilva,0,0,"",""
ball,2,4.6,Denmark,HAM Shah,Aftab Ahmed (2),JA DeSilva,0,0,"",""
ball,2,5.1,Denmark,Aftab Ahmed (2),HAM Shah,C Outerbridge,2,0,"",""
ball,2,5.2,Denmark,Aftab Ahmed (2),HAM Shah,C Outerbridge,0,0,"",""
ball,2,5.3,Denmark,Aftab Ahmed (2),HAM Shah,C Outerbridge,0,0,caught,Aftab Ahmed (2)
ball,2,5.4,Denmark,MR Pedersen,HAM Shah,C Outerbridge,0,0,"",""
ball,2,5.5,Denmark,MR Pedersen,HAM Shah,C Outerbridge,1,0,"",""
ball,2,5.6,Denmark,HAM Shah,MR Pedersen,C Outerbridge,0,0,lbw,HAM Shah
ball,2,6.1,Denmark,MR Pedersen,Zameer Khan,JA DeSilva,3,0,"",""
ball,2,6.2,Denmark,Zameer Khan,MR Pedersen,JA DeSilva,0,0,"",""
ball,2,6.3,Denmark,Zameer Khan,MR Pedersen,JA DeSilva,0,0,"",""
ball,2,6.4,Denmark,Zameer Khan,MR Pedersen,JA DeSilva,0,0,"",""
ball,2,6.5,Denmark,Zameer Khan,MR Pedersen,JA DeSilva,4,0,"",""
ball,2,6.6,Denmark,Zameer Khan,MR Pedersen,JA DeSilva,1,0,"",""
ball,2,7.1,Denmark,Zameer Khan,MR Pedersen,C Outerbridge,0,0,"",""
ball,2,7.2,Denmark,Zameer Khan,MR Pedersen,C Outerbridge,0,0,"",""
ball,2,7.3,Denmark,Zameer Khan,MR Pedersen,C Outerbridge,4,0,"",""
ball,2,7.4,Denmark,Zameer Khan,MR Pedersen,C Outerbridge,4,0,"",""
ball,2,7.5,Denmark,Zameer Khan,MR Pedersen,C Outerbridge,1,0,"",""
ball,2,7.6,Denmark,MR Pedersen,Zameer Khan,C Outerbridge,0,0,"",""
ball,2,8.1,Denmark,Zameer Khan,MR Pedersen,JA DeSilva,0,0,"",""
ball,2,8.2,Denmark,Zameer Khan,MR Pedersen,JA DeSilva,0,0,"",""
ball,2,8.3,Denmark,Zameer Khan,MR Pedersen,JA DeSilva,0,0,"",""
ball,2,8.4,Denmark,Zameer Khan,MR Pedersen,JA DeSilva,1,0,"",""
ball,2,8.5,Denmark,MR Pedersen,Zameer Khan,JA DeSilva,0,0,"",""
ball,2,8.6,Denmark,MR Pedersen,Zameer Khan,JA DeSilva,0,0,"",""
ball,2,9.1,Denmark,Zameer Khan,MR Pedersen,DMW Rawlins,1,0,"",""
ball,2,9.2,Denmark,MR Pedersen,Zameer Khan,DMW Rawlins,0,0,"",""
ball,2,9.3,Denmark,MR Pedersen,Zameer Khan,DMW Rawlins,0,0,"",""
ball,2,9.4,Denmark,MR Pedersen,Zameer Khan,DMW Rawlins,1,0,"",""
ball,2,9.5,Denmark,Zameer Khan,MR Pedersen,DMW Rawlins,1,0,"",""
ball,2,9.6,Denmark,MR Pedersen,Zameer Khan,DMW Rawlins,1,0,"",""
ball,2,10.1,Denmark,MR Pedersen,Zameer Khan,JA DeSilva,0,0,"",""
ball,2,10.2,Denmark,MR Pedersen,Zameer Khan,JA DeSilva,0,0,"",""
ball,2,10.3,Denmark,MR Pedersen,Zameer Khan,JA DeSilva,1,0,"",""
ball,2,10.4,Denmark,Zameer Khan,MR Pedersen,JA DeSilva,0,0,"",""
ball,2,10.5,Denmark,Zameer Khan,MR Pedersen,JA DeSilva,0,0,"",""
ball,2,10.6,Denmark,Zameer Khan,MR Pedersen,JA DeSilva,0,0,"",""
ball,2,11.1,Denmark,MR Pedersen,Zameer Khan,DMW Rawlins,0,0,"",""
ball,2,11.2,Denmark,MR Pedersen,Zameer Khan,DMW Rawlins,1,0,"",""
ball,2,11.3,Denmark,Zameer Khan,MR Pedersen,DMW Rawlins,0,0,"",""
ball,2,11.4,Denmark,Zameer Khan,MR Pedersen,DMW Rawlins,0,0,"",""
ball,2,11.5,Denmark,Zameer Khan,MR Pedersen,DMW Rawlins,4,0,"",""
ball,2,11.6,Denmark,Zameer Khan,MR Pedersen,DMW Rawlins,0,0,"",""
ball,2,12.1,Denmark,MR Pedersen,Zameer Khan,JA DeSilva,0,0,"",""
ball,2,12.2,Denmark,MR Pedersen,Zameer Khan,JA DeSilva,0,0,"",""
ball,2,12.3,Denmark,MR Pedersen,Zameer Khan,JA DeSilva,0,0,"",""
ball,2,12.4,Denmark,MR Pedersen,Zameer Khan,JA DeSilva,0,0,"",""
ball,2,12.5,Denmark,MR Pedersen,Zameer Khan,JA DeSilva,0,0,"",""
ball,2,12.6,Denmark,MR Pedersen,Zameer Khan,JA DeSilva,0,0,"",""
ball,2,13.1,Denmark,Zameer Khan,MR Pedersen,DMW Rawlins,0,0,"",""
ball,2,13.2,Denmark,Zameer Khan,MR Pedersen,DMW Rawlins,1,0,"",""
ball,2,13.3,Denmark,MR Pedersen,Zameer Khan,DMW Rawlins,1,0,"",""
ball,2,13.4,Denmark,Zameer Khan,MR Pedersen,DMW Rawlins,1,0,"",""
ball,2,13.5,Denmark,MR Pedersen,Zameer Khan,DMW Rawlins,0,0,"",""
ball,2,13.6,Denmark,MR Pedersen,Zameer Khan,DMW Rawlins,0,0,"",""
ball,2,14.1,Denmark,Zameer Khan,MR Pedersen,GH Maybury,0,0,"",""
ball,2,14.2,Denmark,Zameer Khan,MR Pedersen,GH Maybury,1,0,"",""
ball,2,14.3,Denmark,MR Pedersen,Zameer Khan,GH Maybury,0,0,"",""
ball,2,14.4,Denmark,MR Pedersen,Zameer Khan,GH Maybury,0,0,"",""
ball,2,14.5,Denmark,MR Pedersen,Zameer Khan,GH Maybury,0,0,"",""
ball,2,14.6,Denmark,MR Pedersen,Zameer Khan,GH Maybury,1,0,"",""
ball,2,15.1,Denmark,MR Pedersen,Zameer Khan,DMW Rawlins,1,0,"",""
ball,2,15.2,Denmark,Zameer Khan,MR Pedersen,DMW Rawlins,0,0,"",""
ball,2,15.3,Denmark,Zameer Khan,MR Pedersen,DMW Rawlins,1,0,"",""
ball,2,15.4,Denmark,MR Pedersen,Zameer Khan,DMW Rawlins,2,0,"",""
ball,2,15.5,Denmark,MR Pedersen,Zameer Khan,DMW Rawlins,0,0,"",""
ball,2,15.6,Denmark,MR Pedersen,Zameer Khan,DMW Rawlins,1,0,"",""
ball,2,16.1,Denmark,MR Pedersen,Zameer Khan,GH Maybury,0,0,lbw,MR Pedersen
ball,2,16.2,Denmark,A Bulow,Zameer Khan,GH Maybury,0,0,"",""
ball,2,16.3,Denmark,A Bulow,Zameer Khan,GH Maybury,1,0,"",""
ball,2,16.4,Denmark,Zameer Khan,A Bulow,GH Maybury,1,0,"",""
ball,2,16.5,Denmark,A Bulow,Zameer Khan,GH Maybury,0,0,"",""
ball,2,16.6,Denmark,A Bulow,Zameer Khan,GH Maybury,0,0,"",""
ball,2,17.1,Denmark,Zameer Khan,A Bulow,DMW Rawlins,0,0,"",""
ball,2,17.2,Denmark,Zameer Khan,A Bulow,DMW Rawlins,0,0,"",""
ball,2,17.3,Denmark,Zameer Khan,A Bulow,DMW Rawlins,0,0,"",""
ball,2,17.4,Denmark,Zameer Khan,A Bulow,DMW Rawlins,2,0,"",""
ball,2,17.5,Denmark,Zameer Khan,A Bulow,DMW Rawlins,0,0,"",""
ball,2,17.6,Denmark,Zameer Khan,A Bulow,DMW Rawlins,0,0,"",""
ball,2,18.1,Denmark,A Bulow,Zameer Khan,GH Maybury,0,0,"",""
ball,2,18.2,Denmark,A Bulow,Zameer Khan,GH Maybury,4,0,"",""
ball,2,18.3,Denmark,A Bulow,Zameer Khan,GH Maybury,0,0,"",""
ball,2,18.4,Denmark,A Bulow,Zameer Khan,GH Maybury,1,0,"",""
ball,2,18.5,Denmark,Zameer Khan,A Bulow,GH Maybury,1,0,"",""
ball,2,18.6,Denmark,A Bulow,Zameer Khan,GH Maybury,0,0,"",""
ball,2,19.1,Denmark,Zameer Khan,A Bulow,DMW Rawlins,0,0,"",""
ball,2,19.2,Denmark,Zameer Khan,A Bulow,DMW Rawlins,0,0,"",""
ball,2,19.3,Denmark,Zameer Khan,A Bulow,DMW Rawlins,0,0,"",""
ball,2,19.4,Denmark,Zameer Khan,A Bulow,DMW Rawlins,1,0,"",""
ball,2,19.5,Denmark,A Bulow,Zameer Khan,DMW Rawlins,0,0,"",""
ball,2,19.6,Denmark,A Bulow,Zameer Khan,DMW Rawlins,0,0,"",""
ball,2,20.1,Denmark,Zameer Khan,A Bulow,GH Maybury,0,0,"",""
ball,2,20.2,Denmark,Zameer Khan,A Bulow,GH Maybury,0,0,"",""
ball,2,20.3,Denmark,Zameer Khan,A Bulow,GH Maybury,0,0,"",""
ball,2,20.4,Denmark,Zameer Khan,A Bulow,GH Maybury,0,0,"",""
ball,2,20.5,Denmark,Zameer Khan,A Bulow,GH Maybury,0,0,"",""
ball,2,20.6,Denmark,Zameer Khan,A Bulow,GH Maybury,0,0,"",""
ball,2,21.1,Denmark,A Bulow,Zameer Khan,DMW Rawlins,0,0,"",""
ball,2,21.2,Denmark,A Bulow,Zameer Khan,DMW Rawlins,4,0,"",""
ball,2,21.3,Denmark,A Bulow,Zameer Khan,DMW Rawlins,0,0,"",""
ball,2,21.4,Denmark,A Bulow,Zameer Khan,DMW Rawlins,0,0,"",""
ball,2,21.5,Denmark,A Bulow,Zameer Khan,DMW Rawlins,0,0,"",""
ball,2,21.6,Denmark,A Bulow,Zameer Khan,DMW Rawlins,0,0,"",""
ball,2,22.1,Denmark,Zameer Khan,A Bulow,GH Maybury,2,0,"",""
ball,2,22.2,Denmark,Zameer Khan,A Bulow,GH Maybury,1,0,"",""
ball,2,22.3,Denmark,A Bulow,Zameer Khan,GH Maybury,0,0,"",""
ball,2,22.4,Denmark,A Bulow,Zameer Khan,GH Maybury,4,0,"",""
ball,2,22.5,Denmark,A Bulow,Zameer Khan,GH Maybury,0,0,"",""
ball,2,22.6,Denmark,A Bulow,Zameer Khan,GH Maybury,0,0,"",""
ball,2,23.1,Denmark,Zameer Khan,A Bulow,DC Stovell,1,0,"",""
ball,2,23.2,Denmark,A Bulow,Zameer Khan,DC Stovell,0,0,"",""
ball,2,23.3,Denmark,A Bulow,Zameer Khan,DC Stovell,0,0,"",""
ball,2,23.4,Denmark,A Bulow,Zameer Khan,DC Stovell,0,0,"",""
ball,2,23.5,Denmark,A Bulow,Zameer Khan,DC Stovell,4,0,"",""
ball,2,23.6,Denmark,A Bulow,Zameer Khan,DC Stovell,1,0,"",""
ball,2,24.1,Denmark,A Bulow,Zameer Khan,KS Leverock,1,0,"",""
ball,2,24.2,Denmark,Zameer Khan,A Bulow,KS Leverock,3,0,"",""
ball,2,24.3,Denmark,A Bulow,Zameer Khan,KS Leverock,0,0,"",""
ball,2,24.4,Denmark,A Bulow,Zameer Khan,KS Leverock,0,0,"",""
ball,2,24.5,Denmark,A Bulow,Zameer Khan,KS Leverock,1,0,"",""
ball,2,24.6,Denmark,Zameer Khan,A Bulow,KS Leverock,0,0,"",""
ball,2,25.1,Denmark,A Bulow,Zameer Khan,DC Stovell,0,0,"",""
ball,2,25.2,Denmark,A Bulow,Zameer Khan,DC Stovell,0,0,"",""
ball,2,25.3,Denmark,A Bulow,Zameer Khan,DC Stovell,0,0,"",""
ball,2,25.4,Denmark,A Bulow,Zameer Khan,DC Stovell,0,0,"",""
ball,2,25.5,Denmark,A Bulow,Zameer Khan,DC Stovell,0,0,"",""
ball,2,25.6,Denmark,A Bulow,Zameer Khan,DC Stovell,0,0,"",""
ball,2,26.1,Denmark,Zameer Khan,A Bulow,KS Leverock,2,0,"",""
ball,2,26.2,Denmark,Zameer Khan,A Bulow,KS Leverock,1,0,"",""
ball,2,26.3,Denmark,A Bulow,Zameer Khan,KS Leverock,1,0,"",""
ball,2,26.4,Denmark,Zameer Khan,A Bulow,KS Leverock,1,0,"",""
ball,2,26.5,Denmark,A Bulow,Zameer Khan,KS Leverock,0,0,"",""
ball,2,26.6,Denmark,A Bulow,Zameer Khan,KS Leverock,1,0,"",""
ball,2,27.1,Denmark,A Bulow,Zameer Khan,DC Stovell,0,0,"",""
ball,2,27.2,Denmark,A Bulow,Zameer Khan,DC Stovell,1,0,"",""
ball,2,27.3,Denmark,Zameer Khan,A Bulow,DC Stovell,0,0,"",""
ball,2,27.4,Denmark,Zameer Khan,A Bulow,DC Stovell,0,0,"",""
ball,2,27.5,Denmark,Zameer Khan,A Bulow,DC Stovell,0,0,"",""
ball,2,27.6,Denmark,Zameer Khan,A Bulow,DC Stovell,1,0,"",""
ball,2,28.1,Denmark,Zameer Khan,A Bulow,JJ Tucker,0,0,"",""
ball,2,28.2,Denmark,Zameer Khan,A Bulow,JJ Tucker,0,0,"",""
ball,2,28.3,Denmark,Zameer Khan,A Bulow,JJ Tucker,0,0,"",""
ball,2,28.4,Denmark,Zameer Khan,A Bulow,JJ Tucker,0,0,"",""
ball,2,28.5,Denmark,Zameer Khan,A Bulow,JJ Tucker,1,0,"",""
ball,2,28.6,Denmark,A Bulow,Zameer Khan,JJ Tucker,0,0,"",""
ball,2,29.1,Denmark,Zameer Khan,A Bulow,DC Stovell,1,0,"",""
ball,2,29.2,Denmark,A Bulow,Zameer Khan,DC Stovell,1,0,"",""
ball,2,29.3,Denmark,Zameer Khan,A Bulow,DC Stovell,2,0,"",""
ball,2,29.4,Denmark,Zameer Khan,A Bulow,DC Stovell,0,0,"",""
ball,2,29.5,Denmark,Zameer Khan,A Bulow,DC Stovell,1,0,"",""
ball,2,29.6,Denmark,A Bulow,Zameer Khan,DC Stovell,0,0,"",""
ball,2,30.1,Denmark,Zameer Khan,A Bulow,JJ Tucker,0,0,bowled,Zameer Khan
ball,2,30.2,Denmark,A Khan,A Bulow,JJ Tucker,2,0,"",""
ball,2,30.3,Denmark,A Khan,A Bulow,JJ Tucker,0,0,"",""
ball,2,30.4,Denmark,A Khan,A Bulow,JJ Tucker,0,0,"",""
ball,2,30.5,Denmark,A Khan,A Bulow,JJ Tucker,0,0,"",""
ball,2,30.6,Denmark,A Khan,A Bulow,JJ Tucker,1,0,"",""
ball,2,31.1,Denmark,A Khan,A Bulow,OL Pitcher,1,0,"",""
ball,2,31.2,Denmark,A Bulow,A Khan,OL Pitcher,0,0,"",""
ball,2,31.3,Denmark,A Bulow,A Khan,OL Pitcher,0,0,"",""
ball,2,31.4,Denmark,A Bulow,A Khan,OL Pitcher,0,0,"",""
ball,2,31.5,Denmark,A Bulow,A Khan,OL Pitcher,1,0,"",""
ball,2,31.6,Denmark,A Khan,A Bulow,OL Pitcher,0,0,"",""
ball,2,32.1,Denmark,A Bulow,A Khan,JJ Tucker,0,0,"",""
ball,2,32.2,Denmark,A Bulow,A Khan,JJ Tucker,1,0,"",""
ball,2,32.3,Denmark,A Khan,A Bulow,JJ Tucker,0,0,"",""
ball,2,32.4,Denmark,A Khan,A Bulow,JJ Tucker,0,0,"",""
ball,2,32.5,Denmark,A Khan,A Bulow,JJ Tucker,0,0,"",""
ball,2,32.6,Denmark,A Khan,A Bulow,JJ Tucker,0,0,"",""
ball,2,33.1,Denmark,A Bulow,A Khan,OL Pitcher,0,0,"",""
ball,2,33.2,Denmark,A Bulow,A Khan,OL Pitcher,1,0,"",""
ball,2,33.3,Denmark,A Khan,A Bulow,OL Pitcher,1,0,"",""
ball,2,33.4,Denmark,A Bulow,A Khan,OL Pitcher,1,0,"",""
ball,2,33.5,Denmark,A Khan,A Bulow,OL Pitcher,0,0,"",""
ball,2,33.6,Denmark,A Khan,A Bulow,OL Pitcher,0,0,"",""
ball,2,34.1,Denmark,A Bulow,A Khan,JJ Tucker,1,0,"",""
ball,2,34.2,Denmark,A Khan,A Bulow,JJ Tucker,1,0,"",""
ball,2,34.3,Denmark,A Bulow,A Khan,JJ Tucker,0,0,caught,A Bulow
ball,2,34.4,Denmark,A Khan,Yasir Iqbal,JJ Tucker,0,0,"",""
ball,2,34.5,Denmark,A Khan,Yasir Iqbal,JJ Tucker,2,0,"",""
ball,2,34.6,Denmark,A Khan,Yasir Iqbal,JJ Tucker,0,0,"",""
ball,2,35.1,Denmark,Yasir Iqbal,A Khan,OL Pitcher,0,0,"",""
ball,2,35.2,Denmark,Yasir Iqbal,A Khan,OL Pitcher,0,0,"",""
ball,2,35.3,Denmark,Yasir Iqbal,A Khan,OL Pitcher,0,0,"",""
ball,2,35.4,Denmark,Yasir Iqbal,A Khan,OL Pitcher,0,0,"",""
ball,2,35.5,Denmark,Yasir Iqbal,A Khan,OL Pitcher,1,0,"",""
ball,2,35.6,Denmark,A Khan,Yasir Iqbal,OL Pitcher,1,0,"",""
ball,2,36.1,Denmark,A Khan,Yasir Iqbal,JJ Tucker,0,0,"",""
ball,2,36.2,Denmark,A Khan,Yasir Iqbal,JJ Tucker,0,0,"",""
ball,2,36.3,Denmark,A Khan,Yasir Iqbal,JJ Tucker,0,0,caught and bowled,A Khan
ball,2,36.4,Denmark,RB Javed,Yasir Iqbal,JJ Tucker,0,0,"",""
ball,2,36.5,Denmark,RB Javed,Yasir Iqbal,JJ Tucker,0,0,"",""
ball,2,36.6,Denmark,RB Javed,Yasir Iqbal,JJ Tucker,0,0,"",""
ball,2,37.1,Denmark,Yasir Iqbal,RB Javed,OL Pitcher,2,0,"",""
ball,2,37.2,Denmark,Yasir Iqbal,RB Javed,OL Pitcher,0,0,"",""
ball,2,37.3,Denmark,Yasir Iqbal,RB Javed,OL Pitcher,4,0,"",""
ball,2,37.4,Denmark,Yasir Iqbal,RB Javed,OL Pitcher,1,0,"",""
ball,2,37.5,Denmark,RB Javed,Yasir Iqbal,OL Pitcher,1,0,"",""
ball,2,37.6,Denmark,Yasir Iqbal,RB Javed,OL Pitcher,1,0,"",""
ball,2,38.1,Denmark,Yasir Iqbal,RB Javed,DMW Rawlins,0,0,"",""
ball,2,38.2,Denmark,Yasir Iqbal,RB Javed,DMW Rawlins,0,0,"",""
ball,2,38.3,Denmark,Yasir Iqbal,RB Javed,DMW Rawlins,0,0,"",""
ball,2,38.4,Denmark,Yasir Iqbal,RB Javed,DMW Rawlins,1,0,"",""
ball,2,38.5,Denmark,RB Javed,Yasir Iqbal,DMW Rawlins,1,0,"",""
ball,2,38.6,Denmark,Yasir Iqbal,RB Javed,DMW Rawlins,0,0,"",""
ball,2,39.1,Denmark,RB Javed,Yasir Iqbal,JJ Tucker,0,0,"",""
ball,2,39.2,Denmark,RB Javed,Yasir Iqbal,JJ Tucker,2,0,"",""
ball,2,39.3,Denmark,RB Javed,Yasir Iqbal,JJ Tucker,0,0,"",""
ball,2,39.4,Denmark,RB Javed,Yasir Iqbal,JJ Tucker,0,0,"",""
ball,2,39.5,Denmark,RB Javed,Yasir Iqbal,JJ Tucker,1,0,"",""
ball,2,39.6,Denmark,Yasir Iqbal,RB Javed,JJ Tucker,1,0,"",""
ball,2,40.1,Denmark,Yasir Iqbal,RB Javed,DMW Rawlins,0,0,"",""
ball,2,40.2,Denmark,Yasir Iqbal,RB Javed,DMW Rawlins,1,0,"",""
ball,2,40.3,Denmark,RB Javed,Yasir Iqbal,DMW Rawlins,3,0,"",""
ball,2,40.4,Denmark,Yasir Iqbal,RB Javed,DMW Rawlins,1,0,"",""
ball,2,40.5,Denmark,RB Javed,Yasir Iqbal,DMW Rawlins,0,0,"",""
ball,2,40.6,Denmark,RB Javed,Yasir Iqbal,DMW Rawlins,4,0,"",""
ball,2,41.1,Denmark,Yasir Iqbal,RB Javed,JJ Tucker,1,0,"",""
ball,2,41.2,Denmark,RB Javed,Yasir Iqbal,JJ Tucker,0,0,"",""
ball,2,41.3,Denmark,RB Javed,Yasir Iqbal,JJ Tucker,1,0,"",""
ball,2,41.4,Denmark,Yasir Iqbal,RB Javed,JJ Tucker,1,0,"",""
ball,2,41.5,Denmark,RB Javed,Yasir Iqbal,JJ Tucker,1,0,"",""
ball,2,41.6,Denmark,Yasir Iqbal,RB Javed,JJ Tucker,1,0,"",""
ball,2,42.1,Denmark,Yasir Iqbal,RB Javed,DMW Rawlins,1,0,"",""
ball,2,42.2,Denmark,RB Javed,Yasir Iqbal,DMW Rawlins,0,2,"",""
ball,2,42.3,Denmark,Yasir Iqbal,RB Javed,DMW Rawlins,0,0,"",""
ball,2,42.4,Denmark,Yasir Iqbal,RB Javed,DMW Rawlins,0,0,"",""
ball,2,42.5,Denmark,Yasir Iqbal,RB Javed,DMW Rawlins,1,0,"",""
ball,2,42.6,Denmark,RB Javed,Yasir Iqbal,DMW Rawlins,0,0,"",""
ball,2,42.7,Denmark,RB Javed,Yasir Iqbal,DMW Rawlins,1,0,"",""
ball,2,43.1,Denmark,RB Javed,Yasir Iqbal,JJ Tucker,1,0,"",""
ball,2,43.2,Denmark,Yasir Iqbal,RB Javed,JJ Tucker,6,0,"",""
ball,2,43.3,Denmark,Yasir Iqbal,RB Javed,JJ Tucker,0,0,"",""
ball,2,43.4,Denmark,Yasir Iqbal,RB Javed,JJ Tucker,0,0,"",""
ball,2,43.5,Denmark,Yasir Iqbal,RB Javed,JJ Tucker,3,0,"",""
ball,2,43.6,Denmark,RB Javed,Yasir Iqbal,JJ Tucker,1,0,"",""
ball,2,44.1,Denmark,RB Javed,Yasir Iqbal,JA DeSilva,0,0,"",""
ball,2,44.2,Denmark,RB Javed,Yasir Iqbal,JA DeSilva,0,0,caught,RB Javed
ball,2,44.3,Denmark,Yasir Iqbal,Bashir Shah,JA DeSilva,0,0,"",""
ball,2,44.4,Denmark,Yasir Iqbal,Bashir Shah,JA DeSilva,1,0,"",""
ball,2,44.5,Denmark,Bashir Shah,Yasir Iqbal,JA DeSilva,0,0,"",""
ball,2,44.6,Denmark,Bashir Shah,Yasir Iqbal,JA DeSilva,1,0,"",""
ball,2,45.1,Denmark,Bashir Shah,Yasir Iqbal,GH Maybury,1,0,"",""
ball,2,45.2,Denmark,Yasir Iqbal,Bashir Shah,GH Maybury,6,0,"",""
ball,2,45.3,Denmark,Yasir Iqbal,Bashir Shah,GH Maybury,1,0,"",""
ball,2,45.4,Denmark,Bashir Shah,Yasir Iqbal,GH Maybury,0,0,"",""
ball,2,45.5,Denmark,Bashir Shah,Yasir Iqbal,GH Maybury,0,0,"",""
ball,2,45.6,Denmark,Bashir Shah,Yasir Iqbal,GH Maybury,0,1,"",""
ball,2,45.7,Denmark,Bashir Shah,Yasir Iqbal,GH Maybury,0,0,"",""
ball,2,46.1,Denmark,Yasir Iqbal,Bashir Shah,JA DeSilva,1,0,"",""
ball,2,46.2,Denmark,Bashir Shah,Yasir Iqbal,JA DeSilva,0,0,"",""
ball,2,46.3,Denmark,Bashir Shah,Yasir Iqbal,JA DeSilva,1,0,"",""
ball,2,46.4,Denmark,Yasir Iqbal,Bashir Shah,JA DeSilva,0,0,"",""
ball,2,46.5,Denmark,Yasir Iqbal,Bashir Shah,JA DeSilva,0,0,"",""
ball,2,46.6,Denmark,Yasir Iqbal,Bashir Shah,JA DeSilva,1,0,"",""
ball,2,47.1,Denmark,Yasir Iqbal,Bashir Shah,GH Maybury,0,0,"",""
ball,2,47.2,Denmark,Yasir Iqbal,Bashir Shah,GH Maybury,0,0,"",""
ball,2,47.3,Denmark,Yasir Iqbal,Bashir Shah,GH Maybury,1,0,"",""
ball,2,47.4,Denmark,Bashir Shah,Yasir Iqbal,GH Maybury,0,0,"",""
ball,2,47.5,Denmark,Bashir Shah,Yasir Iqbal,GH Maybury,1,0,"",""
ball,2,47.6,Denmark,Yasir Iqbal,Bashir Shah,GH Maybury,1,0,"",""
ball,2,48.1,Denmark,Yasir Iqbal,Bashir Shah,JA DeSilva,0,0,bowled,Yasir Iqbal
