version,1.3.0
info,team,India
info,team,Australia
info,gender,male
info,season,2016/17
info,date,2017/02/23
info,date,2017/02/24
info,date,2017/02/25
info,series,Australia in India Test Series
info,match_number,1
info,venue,Maharashtra Cricket Association Stadium
info,city,Pune
info,toss_winner,Australia
info,toss_decision,bat
info,player_of_match,SNJ O'Keefe
info,umpire,RA Kettleborough
info,umpire,NJ Llong
info,reserve_umpire,CK Nandan
info,tv_umpire,RK Illingworth
info,match_referee,BC Broad
info,winner,Australia
info,winner_runs,333
ball,1,0.1,Australia,MT Renshaw,DA Warner,I Sharma,4,0,"",""
ball,1,0.2,Australia,MT Renshaw,DA Warner,I Sharma,0,0,"",""
ball,1,0.3,Australia,MT Renshaw,DA Warner,I Sharma,0,0,"",""
ball,1,0.4,Australia,MT Renshaw,DA Warner,I Sharma,0,0,"",""
ball,1,0.5,Australia,MT Renshaw,DA Warner,I Sharma,0,0,"",""
ball,1,0.6,Australia,MT Renshaw,DA Warner,I Sharma,0,0,"",""
ball,1,1.1,Australia,DA Warner,MT Renshaw,R Ashwin,0,0,"",""
ball,1,1.2,Australia,DA Warner,MT Renshaw,R Ashwin,1,0,"",""
ball,1,1.3,Australia,MT Renshaw,DA Warner,R Ashwin,0,0,"",""
ball,1,1.4,Australia,MT Renshaw,DA Warner,R Ashwin,0,0,"",""
ball,1,1.5,Australia,MT Renshaw,DA Warner,R Ashwin,4,0,"",""
ball,1,1.6,Australia,MT Renshaw,DA Warner,R Ashwin,0,0,"",""
ball,1,2.1,Australia,DA Warner,MT Renshaw,I Sharma,1,0,"",""
ball,1,2.2,Australia,MT Renshaw,DA Warner,I Sharma,0,0,"",""
ball,1,2.3,Australia,MT Renshaw,DA Warner,I Sharma,0,0,"",""
ball,1,2.4,Australia,MT Renshaw,DA Warner,I Sharma,0,0,"",""
ball,1,2.5,Australia,MT Renshaw,DA Warner,I Sharma,1,0,"",""
ball,1,2.6,Australia,DA Warner,MT Renshaw,I Sharma,0,0,"",""
ball,1,3.1,Australia,MT Renshaw,DA Warner,R Ashwin,0,0,"",""
ball,1,3.2,Australia,MT Renshaw,DA Warner,R Ashwin,0,0,"",""
ball,1,3.3,Australia,MT Renshaw,DA Warner,R Ashwin,0,0,"",""
ball,1,3.4,Australia,MT Renshaw,DA Warner,R Ashwin,0,0,"",""
ball,1,3.5,Australia,MT Renshaw,DA Warner,R Ashwin,0,0,"",""
ball,1,3.6,Australia,MT Renshaw,DA Warner,R Ashwin,0,0,"",""
ball,1,4.1,Australia,DA Warner,MT Renshaw,I Sharma,1,0,"",""
ball,1,4.2,Australia,MT Renshaw,DA Warner,I Sharma,2,0,"",""
ball,1,4.3,Australia,MT Renshaw,DA Warner,I Sharma,0,0,"",""
ball,1,4.4,Australia,MT Renshaw,DA Warner,I Sharma,0,0,"",""
ball,1,4.5,Australia,MT Renshaw,DA Warner,I Sharma,0,0,"",""
ball,1,4.6,Australia,MT Renshaw,DA Warner,I Sharma,0,0,"",""
ball,1,5.1,Australia,DA Warner,MT Renshaw,R Ashwin,0,0,"",""
ball,1,5.2,Australia,DA Warner,MT Renshaw,R Ashwin,1,0,"",""
ball,1,5.3,Australia,MT Renshaw,DA Warner,R Ashwin,0,0,"",""
ball,1,5.4,Australia,MT Renshaw,DA Warner,R Ashwin,1,0,"",""
ball,1,5.5,Australia,DA Warner,MT Renshaw,R Ashwin,1,0,"",""
ball,1,5.6,Australia,MT Renshaw,DA Warner,R Ashwin,0,0,"",""
ball,1,6.1,Australia,DA Warner,MT Renshaw,I Sharma,0,0,"",""
ball,1,6.2,Australia,DA Warner,MT Renshaw,I Sharma,0,0,"",""
ball,1,6.3,Australia,DA Warner,MT Renshaw,I Sharma,1,0,"",""
ball,1,6.4,Australia,MT Renshaw,DA Warner,I Sharma,0,0,"",""
ball,1,6.5,Australia,MT Renshaw,DA Warner,I Sharma,0,0,"",""
ball,1,6.6,Australia,MT Renshaw,DA Warner,I Sharma,0,0,"",""
ball,1,7.1,Australia,DA Warner,MT Renshaw,R Ashwin,0,0,"",""
ball,1,7.2,Australia,DA Warner,MT Renshaw,R Ashwin,1,0,"",""
ball,1,7.3,Australia,MT Renshaw,DA Warner,R Ashwin,0,0,"",""
ball,1,7.4,Australia,MT Renshaw,DA Warner,R Ashwin,0,0,"",""
ball,1,7.5,Australia,MT Renshaw,DA Warner,R Ashwin,0,0,"",""
ball,1,7.6,Australia,MT Renshaw,DA Warner,R Ashwin,0,0,"",""
ball,1,8.1,Australia,DA Warner,MT Renshaw,J Yadav,0,0,"",""
ball,1,8.2,Australia,DA Warner,MT Renshaw,J Yadav,0,0,"",""
ball,1,8.3,Australia,DA Warner,MT Renshaw,J Yadav,4,0,"",""
ball,1,8.4,Australia,DA Warner,MT Renshaw,J Yadav,0,0,"",""
ball,1,8.5,Australia,DA Warner,MT Renshaw,J Yadav,4,0,"",""
ball,1,8.6,Australia,DA Warner,MT Renshaw,J Yadav,0,0,"",""
ball,1,9.1,Australia,MT Renshaw,DA Warner,R Ashwin,0,0,"",""
ball,1,9.2,Australia,MT Renshaw,DA Warner,R Ashwin,0,0,"",""
ball,1,9.3,Australia,MT Renshaw,DA Warner,R Ashwin,0,0,"",""
ball,1,9.4,Australia,MT Renshaw,DA Warner,R Ashwin,0,0,"",""
ball,1,9.5,Australia,MT Renshaw,DA Warner,R Ashwin,0,0,"",""
ball,1,9.6,Australia,MT Renshaw,DA Warner,R Ashwin,0,0,"",""
ball,1,10.1,Australia,DA Warner,MT Renshaw,J Yadav,0,0,"",""
ball,1,10.2,Australia,DA Warner,MT Renshaw,J Yadav,0,0,"",""
ball,1,10.3,Australia,DA Warner,MT Renshaw,J Yadav,0,0,"",""
ball,1,10.4,Australia,DA Warner,MT Renshaw,J Yadav,0,0,"",""
ball,1,10.5,Australia,DA Warner,MT Renshaw,J Yadav,1,0,"",""
ball,1,10.6,Australia,MT Renshaw,DA Warner,J Yadav,0,0,"",""
ball,1,11.1,Australia,DA Warner,MT Renshaw,R Ashwin,0,0,"",""
ball,1,11.2,Australia,DA Warner,MT Renshaw,R Ashwin,0,0,"",""
ball,1,11.3,Australia,DA Warner,MT Renshaw,R Ashwin,0,0,"",""
ball,1,11.4,Australia,DA Warner,MT Renshaw,R Ashwin,0,0,"",""
ball,1,11.5,Australia,DA Warner,MT Renshaw,R Ashwin,0,0,"",""
ball,1,11.6,Australia,DA Warner,MT Renshaw,R Ashwin,0,0,"",""
ball,1,12.1,Australia,MT Renshaw,DA Warner,J Yadav,0,0,"",""
ball,1,12.2,Australia,MT Renshaw,DA Warner,J Yadav,0,0,"",""
ball,1,12.3,Australia,MT Renshaw,DA Warner,J Yadav,0,0,"",""
ball,1,12.4,Australia,MT Renshaw,DA Warner,J Yadav,0,0,"",""
ball,1,12.5,Australia,MT Renshaw,DA Warner,J Yadav,0,0,"",""
ball,1,12.6,Australia,MT Renshaw,DA Warner,J Yadav,1,0,"",""
ball,1,13.1,Australia,MT Renshaw,DA Warner,R Ashwin,1,0,"",""
ball,1,13.2,Australia,DA Warner,MT Renshaw,R Ashwin,0,0,"",""
ball,1,13.3,Australia,DA Warner,MT Renshaw,R Ashwin,0,0,"",""
ball,1,13.4,Australia,DA Warner,MT Renshaw,R Ashwin,0,0,"",""
ball,1,13.5,Australia,DA Warner,MT Renshaw,R Ashwin,0,0,"",""
ball,1,13.6,Australia,DA Warner,MT Renshaw,R Ashwin,0,0,"",""
ball,1,14.1,Australia,MT Renshaw,DA Warner,J Yadav,0,0,"",""
ball,1,14.2,Australia,MT Renshaw,DA Warner,J Yadav,1,0,"",""
ball,1,14.3,Australia,DA Warner,MT Renshaw,J Yadav,4,0,"",""
ball,1,14.4,Australia,DA Warner,MT Renshaw,J Yadav,0,0,"",""
ball,1,14.5,Australia,DA Warner,MT Renshaw,J Yadav,0,0,"",""
ball,1,14.6,Australia,DA Warner,MT Renshaw,J Yadav,0,5,"",""
ball,1,14.7,Australia,DA Warner,MT Renshaw,J Yadav,0,0,"",""
ball,1,15.1,Australia,MT Renshaw,DA Warner,R Ashwin,0,0,"",""
ball,1,15.2,Australia,MT Renshaw,DA Warner,R Ashwin,0,0,"",""
ball,1,15.3,Australia,MT Renshaw,DA Warner,R Ashwin,0,0,"",""
ball,1,15.4,Australia,MT Renshaw,DA Warner,R Ashwin,0,0,"",""
ball,1,15.5,Australia,MT Renshaw,DA Warner,R Ashwin,0,0,"",""
ball,1,15.6,Australia,MT Renshaw,DA Warner,R Ashwin,0,0,"",""
ball,1,16.1,Australia,DA Warner,MT Renshaw,J Yadav,0,0,"",""
ball,1,16.2,Australia,DA Warner,MT Renshaw,J Yadav,0,0,"",""
ball,1,16.3,Australia,DA Warner,MT Renshaw,J Yadav,4,0,"",""
ball,1,16.4,Australia,DA Warner,MT Renshaw,J Yadav,0,0,"",""
ball,1,16.5,Australia,DA Warner,MT Renshaw,J Yadav,0,0,"",""
ball,1,16.6,Australia,DA Warner,MT Renshaw,J Yadav,0,0,"",""
ball,1,17.1,Australia,MT Renshaw,DA Warner,RA Jadeja,2,0,"",""
ball,1,17.2,Australia,MT Renshaw,DA Warner,RA Jadeja,1,0,"",""
ball,1,17.3,Australia,DA Warner,MT Renshaw,RA Jadeja,1,0,"",""
ball,1,17.4,Australia,MT Renshaw,DA Warner,RA Jadeja,0,0,"",""
ball,1,17.5,Australia,MT Renshaw,DA Warner,RA Jadeja,1,0,"",""
ball,1,17.6,Australia,DA Warner,MT Renshaw,RA Jadeja,0,0,"",""
ball,1,18.1,Australia,MT Renshaw,DA Warner,R Ashwin,0,0,"",""
ball,1,18.2,Australia,MT Renshaw,DA Warner,R Ashwin,0,0,"",""
ball,1,18.3,Australia,MT Renshaw,DA Warner,R Ashwin,0,0,"",""
ball,1,18.4,Australia,MT Renshaw,DA Warner,R Ashwin,0,0,"",""
ball,1,18.5,Australia,MT Renshaw,DA Warner,R Ashwin,1,0,"",""
ball,1,18.6,Australia,DA Warner,MT Renshaw,R Ashwin,0,0,"",""
ball,1,19.1,Australia,MT Renshaw,DA Warner,RA Jadeja,1,0,"",""
ball,1,19.2,Australia,DA Warner,MT Renshaw,RA Jadeja,0,0,"",""
ball,1,19.3,Australia,DA Warner,MT Renshaw,RA Jadeja,0,0,"",""
ball,1,19.4,Australia,DA Warner,MT Renshaw,RA Jadeja,0,0,"",""
ball,1,19.5,Australia,DA Warner,MT Renshaw,RA Jadeja,0,0,"",""
ball,1,19.6,Australia,DA Warner,MT Renshaw,RA Jadeja,0,2,"",""
ball,1,20.1,Australia,MT Renshaw,DA Warner,R Ashwin,0,0,"",""
ball,1,20.2,Australia,MT Renshaw,DA Warner,R Ashwin,0,0,"",""
ball,1,20.3,Australia,MT Renshaw,DA Warner,R Ashwin,0,0,"",""
ball,1,20.4,Australia,MT Renshaw,DA Warner,R Ashwin,0,0,"",""
ball,1,20.5,Australia,MT Renshaw,DA Warner,R Ashwin,0,0,"",""
ball,1,20.6,Australia,MT Renshaw,DA Warner,R Ashwin,4,0,"",""
ball,1,21.1,Australia,DA Warner,MT Renshaw,RA Jadeja,1,0,"",""
ball,1,21.2,Australia,MT Renshaw,DA Warner,RA Jadeja,0,0,"",""
ball,1,21.3,Australia,MT Renshaw,DA Warner,RA Jadeja,0,0,"",""
ball,1,21.4,Australia,MT Renshaw,DA Warner,RA Jadeja,0,0,"",""
ball,1,21.5,Australia,MT Renshaw,DA Warner,RA Jadeja,0,0,"",""
ball,1,21.6,Australia,MT Renshaw,DA Warner,RA Jadeja,4,0,"",""
ball,1,22.1,Australia,DA Warner,MT Renshaw,R Ashwin,1,0,"",""
ball,1,22.2,Australia,MT Renshaw,DA Warner,R Ashwin,0,0,"",""
ball,1,22.3,Australia,MT Renshaw,DA Warner,R Ashwin,0,0,"",""
ball,1,22.4,Australia,MT Renshaw,DA Warner,R Ashwin,0,0,"",""
ball,1,22.5,Australia,MT Renshaw,DA Warner,R Ashwin,0,0,"",""
ball,1,22.6,Australia,MT Renshaw,DA Warner,R Ashwin,0,0,"",""
ball,1,23.1,Australia,DA Warner,MT Renshaw,RA Jadeja,0,0,"",""
ball,1,23.2,Australia,DA Warner,MT Renshaw,RA Jadeja,0,0,"",""
ball,1,23.3,Australia,DA Warner,MT Renshaw,RA Jadeja,0,0,"",""
ball,1,23.4,Australia,DA Warner,MT Renshaw,RA Jadeja,4,0,"",""
ball,1,23.5,Australia,DA Warner,MT Renshaw,RA Jadeja,1,0,"",""
ball,1,23.6,Australia,MT Renshaw,DA Warner,RA Jadeja,6,0,"",""
ball,1,24.1,Australia,DA Warner,MT Renshaw,R Ashwin,0,0,"",""
ball,1,24.2,Australia,DA Warner,MT Renshaw,R Ashwin,0,0,"",""
ball,1,24.3,Australia,DA Warner,MT Renshaw,R Ashwin,0,0,"",""
ball,1,24.4,Australia,DA Warner,MT Renshaw,R Ashwin,0,0,"",""
ball,1,24.5,Australia,DA Warner,MT Renshaw,R Ashwin,0,0,"",""
ball,1,24.6,Australia,DA Warner,MT Renshaw,R Ashwin,4,0,"",""
ball,1,25.1,Australia,MT Renshaw,DA Warner,RA Jadeja,0,0,"",""
ball,1,25.2,Australia,MT Renshaw,DA Warner,RA Jadeja,0,0,"",""
ball,1,25.3,Australia,MT Renshaw,DA Warner,RA Jadeja,1,0,"",""
ball,1,25.4,Australia,DA Warner,MT Renshaw,RA Jadeja,0,0,"",""
ball,1,25.5,Australia,DA Warner,MT Renshaw,RA Jadeja,1,0,"",""
ball,1,25.6,Australia,MT Renshaw,DA Warner,RA Jadeja,0,0,"",""
ball,1,26.1,Australia,DA Warner,MT Renshaw,R Ashwin,0,0,"",""
ball,1,26.2,Australia,DA Warner,MT Renshaw,R Ashwin,0,0,"",""
ball,1,26.3,Australia,DA Warner,MT Renshaw,R Ashwin,0,0,"",""
ball,1,26.4,Australia,DA Warner,MT Renshaw,R Ashwin,0,0,"",""
ball,1,26.5,Australia,DA Warner,MT Renshaw,R Ashwin,1,0,"",""
ball,1,26.6,Australia,MT Renshaw,DA Warner,R Ashwin,0,0,"",""
ball,1,27.1,Australia,DA Warner,MT Renshaw,UT Yadav,0,1,"",""
ball,1,27.2,Australia,DA Warner,MT Renshaw,UT Yadav,0,0,"",""
ball,1,27.3,Australia,DA Warner,MT Renshaw,UT Yadav,0,0,bowled,DA Warner
ball,1,27.4,Australia,SPD Smith,SE Marsh,UT Yadav,0,0,"",""
ball,1,27.5,Australia,SPD Smith,SE Marsh,UT Yadav,0,0,"",""
ball,1,27.6,Australia,SPD Smith,SE Marsh,UT Yadav,0,0,"",""
ball,1,27.7,Australia,SPD Smith,SE Marsh,UT Yadav,0,0,"",""
ball,1,28.1,Australia,SE Marsh,SPD Smith,R Ashwin,0,0,"",""
ball,1,28.2,Australia,SE Marsh,SPD Smith,R Ashwin,0,0,"",""
ball,1,28.3,Australia,SE Marsh,SPD Smith,R Ashwin,0,0,"",""
ball,1,28.4,Australia,SE Marsh,SPD Smith,R Ashwin,0,0,"",""
ball,1,28.5,Australia,SE Marsh,SPD Smith,R Ashwin,0,0,"",""
ball,1,28.6,Australia,SE Marsh,SPD Smith,R Ashwin,0,0,"",""
ball,1,29.1,Australia,SPD Smith,SE Marsh,UT Yadav,0,0,"",""
ball,1,29.2,Australia,SPD Smith,SE Marsh,UT Yadav,0,0,"",""
ball,1,29.3,Australia,SPD Smith,SE Marsh,UT Yadav,0,0,"",""
ball,1,29.4,Australia,SPD Smith,SE Marsh,UT Yadav,0,0,"",""
ball,1,29.5,Australia,SPD Smith,SE Marsh,UT Yadav,0,0,"",""
ball,1,29.6,Australia,SPD Smith,SE Marsh,UT Yadav,0,0,"",""
ball,1,30.1,Australia,SE Marsh,SPD Smith,R Ashwin,0,0,"",""
ball,1,30.2,Australia,SE Marsh,SPD Smith,R Ashwin,0,0,"",""
ball,1,30.3,Australia,SE Marsh,SPD Smith,R Ashwin,0,0,"",""
ball,1,30.4,Australia,SE Marsh,SPD Smith,R Ashwin,0,0,"",""
ball,1,30.5,Australia,SE Marsh,SPD Smith,R Ashwin,0,0,"",""
ball,1,30.6,Australia,SE Marsh,SPD Smith,R Ashwin,0,0,"",""
ball,1,31.1,Australia,SPD Smith,SE Marsh,RA Jadeja,0,0,"",""
ball,1,31.2,Australia,SPD Smith,SE Marsh,RA Jadeja,0,0,"",""
ball,1,31.3,Australia,SPD Smith,SE Marsh,RA Jadeja,0,0,"",""
ball,1,31.4,Australia,SPD Smith,SE Marsh,RA Jadeja,0,0,"",""
ball,1,31.5,Australia,SPD Smith,SE Marsh,RA Jadeja,0,0,"",""
ball,1,31.6,Australia,SPD Smith,SE Marsh,RA Jadeja,0,0,"",""
ball,1,32.1,Australia,SE Marsh,SPD Smith,R Ashwin,1,0,"",""
ball,1,32.2,Australia,SPD Smith,SE Marsh,R Ashwin,0,0,"",""
ball,1,32.3,Australia,SPD Smith,SE Marsh,R Ashwin,1,0,"",""
ball,1,32.4,Australia,SE Marsh,SPD Smith,R Ashwin,0,0,"",""
ball,1,32.5,Australia,SE Marsh,SPD Smith,R Ashwin,0,0,"",""
ball,1,32.6,Australia,SE Marsh,SPD Smith,R Ashwin,0,0,"",""
ball,1,33.1,Australia,SPD Smith,SE Marsh,RA Jadeja,1,0,"",""
ball,1,33.2,Australia,SE Marsh,SPD Smith,RA Jadeja,0,0,"",""
ball,1,33.3,Australia,SE Marsh,SPD Smith,RA Jadeja,0,0,"",""
ball,1,33.4,Australia,SE Marsh,SPD Smith,RA Jadeja,0,0,"",""
ball,1,33.5,Australia,SE Marsh,SPD Smith,RA Jadeja,0,0,"",""
ball,1,33.6,Australia,SE Marsh,SPD Smith,RA Jadeja,0,0,"",""
ball,1,34.1,Australia,SPD Smith,SE Marsh,UT Yadav,1,0,"",""
ball,1,34.2,Australia,SE Marsh,SPD Smith,UT Yadav,0,0,"",""
ball,1,34.3,Australia,SE Marsh,SPD Smith,UT Yadav,4,0,"",""
ball,1,34.4,Australia,SE Marsh,SPD Smith,UT Yadav,0,0,"",""
ball,1,34.5,Australia,SE Marsh,SPD Smith,UT Yadav,0,0,"",""
ball,1,34.6,Australia,SE Marsh,SPD Smith,UT Yadav,0,0,"",""
ball,1,35.1,Australia,SPD Smith,SE Marsh,RA Jadeja,0,0,"",""
ball,1,35.2,Australia,SPD Smith,SE Marsh,RA Jadeja,0,0,"",""
ball,1,35.3,Australia,SPD Smith,SE Marsh,RA Jadeja,0,0,"",""
ball,1,35.4,Australia,SPD Smith,SE Marsh,RA Jadeja,0,0,"",""
ball,1,35.5,Australia,SPD Smith,SE Marsh,RA Jadeja,0,0,"",""
ball,1,35.6,Australia,SPD Smith,SE Marsh,RA Jadeja,0,1,"",""
ball,1,35.7,Australia,SPD Smith,SE Marsh,RA Jadeja,2,0,"",""
ball,1,36.1,Australia,SE Marsh,SPD Smith,UT Yadav,1,0,"",""
ball,1,36.2,Australia,SPD Smith,SE Marsh,UT Yadav,0,0,"",""
ball,1,36.3,Australia,SPD Smith,SE Marsh,UT Yadav,1,0,"",""
ball,1,36.4,Australia,SE Marsh,SPD Smith,UT Yadav,4,0,"",""
ball,1,36.5,Australia,SE Marsh,SPD Smith,UT Yadav,0,0,"",""
ball,1,36.6,Australia,SE Marsh,SPD Smith,UT Yadav,0,0,"",""
ball,1,37.1,Australia,SPD Smith,SE Marsh,RA Jadeja,0,0,"",""
ball,1,37.2,Australia,SPD Smith,SE Marsh,RA Jadeja,0,0,"",""
ball,1,37.3,Australia,SPD Smith,SE Marsh,RA Jadeja,0,0,"",""
ball,1,37.4,Australia,SPD Smith,SE Marsh,RA Jadeja,0,0,"",""
ball,1,37.5,Australia,SPD Smith,SE Marsh,RA Jadeja,1,0,"",""
ball,1,37.6,Australia,SE Marsh,SPD Smith,RA Jadeja,0,0,"",""
ball,1,38.1,Australia,SPD Smith,SE Marsh,UT Yadav,0,0,"",""
ball,1,38.2,Australia,SPD Smith,SE Marsh,UT Yadav,0,0,"",""
ball,1,38.3,Australia,SPD Smith,SE Marsh,UT Yadav,4,0,"",""
ball,1,38.4,Australia,SPD Smith,SE Marsh,UT Yadav,0,0,"",""
ball,1,38.5,Australia,SPD Smith,SE Marsh,UT Yadav,0,0,"",""
ball,1,38.6,Australia,SPD Smith,SE Marsh,UT Yadav,0,0,"",""
ball,1,39.1,Australia,SE Marsh,SPD Smith,RA Jadeja,0,0,"",""
ball,1,39.2,Australia,SE Marsh,SPD Smith,RA Jadeja,0,0,"",""
ball,1,39.3,Australia,SE Marsh,SPD Smith,RA Jadeja,1,0,"",""
ball,1,39.4,Australia,SPD Smith,SE Marsh,RA Jadeja,0,0,"",""
ball,1,39.5,Australia,SPD Smith,SE Marsh,RA Jadeja,0,0,"",""
ball,1,39.6,Australia,SPD Smith,SE Marsh,RA Jadeja,0,0,"",""
ball,1,40.1,Australia,SE Marsh,SPD Smith,UT Yadav,0,0,"",""
ball,1,40.2,Australia,SE Marsh,SPD Smith,UT Yadav,0,0,"",""
ball,1,40.3,Australia,SE Marsh,SPD Smith,UT Yadav,0,0,"",""
ball,1,40.4,Australia,SE Marsh,SPD Smith,UT Yadav,0,0,"",""
ball,1,40.5,Australia,SE Marsh,SPD Smith,UT Yadav,0,0,"",""
ball,1,40.6,Australia,SE Marsh,SPD Smith,UT Yadav,0,0,"",""
ball,1,41.1,Australia,SPD Smith,SE Marsh,RA Jadeja,0,0,"",""
ball,1,41.2,Australia,SPD Smith,SE Marsh,RA Jadeja,0,0,"",""
ball,1,41.3,Australia,SPD Smith,SE Marsh,RA Jadeja,4,0,"",""
ball,1,41.4,Australia,SPD Smith,SE Marsh,RA Jadeja,0,0,"",""
ball,1,41.5,Australia,SPD Smith,SE Marsh,RA Jadeja,0,0,"",""
ball,1,41.6,Australia,SPD Smith,SE Marsh,RA Jadeja,1,0,"",""
ball,1,42.1,Australia,SPD Smith,SE Marsh,J Yadav,2,0,"",""
ball,1,42.2,Australia,SPD Smith,SE Marsh,J Yadav,1,0,"",""
ball,1,42.3,Australia,SE Marsh,SPD Smith,J Yadav,0,0,"",""
ball,1,42.4,Australia,SE Marsh,SPD Smith,J Yadav,0,0,"",""
ball,1,42.5,Australia,SE Marsh,SPD Smith,J Yadav,4,0,"",""
ball,1,42.6,Australia,SE Marsh,SPD Smith,J Yadav,0,0,"",""
ball,1,43.1,Australia,SPD Smith,SE Marsh,RA Jadeja,0,0,"",""
ball,1,43.2,Australia,SPD Smith,SE Marsh,RA Jadeja,0,0,"",""
ball,1,43.3,Australia,SPD Smith,SE Marsh,RA Jadeja,0,0,"",""
ball,1,43.4,Australia,SPD Smith,SE Marsh,RA Jadeja,0,0,"",""
ball,1,43.5,Australia,SPD Smith,SE Marsh,RA Jadeja,1,0,"",""
ball,1,43.6,Australia,SE Marsh,SPD Smith,RA Jadeja,0,0,"",""
ball,1,44.1,Australia,SPD Smith,SE Marsh,J Yadav,0,0,"",""
ball,1,44.2,Australia,SPD Smith,SE Marsh,J Yadav,0,0,"",""
ball,1,44.3,Australia,SPD Smith,SE Marsh,J Yadav,0,0,"",""
ball,1,44.4,Australia,SPD Smith,SE Marsh,J Yadav,0,0,"",""
ball,1,44.5,Australia,SPD Smith,SE Marsh,J Yadav,0,0,"",""
ball,1,44.6,Australia,SPD Smith,SE Marsh,J Yadav,0,0,"",""
ball,1,45.1,Australia,SE Marsh,SPD Smith,RA Jadeja,0,0,"",""
ball,1,45.2,Australia,SE Marsh,SPD Smith,RA Jadeja,0,0,"",""
ball,1,45.3,Australia,SE Marsh,SPD Smith,RA Jadeja,0,0,"",""
ball,1,45.4,Australia,SE Marsh,SPD Smith,RA Jadeja,0,0,"",""
ball,1,45.5,Australia,SE Marsh,SPD Smith,RA Jadeja,0,0,"",""
ball,1,45.6,Australia,SE Marsh,SPD Smith,RA Jadeja,1,0,"",""
ball,1,46.1,Australia,SE Marsh,SPD Smith,J Yadav,0,0,"",""
ball,1,46.2,Australia,SE Marsh,SPD Smith,J Yadav,0,0,"",""
ball,1,46.3,Australia,SE Marsh,SPD Smith,J Yadav,0,0,"",""
ball,1,46.4,Australia,SE Marsh,SPD Smith,J Yadav,0,0,caught,SE Marsh
ball,1,46.5,Australia,PSP Handscomb,SPD Smith,J Yadav,0,0,"",""
ball,1,46.6,Australia,PSP Handscomb,SPD Smith,J Yadav,2,0,"",""
ball,1,47.1,Australia,SPD Smith,PSP Handscomb,RA Jadeja,0,0,"",""
ball,1,47.2,Australia,SPD Smith,PSP Handscomb,RA Jadeja,0,0,"",""
ball,1,47.3,Australia,SPD Smith,PSP Handscomb,RA Jadeja,0,0,"",""
ball,1,47.4,Australia,SPD Smith,PSP Handscomb,RA Jadeja,0,0,"",""
ball,1,47.5,Australia,SPD Smith,PSP Handscomb,RA Jadeja,0,0,"",""
ball,1,47.6,Australia,SPD Smith,PSP Handscomb,RA Jadeja,0,0,"",""
ball,1,48.1,Australia,PSP Handscomb,SPD Smith,J Yadav,4,0,"",""
ball,1,48.2,Australia,PSP Handscomb,SPD Smith,J Yadav,1,0,"",""
ball,1,48.3,Australia,SPD Smith,PSP Handscomb,J Yadav,0,0,"",""
ball,1,48.4,Australia,SPD Smith,PSP Handscomb,J Yadav,1,0,"",""
ball,1,48.5,Australia,PSP Handscomb,SPD Smith,J Yadav,0,0,"",""
ball,1,48.6,Australia,PSP Handscomb,SPD Smith,J Yadav,0,0,"",""
ball,1,49.1,Australia,SPD Smith,PSP Handscomb,RA Jadeja,0,0,"",""
ball,1,49.2,Australia,SPD Smith,PSP Handscomb,RA Jadeja,0,0,"",""
ball,1,49.3,Australia,SPD Smith,PSP Handscomb,RA Jadeja,1,0,"",""
ball,1,49.4,Australia,PSP Handscomb,SPD Smith,RA Jadeja,0,0,"",""
ball,1,49.5,Australia,PSP Handscomb,SPD Smith,RA Jadeja,0,0,"",""
ball,1,49.6,Australia,PSP Handscomb,SPD Smith,RA Jadeja,0,0,"",""
ball,1,50.1,Australia,SPD Smith,PSP Handscomb,I Sharma,0,0,"",""
ball,1,50.2,Australia,SPD Smith,PSP Handscomb,I Sharma,1,0,"",""
ball,1,50.3,Australia,PSP Handscomb,SPD Smith,I Sharma,0,0,"",""
ball,1,50.4,Australia,PSP Handscomb,SPD Smith,I Sharma,0,0,"",""
ball,1,50.5,Australia,PSP Handscomb,SPD Smith,I Sharma,1,0,"",""
ball,1,50.6,Australia,SPD Smith,PSP Handscomb,I Sharma,0,0,"",""
ball,1,51.1,Australia,PSP Handscomb,SPD Smith,RA Jadeja,0,0,"",""
ball,1,51.2,Australia,PSP Handscomb,SPD Smith,RA Jadeja,0,0,"",""
ball,1,51.3,Australia,PSP Handscomb,SPD Smith,RA Jadeja,0,0,"",""
ball,1,51.4,Australia,PSP Handscomb,SPD Smith,RA Jadeja,0,0,"",""
ball,1,51.5,Australia,PSP Handscomb,SPD Smith,RA Jadeja,0,0,"",""
ball,1,51.6,Australia,PSP Handscomb,SPD Smith,RA Jadeja,1,0,"",""
ball,1,52.1,Australia,PSP Handscomb,SPD Smith,I Sharma,0,0,"",""
ball,1,52.2,Australia,PSP Handscomb,SPD Smith,I Sharma,0,0,"",""
ball,1,52.3,Australia,PSP Handscomb,SPD Smith,I Sharma,1,0,"",""
ball,1,52.4,Australia,SPD Smith,PSP Handscomb,I Sharma,0,0,"",""
ball,1,52.5,Australia,SPD Smith,PSP Handscomb,I Sharma,0,0,"",""
ball,1,52.6,Australia,SPD Smith,PSP Handscomb,I Sharma,0,0,"",""
ball,1,53.1,Australia,PSP Handscomb,SPD Smith,R Ashwin,0,0,"",""
ball,1,53.2,Australia,PSP Handscomb,SPD Smith,R Ashwin,0,0,"",""
ball,1,53.3,Australia,PSP Handscomb,SPD Smith,R Ashwin,0,0,"",""
ball,1,53.4,Australia,PSP Handscomb,SPD Smith,R Ashwin,0,0,"",""
ball,1,53.5,Australia,PSP Handscomb,SPD Smith,R Ashwin,0,0,"",""
ball,1,53.6,Australia,PSP Handscomb,SPD Smith,R Ashwin,0,0,"",""
ball,1,54.1,Australia,SPD Smith,PSP Handscomb,I Sharma,0,0,"",""
ball,1,54.2,Australia,SPD Smith,PSP Handscomb,I Sharma,0,0,"",""
ball,1,54.3,Australia,SPD Smith,PSP Handscomb,I Sharma,0,0,"",""
ball,1,54.4,Australia,SPD Smith,PSP Handscomb,I Sharma,1,0,"",""
ball,1,54.5,Australia,PSP Handscomb,SPD Smith,I Sharma,0,0,"",""
ball,1,54.6,Australia,PSP Handscomb,SPD Smith,I Sharma,0,0,"",""
ball,1,55.1,Australia,SPD Smith,PSP Handscomb,R Ashwin,0,0,"",""
ball,1,55.2,Australia,SPD Smith,PSP Handscomb,R Ashwin,1,0,"",""
ball,1,55.3,Australia,PSP Handscomb,SPD Smith,R Ashwin,4,0,"",""
ball,1,55.4,Australia,PSP Handscomb,SPD Smith,R Ashwin,0,0,"",""
ball,1,55.5,Australia,PSP Handscomb,SPD Smith,R Ashwin,0,0,"",""
ball,1,55.6,Australia,PSP Handscomb,SPD Smith,R Ashwin,4,0,"",""
ball,1,56.1,Australia,SPD Smith,PSP Handscomb,I Sharma,0,0,"",""
ball,1,56.2,Australia,SPD Smith,PSP Handscomb,I Sharma,0,0,"",""
ball,1,56.3,Australia,SPD Smith,PSP Handscomb,I Sharma,1,0,"",""
ball,1,56.4,Australia,PSP Handscomb,SPD Smith,I Sharma,1,0,"",""
ball,1,56.5,Australia,SPD Smith,PSP Handscomb,I Sharma,0,0,"",""
ball,1,56.6,Australia,SPD Smith,PSP Handscomb,I Sharma,0,0,"",""
ball,1,57.1,Australia,PSP Handscomb,SPD Smith,RA Jadeja,0,0,"",""
ball,1,57.2,Australia,PSP Handscomb,SPD Smith,RA Jadeja,0,0,"",""
ball,1,57.3,Australia,PSP Handscomb,SPD Smith,RA Jadeja,0,0,"",""
ball,1,57.4,Australia,PSP Handscomb,SPD Smith,RA Jadeja,0,1,"",""
ball,1,57.5,Australia,PSP Handscomb,SPD Smith,RA Jadeja,1,0,"",""
ball,1,57.6,Australia,SPD Smith,PSP Handscomb,RA Jadeja,0,0,"",""
ball,1,57.7,Australia,SPD Smith,PSP Handscomb,RA Jadeja,0,0,"",""
ball,1,58.1,Australia,PSP Handscomb,SPD Smith,R Ashwin,0,0,"",""
ball,1,58.2,Australia,PSP Handscomb,SPD Smith,R Ashwin,1,0,"",""
ball,1,58.3,Australia,SPD Smith,PSP Handscomb,R Ashwin,0,0,"",""
ball,1,58.4,Australia,SPD Smith,PSP Handscomb,R Ashwin,1,0,"",""
ball,1,58.5,Australia,PSP Handscomb,SPD Smith,R Ashwin,0,0,"",""
ball,1,58.6,Australia,PSP Handscomb,SPD Smith,R Ashwin,1,0,"",""
ball,1,59.1,Australia,PSP Handscomb,SPD Smith,RA Jadeja,0,0,"",""
ball,1,59.2,Australia,PSP Handscomb,SPD Smith,RA Jadeja,0,0,lbw,PSP Handscomb
ball,1,59.3,Australia,MT Renshaw,SPD Smith,RA Jadeja,0,0,"",""
ball,1,59.4,Australia,MT Renshaw,SPD Smith,RA Jadeja,0,0,"",""
ball,1,59.5,Australia,MT Renshaw,SPD Smith,RA Jadeja,0,0,"",""
ball,1,59.6,Australia,MT Renshaw,SPD Smith,RA Jadeja,0,0,"",""
ball,1,60.1,Australia,SPD Smith,MT Renshaw,R Ashwin,0,0,caught,SPD Smith
ball,1,60.2,Australia,MR Marsh,MT Renshaw,R Ashwin,0,0,"",""
ball,1,60.3,Australia,MR Marsh,MT Renshaw,R Ashwin,0,0,"",""
ball,1,60.4,Australia,MR Marsh,MT Renshaw,R Ashwin,0,0,"",""
ball,1,60.5,Australia,MR Marsh,MT Renshaw,R Ashwin,1,0,"",""
ball,1,60.6,Australia,MT Renshaw,MR Marsh,R Ashwin,0,0,"",""
ball,1,61.1,Australia,MR Marsh,MT Renshaw,RA Jadeja,1,0,"",""
ball,1,61.2,Australia,MT Renshaw,MR Marsh,RA Jadeja,0,0,"",""
ball,1,61.3,Australia,MT Renshaw,MR Marsh,RA Jadeja,0,0,"",""
ball,1,61.4,Australia,MT Renshaw,MR Marsh,RA Jadeja,1,0,"",""
ball,1,61.5,Australia,MR Marsh,MT Renshaw,RA Jadeja,0,0,"",""
ball,1,61.6,Australia,MR Marsh,MT Renshaw,RA Jadeja,0,0,"",""
ball,1,62.1,Australia,MT Renshaw,MR Marsh,R Ashwin,0,0,"",""
ball,1,62.2,Australia,MT Renshaw,MR Marsh,R Ashwin,0,0,"",""
ball,1,62.3,Australia,MT Renshaw,MR Marsh,R Ashwin,1,0,"",""
ball,1,62.4,Australia,MR Marsh,MT Renshaw,R Ashwin,0,0,"",""
ball,1,62.5,Australia,MR Marsh,MT Renshaw,R Ashwin,0,0,"",""
ball,1,62.6,Australia,MR Marsh,MT Renshaw,R Ashwin,0,0,"",""
ball,1,63.1,Australia,MT Renshaw,MR Marsh,RA Jadeja,0,0,"",""
ball,1,63.2,Australia,MT Renshaw,MR Marsh,RA Jadeja,0,0,"",""
ball,1,63.3,Australia,MT Renshaw,MR Marsh,RA Jadeja,4,0,"",""
ball,1,63.4,Australia,MT Renshaw,MR Marsh,RA Jadeja,0,0,"",""
ball,1,63.5,Australia,MT Renshaw,MR Marsh,RA Jadeja,0,0,"",""
ball,1,63.6,Australia,MT Renshaw,MR Marsh,RA Jadeja,0,0,"",""
ball,1,64.1,Australia,MR Marsh,MT Renshaw,R Ashwin,1,0,"",""
ball,1,64.2,Australia,MT Renshaw,MR Marsh,R Ashwin,0,0,"",""
ball,1,64.3,Australia,MT Renshaw,MR Marsh,R Ashwin,0,0,"",""
ball,1,64.4,Australia,MT Renshaw,MR Marsh,R Ashwin,0,0,"",""
ball,1,64.5,Australia,MT Renshaw,MR Marsh,R Ashwin,0,0,"",""
ball,1,64.6,Australia,MT Renshaw,MR Marsh,R Ashwin,1,0,"",""
ball,1,65.1,Australia,MT Renshaw,MR Marsh,RA Jadeja,0,0,"",""
ball,1,65.2,Australia,MT Renshaw,MR Marsh,RA Jadeja,0,0,"",""
ball,1,65.3,Australia,MT Renshaw,MR Marsh,RA Jadeja,4,0,"",""
ball,1,65.4,Australia,MT Renshaw,MR Marsh,RA Jadeja,2,0,"",""
ball,1,65.5,Australia,MT Renshaw,MR Marsh,RA Jadeja,0,0,"",""
ball,1,65.6,Australia,MT Renshaw,MR Marsh,RA Jadeja,0,0,"",""
ball,1,66.1,Australia,MR Marsh,MT Renshaw,R Ashwin,0,0,"",""
ball,1,66.2,Australia,MR Marsh,MT Renshaw,R Ashwin,0,0,"",""
ball,1,66.3,Australia,MR Marsh,MT Renshaw,R Ashwin,1,0,"",""
ball,1,66.4,Australia,MT Renshaw,MR Marsh,R Ashwin,0,0,"",""
ball,1,66.5,Australia,MT Renshaw,MR Marsh,R Ashwin,0,0,"",""
ball,1,66.6,Australia,MT Renshaw,MR Marsh,R Ashwin,0,0,"",""
ball,1,67.1,Australia,MR Marsh,MT Renshaw,RA Jadeja,0,0,"",""
ball,1,67.2,Australia,MR Marsh,MT Renshaw,RA Jadeja,0,0,"",""
ball,1,67.3,Australia,MR Marsh,MT Renshaw,RA Jadeja,0,0,"",""
ball,1,67.4,Australia,MR Marsh,MT Renshaw,RA Jadeja,0,0,lbw,MR Marsh
ball,1,67.5,Australia,MS Wade,MT Renshaw,RA Jadeja,0,2,"",""
ball,1,67.6,Australia,MS Wade,MT Renshaw,RA Jadeja,0,0,"",""
ball,1,68.1,Australia,MT Renshaw,MS Wade,R Ashwin,0,0,"",""
ball,1,68.2,Australia,MT Renshaw,MS Wade,R Ashwin,0,0,"",""
ball,1,68.3,Australia,MT Renshaw,MS Wade,R Ashwin,0,0,"",""
ball,1,68.4,Australia,MT Renshaw,MS Wade,R Ashwin,0,0,"",""
ball,1,68.5,Australia,MT Renshaw,MS Wade,R Ashwin,4,0,"",""
ball,1,68.6,Australia,MT Renshaw,MS Wade,R Ashwin,0,0,"",""
ball,1,69.1,Australia,MS Wade,MT Renshaw,RA Jadeja,0,0,"",""
ball,1,69.2,Australia,MS Wade,MT Renshaw,RA Jadeja,4,0,"",""
ball,1,69.3,Australia,MS Wade,MT Renshaw,RA Jadeja,0,0,"",""
ball,1,69.4,Australia,MS Wade,MT Renshaw,RA Jadeja,0,0,"",""
ball,1,69.5,Australia,MS Wade,MT Renshaw,RA Jadeja,0,0,"",""
ball,1,69.6,Australia,MS Wade,MT Renshaw,RA Jadeja,2,0,"",""
ball,1,70.1,Australia,MT Renshaw,MS Wade,R Ashwin,0,0,"",""
ball,1,70.2,Australia,MT Renshaw,MS Wade,R Ashwin,0,0,"",""
ball,1,70.3,Australia,MT Renshaw,MS Wade,R Ashwin,0,0,"",""
ball,1,70.4,Australia,MT Renshaw,MS Wade,R Ashwin,0,0,"",""
ball,1,70.5,Australia,MT Renshaw,MS Wade,R Ashwin,0,0,"",""
ball,1,70.6,Australia,MT Renshaw,MS Wade,R Ashwin,0,0,"",""
ball,1,71.1,Australia,MS Wade,MT Renshaw,J Yadav,0,0,"",""
ball,1,71.2,Australia,MS Wade,MT Renshaw,J Yadav,1,0,"",""
ball,1,71.3,Australia,MT Renshaw,MS Wade,J Yadav,0,0,"",""
ball,1,71.4,Australia,MT Renshaw,MS Wade,J Yadav,4,0,"",""
ball,1,71.5,Australia,MT Renshaw,MS Wade,J Yadav,0,0,"",""
ball,1,71.6,Australia,MT Renshaw,MS Wade,J Yadav,1,0,"",""
ball,1,72.1,Australia,MT Renshaw,MS Wade,R Ashwin,0,0,"",""
ball,1,72.2,Australia,MT Renshaw,MS Wade,R Ashwin,0,0,"",""
ball,1,72.3,Australia,MT Renshaw,MS Wade,R Ashwin,0,0,"",""
ball,1,72.4,Australia,MT Renshaw,MS Wade,R Ashwin,0,0,"",""
ball,1,72.5,Australia,MT Renshaw,MS Wade,R Ashwin,0,0,"",""
ball,1,72.6,Australia,MT Renshaw,MS Wade,R Ashwin,0,0,"",""
ball,1,73.1,Australia,MS Wade,MT Renshaw,J Yadav,0,0,"",""
ball,1,73.2,Australia,MS Wade,MT Renshaw,J Yadav,0,0,"",""
ball,1,73.3,Australia,MS Wade,MT Renshaw,J Yadav,1,0,"",""
ball,1,73.4,Australia,MT Renshaw,MS Wade,J Yadav,4,0,"",""
ball,1,73.5,Australia,MT Renshaw,MS Wade,J Yadav,0,0,"",""
ball,1,73.6,Australia,MT Renshaw,MS Wade,J Yadav,0,0,"",""
ball,1,74.1,Australia,MS Wade,MT Renshaw,R Ashwin,0,0,"",""
ball,1,74.2,Australia,MS Wade,MT Renshaw,R Ashwin,0,0,"",""
ball,1,74.3,Australia,MS Wade,MT Renshaw,R Ashwin,0,0,"",""
ball,1,74.4,Australia,MS Wade,MT Renshaw,R Ashwin,0,0,"",""
ball,1,74.5,Australia,MS Wade,MT Renshaw,R Ashwin,0,0,"",""
ball,1,74.6,Australia,MS Wade,MT Renshaw,R Ashwin,0,0,"",""
ball,1,75.1,Australia,MT Renshaw,MS Wade,UT Yadav,0,0,"",""
ball,1,75.2,Australia,MT Renshaw,MS Wade,UT Yadav,0,0,"",""
ball,1,75.3,Australia,MT Renshaw,MS Wade,UT Yadav,1,0,"",""
ball,1,75.4,Australia,MS Wade,MT Renshaw,UT Yadav,0,0,lbw,MS Wade
ball,1,75.5,Australia,MA Starc,MT Renshaw,UT Yadav,0,0,"",""
ball,1,75.6,Australia,MA Starc,MT Renshaw,UT Yadav,0,0,"",""
ball,1,76.1,Australia,MT Renshaw,MA Starc,R Ashwin,1,0,"",""
ball,1,76.2,Australia,MA Starc,MT Renshaw,R Ashwin,0,0,"",""
ball,1,76.3,Australia,MA Starc,MT Renshaw,R Ashwin,0,0,"",""
ball,1,76.4,Australia,MA Starc,MT Renshaw,R Ashwin,0,0,"",""
ball,1,76.5,Australia,MA Starc,MT Renshaw,R Ashwin,0,0,"",""
ball,1,76.6,Australia,MA Starc,MT Renshaw,R Ashwin,0,0,"",""
ball,1,77.1,Australia,MT Renshaw,MA Starc,UT Yadav,0,0,"",""
ball,1,77.2,Australia,MT Renshaw,MA Starc,UT Yadav,0,0,"",""
ball,1,77.3,Australia,MT Renshaw,MA Starc,UT Yadav,4,0,"",""
ball,1,77.4,Australia,MT Renshaw,MA Starc,UT Yadav,0,0,"",""
ball,1,77.5,Australia,MT Renshaw,MA Starc,UT Yadav,0,0,"",""
ball,1,77.6,Australia,MT Renshaw,MA Starc,UT Yadav,0,0,"",""
ball,1,78.1,Australia,MA Starc,MT Renshaw,R Ashwin,0,0,"",""
ball,1,78.2,Australia,MA Starc,MT Renshaw,R Ashwin,1,0,"",""
ball,1,78.3,Australia,MT Renshaw,MA Starc,R Ashwin,0,0,caught,MT Renshaw
ball,1,78.4,Australia,SNJ O'Keefe,MA Starc,R Ashwin,0,0,"",""
ball,1,78.5,Australia,SNJ O'Keefe,MA Starc,R Ashwin,0,0,"",""
ball,1,78.6,Australia,SNJ O'Keefe,MA Starc,R Ashwin,0,2,"",""
ball,1,79.1,Australia,MA Starc,SNJ O'Keefe,UT Yadav,1,0,"",""
ball,1,79.2,Australia,SNJ O'Keefe,MA Starc,UT Yadav,0,0,"",""
ball,1,79.3,Australia,SNJ O'Keefe,MA Starc,UT Yadav,0,0,"",""
ball,1,79.4,Australia,SNJ O'Keefe,MA Starc,UT Yadav,0,0,"",""
ball,1,79.5,Australia,SNJ O'Keefe,MA Starc,UT Yadav,0,0,"",""
ball,1,79.6,Australia,SNJ O'Keefe,MA Starc,UT Yadav,0,0,"",""
ball,1,80.1,Australia,MA Starc,SNJ O'Keefe,R Ashwin,2,0,"",""
ball,1,80.2,Australia,MA Starc,SNJ O'Keefe,R Ashwin,0,0,"",""
ball,1,80.3,Australia,MA Starc,SNJ O'Keefe,R Ashwin,1,0,"",""
ball,1,80.4,Australia,SNJ O'Keefe,MA Starc,R Ashwin,0,0,"",""
ball,1,80.5,Australia,SNJ O'Keefe,MA Starc,R Ashwin,0,0,"",""
ball,1,80.6,Australia,SNJ O'Keefe,MA Starc,R Ashwin,0,0,"",""
ball,1,81.1,Australia,MA Starc,SNJ O'Keefe,UT Yadav,0,0,"",""
ball,1,81.2,Australia,MA Starc,SNJ O'Keefe,UT Yadav,3,0,"",""
ball,1,81.3,Australia,SNJ O'Keefe,MA Starc,UT Yadav,0,0,"",""
ball,1,81.4,Australia,SNJ O'Keefe,MA Starc,UT Yadav,0,0,caught,SNJ O'Keefe
ball,1,81.5,Australia,NM Lyon,MA Starc,UT Yadav,0,0,lbw,NM Lyon
ball,1,81.6,Australia,JR Hazlewood,MA Starc,UT Yadav,0,0,"",""
ball,1,82.1,Australia,MA Starc,JR Hazlewood,R Ashwin,0,0,"",""
ball,1,82.2,Australia,MA Starc,JR Hazlewood,R Ashwin,0,0,"",""
ball,1,82.3,Australia,MA Starc,JR Hazlewood,R Ashwin,6,0,"",""
ball,1,82.4,Australia,MA Starc,JR Hazlewood,R Ashwin,0,0,"",""
ball,1,82.5,Australia,MA Starc,JR Hazlewood,R Ashwin,0,0,"",""
ball,1,82.6,Australia,MA Starc,JR Hazlewood,R Ashwin,0,0,"",""
ball,1,83.1,Australia,JR Hazlewood,MA Starc,UT Yadav,0,0,"",""
ball,1,83.2,Australia,JR Hazlewood,MA Starc,UT Yadav,0,0,"",""
ball,1,83.3,Australia,JR Hazlewood,MA Starc,UT Yadav,0,0,"",""
ball,1,83.4,Australia,JR Hazlewood,MA Starc,UT Yadav,0,0,"",""
ball,1,83.5,Australia,JR Hazlewood,MA Starc,UT Yadav,0,0,"",""
ball,1,83.6,Australia,JR Hazlewood,MA Starc,UT Yadav,0,0,"",""
ball,1,84.1,Australia,MA Starc,JR Hazlewood,J Yadav,0,0,"",""
ball,1,84.2,Australia,MA Starc,JR Hazlewood,J Yadav,0,0,"",""
ball,1,84.3,Australia,MA Starc,JR Hazlewood,J Yadav,1,0,"",""
ball,1,84.4,Australia,JR Hazlewood,MA Starc,J Yadav,0,0,"",""
ball,1,84.5,Australia,JR Hazlewood,MA Starc,J Yadav,0,0,"",""
ball,1,84.6,Australia,JR Hazlewood,MA Starc,J Yadav,0,0,"",""
ball,1,85.1,Australia,MA Starc,JR Hazlewood,UT Yadav,0,0,"",""
ball,1,85.2,Australia,MA Starc,JR Hazlewood,UT Yadav,0,0,"",""
ball,1,85.3,Australia,MA Starc,JR Hazlewood,UT Yadav,4,0,"",""
ball,1,85.4,Australia,MA Starc,JR Hazlewood,UT Yadav,0,0,"",""
ball,1,85.5,Australia,MA Starc,JR Hazlewood,UT Yadav,0,0,"",""
ball,1,85.6,Australia,MA Starc,JR Hazlewood,UT Yadav,3,0,"",""
ball,1,86.1,Australia,MA Starc,JR Hazlewood,J Yadav,6,0,"",""
ball,1,86.2,Australia,MA Starc,JR Hazlewood,J Yadav,0,0,"",""
ball,1,86.3,Australia,MA Starc,JR Hazlewood,J Yadav,0,0,"",""
ball,1,86.4,Australia,MA Starc,JR Hazlewood,J Yadav,1,0,"",""
ball,1,86.5,Australia,JR Hazlewood,MA Starc,J Yadav,0,0,"",""
ball,1,86.6,Australia,JR Hazlewood,MA Starc,J Yadav,0,0,"",""
ball,1,87.1,Australia,MA Starc,JR Hazlewood,RA Jadeja,0,0,"",""
ball,1,87.2,Australia,MA Starc,JR Hazlewood,RA Jadeja,4,0,"",""
ball,1,87.3,Australia,MA Starc,JR Hazlewood,RA Jadeja,4,0,"",""
ball,1,87.4,Australia,MA Starc,JR Hazlewood,RA Jadeja,0,0,"",""
ball,1,87.5,Australia,MA Starc,JR Hazlewood,RA Jadeja,6,0,"",""
ball,1,87.6,Australia,MA Starc,JR Hazlewood,RA Jadeja,1,0,"",""
ball,1,88.1,Australia,MA Starc,JR Hazlewood,R Ashwin,0,0,"",""
ball,1,88.2,Australia,MA Starc,JR Hazlewood,R Ashwin,1,0,"",""
ball,1,88.3,Australia,JR Hazlewood,MA Starc,R Ashwin,0,0,"",""
ball,1,88.4,Australia,JR Hazlewood,MA Starc,R Ashwin,0,0,"",""
ball,1,88.5,Australia,JR Hazlewood,MA Starc,R Ashwin,0,0,"",""
ball,1,88.6,Australia,JR Hazlewood,MA Starc,R Ashwin,0,0,"",""
ball,1,89.1,Australia,MA Starc,JR Hazlewood,I Sharma,0,0,"",""
ball,1,89.2,Australia,MA Starc,JR Hazlewood,I Sharma,0,0,"",""
ball,1,89.3,Australia,MA Starc,JR Hazlewood,I Sharma,4,0,"",""
ball,1,89.4,Australia,MA Starc,JR Hazlewood,I Sharma,0,0,"",""
ball,1,89.5,Australia,MA Starc,JR Hazlewood,I Sharma,4,0,"",""
ball,1,89.6,Australia,MA Starc,JR Hazlewood,I Sharma,0,0,"",""
ball,1,90.1,Australia,JR Hazlewood,MA Starc,R Ashwin,1,0,"",""
ball,1,90.2,Australia,MA Starc,JR Hazlewood,R Ashwin,0,0,"",""
ball,1,90.3,Australia,MA Starc,JR Hazlewood,R Ashwin,1,0,"",""
ball,1,90.4,Australia,JR Hazlewood,MA Starc,R Ashwin,0,0,"",""
ball,1,90.5,Australia,JR Hazlewood,MA Starc,R Ashwin,0,0,"",""
ball,1,90.6,Australia,JR Hazlewood,MA Starc,R Ashwin,0,0,"",""
ball,1,91.1,Australia,MA Starc,JR Hazlewood,I Sharma,0,0,"",""
ball,1,91.2,Australia,MA Starc,JR Hazlewood,I Sharma,0,0,"",""
ball,1,91.3,Australia,MA Starc,JR Hazlewood,I Sharma,0,0,"",""
ball,1,91.4,Australia,MA Starc,JR Hazlewood,I Sharma,0,0,"",""
ball,1,91.5,Australia,MA Starc,JR Hazlewood,I Sharma,0,0,"",""
ball,1,91.6,Australia,MA Starc,JR Hazlewood,I Sharma,1,1,"",""
ball,1,91.7,Australia,JR Hazlewood,MA Starc,I Sharma,0,0,"",""
ball,1,92.1,Australia,MA Starc,JR Hazlewood,R Ashwin,1,0,"",""
ball,1,92.2,Australia,JR Hazlewood,MA Starc,R Ashwin,0,0,"",""
ball,1,92.3,Australia,JR Hazlewood,MA Starc,R Ashwin,0,0,"",""
ball,1,92.4,Australia,JR Hazlewood,MA Starc,R Ashwin,0,0,"",""
ball,1,92.5,Australia,JR Hazlewood,MA Starc,R Ashwin,0,0,"",""
ball,1,92.6,Australia,JR Hazlewood,MA Starc,R Ashwin,0,0,"",""
ball,1,93.1,Australia,MA Starc,JR Hazlewood,I Sharma,1,0,"",""
ball,1,93.2,Australia,JR Hazlewood,MA Starc,I Sharma,0,0,"",""
ball,1,93.3,Australia,JR Hazlewood,MA Starc,I Sharma,0,0,"",""
ball,1,93.4,Australia,JR Hazlewood,MA Starc,I Sharma,0,0,"",""
ball,1,93.5,Australia,JR Hazlewood,MA Starc,I Sharma,0,0,"",""
ball,1,93.6,Australia,JR Hazlewood,MA Starc,I Sharma,0,0,"",""
ball,1,94.1,Australia,MA Starc,JR Hazlewood,R Ashwin,0,0,"",""
ball,1,94.2,Australia,MA Starc,JR Hazlewood,R Ashwin,4,0,"",""
ball,1,94.3,Australia,MA Starc,JR Hazlewood,R Ashwin,0,0,"",""
ball,1,94.4,Australia,MA Starc,JR Hazlewood,R Ashwin,0,0,"",""
ball,1,94.5,Australia,MA Starc,JR Hazlewood,R Ashwin,0,0,caught,MA Starc
ball,2,0.1,India,M Vijay,KL Rahul,MA Starc,1,0,"",""
ball,2,0.2,India,KL Rahul,M Vijay,MA Starc,0,0,"",""
ball,2,0.3,India,KL Rahul,M Vijay,MA Starc,0,0,"",""
ball,2,0.4,India,KL Rahul,M Vijay,MA Starc,4,0,"",""
ball,2,0.5,India,KL Rahul,M Vijay,MA Starc,0,0,"",""
ball,2,0.6,India,KL Rahul,M Vijay,MA Starc,0,0,"",""
ball,2,1.1,India,M Vijay,KL Rahul,SNJ O'Keefe,1,0,"",""
ball,2,1.2,India,KL Rahul,M Vijay,SNJ O'Keefe,0,0,"",""
ball,2,1.3,India,KL Rahul,M Vijay,SNJ O'Keefe,0,0,"",""
ball,2,1.4,India,KL Rahul,M Vijay,SNJ O'Keefe,0,0,"",""
ball,2,1.5,India,KL Rahul,M Vijay,SNJ O'Keefe,1,0,"",""
ball,2,1.6,India,M Vijay,KL Rahul,SNJ O'Keefe,0,0,"",""
ball,2,2.1,India,KL Rahul,M Vijay,MA Starc,4,0,"",""
ball,2,2.2,India,KL Rahul,M Vijay,MA Starc,0,0,"",""
ball,2,2.3,India,KL Rahul,M Vijay,MA Starc,0,0,"",""
ball,2,2.4,India,KL Rahul,M Vijay,MA Starc,0,0,"",""
ball,2,2.5,India,KL Rahul,M Vijay,MA Starc,0,0,"",""
ball,2,2.6,India,KL Rahul,M Vijay,MA Starc,0,0,"",""
ball,2,3.1,India,M Vijay,KL Rahul,SNJ O'Keefe,0,0,"",""
ball,2,3.2,India,M Vijay,KL Rahul,SNJ O'Keefe,1,0,"",""
ball,2,3.3,India,KL Rahul,M Vijay,SNJ O'Keefe,0,0,"",""
ball,2,3.4,India,KL Rahul,M Vijay,SNJ O'Keefe,0,0,"",""
ball,2,3.5,India,KL Rahul,M Vijay,SNJ O'Keefe,4,0,"",""
ball,2,3.6,India,KL Rahul,M Vijay,SNJ O'Keefe,0,0,"",""
ball,2,4.1,India,M Vijay,KL Rahul,MA Starc,0,0,"",""
ball,2,4.2,India,M Vijay,KL Rahul,MA Starc,0,0,"",""
ball,2,4.3,India,M Vijay,KL Rahul,MA Starc,0,0,"",""
ball,2,4.4,India,M Vijay,KL Rahul,MA Starc,0,0,"",""
ball,2,4.5,India,M Vijay,KL Rahul,MA Starc,4,0,"",""
ball,2,4.6,India,M Vijay,KL Rahul,MA Starc,1,0,"",""
ball,2,5.1,India,M Vijay,KL Rahul,SNJ O'Keefe,1,0,"",""
ball,2,5.2,India,KL Rahul,M Vijay,SNJ O'Keefe,1,0,"",""
ball,2,5.3,India,M Vijay,KL Rahul,SNJ O'Keefe,1,0,"",""
ball,2,5.4,India,KL Rahul,M Vijay,SNJ O'Keefe,1,0,"",""
ball,2,5.5,India,M Vijay,KL Rahul,SNJ O'Keefe,0,0,"",""
ball,2,5.6,India,M Vijay,KL Rahul,SNJ O'Keefe,0,0,"",""
ball,2,6.1,India,KL Rahul,M Vijay,JR Hazlewood,1,0,"",""
ball,2,6.2,India,M Vijay,KL Rahul,JR Hazlewood,0,0,"",""
ball,2,6.3,India,M Vijay,KL Rahul,JR Hazlewood,0,0,"",""
ball,2,6.4,India,M Vijay,KL Rahul,JR Hazlewood,0,0,"",""
ball,2,6.5,India,M Vijay,KL Rahul,JR Hazlewood,0,0,caught,M Vijay
ball,2,6.6,India,CA Pujara,KL Rahul,JR Hazlewood,0,0,"",""
ball,2,7.1,India,KL Rahul,CA Pujara,SNJ O'Keefe,0,0,"",""
ball,2,7.2,India,KL Rahul,CA Pujara,SNJ O'Keefe,0,0,"",""
ball,2,7.3,India,KL Rahul,CA Pujara,SNJ O'Keefe,0,0,"",""
ball,2,7.4,India,KL Rahul,CA Pujara,SNJ O'Keefe,1,0,"",""
ball,2,7.5,India,CA Pujara,KL Rahul,SNJ O'Keefe,0,0,"",""
ball,2,7.6,India,CA Pujara,KL Rahul,SNJ O'Keefe,0,0,"",""
ball,2,8.1,India,KL Rahul,CA Pujara,JR Hazlewood,0,0,"",""
ball,2,8.2,India,KL Rahul,CA Pujara,JR Hazlewood,0,0,"",""
ball,2,8.3,India,KL Rahul,CA Pujara,JR Hazlewood,0,0,"",""
ball,2,8.4,India,KL Rahul,CA Pujara,JR Hazlewood,0,0,"",""
ball,2,8.5,India,KL Rahul,CA Pujara,JR Hazlewood,0,0,"",""
ball,2,8.6,India,KL Rahul,CA Pujara,JR Hazlewood,0,0,"",""
ball,2,9.1,India,CA Pujara,KL Rahul,SNJ O'Keefe,0,0,"",""
ball,2,9.2,India,CA Pujara,KL Rahul,SNJ O'Keefe,0,0,"",""
ball,2,9.3,India,CA Pujara,KL Rahul,SNJ O'Keefe,1,0,"",""
ball,2,9.4,India,KL Rahul,CA Pujara,SNJ O'Keefe,6,0,"",""
ball,2,9.5,India,KL Rahul,CA Pujara,SNJ O'Keefe,0,0,"",""
ball,2,9.6,India,KL Rahul,CA Pujara,SNJ O'Keefe,0,0,"",""
ball,2,10.1,India,CA Pujara,KL Rahul,JR Hazlewood,4,0,"",""
ball,2,10.2,India,CA Pujara,KL Rahul,JR Hazlewood,0,0,"",""
ball,2,10.3,India,CA Pujara,KL Rahul,JR Hazlewood,0,0,"",""
ball,2,10.4,India,CA Pujara,KL Rahul,JR Hazlewood,0,0,"",""
ball,2,10.5,India,CA Pujara,KL Rahul,JR Hazlewood,0,0,"",""
ball,2,10.6,India,CA Pujara,KL Rahul,JR Hazlewood,0,0,"",""
ball,2,11.1,India,KL Rahul,CA Pujara,NM Lyon,0,0,"",""
ball,2,11.2,India,KL Rahul,CA Pujara,NM Lyon,4,0,"",""
ball,2,11.3,India,KL Rahul,CA Pujara,NM Lyon,0,0,"",""
ball,2,11.4,India,KL Rahul,CA Pujara,NM Lyon,0,0,"",""
ball,2,11.5,India,KL Rahul,CA Pujara,NM Lyon,0,0,"",""
ball,2,11.6,India,KL Rahul,CA Pujara,NM Lyon,0,0,"",""
ball,2,12.1,India,CA Pujara,KL Rahul,JR Hazlewood,0,0,"",""
ball,2,12.2,India,CA Pujara,KL Rahul,JR Hazlewood,0,0,"",""
ball,2,12.3,India,CA Pujara,KL Rahul,JR Hazlewood,0,0,"",""
ball,2,12.4,India,CA Pujara,KL Rahul,JR Hazlewood,0,0,"",""
ball,2,12.5,India,CA Pujara,KL Rahul,JR Hazlewood,0,0,"",""
ball,2,12.6,India,CA Pujara,KL Rahul,JR Hazlewood,0,0,"",""
ball,2,13.1,India,KL Rahul,CA Pujara,NM Lyon,0,0,"",""
ball,2,13.2,India,KL Rahul,CA Pujara,NM Lyon,1,0,"",""
ball,2,13.3,India,CA Pujara,KL Rahul,NM Lyon,0,0,"",""
ball,2,13.4,India,CA Pujara,KL Rahul,NM Lyon,0,0,"",""
ball,2,13.5,India,CA Pujara,KL Rahul,NM Lyon,1,0,"",""
ball,2,13.6,India,KL Rahul,CA Pujara,NM Lyon,0,0,"",""
ball,2,14.1,India,CA Pujara,KL Rahul,MA Starc,0,0,"",""
ball,2,14.2,India,CA Pujara,KL Rahul,MA Starc,0,0,caught,CA Pujara
ball,2,14.3,India,V Kohli,KL Rahul,MA Starc,0,0,"",""
ball,2,14.4,India,V Kohli,KL Rahul,MA Starc,0,0,caught,V Kohli
ball,2,14.5,India,AM Rahane,KL Rahul,MA Starc,0,0,"",""
ball,2,14.6,India,AM Rahane,KL Rahul,MA Starc,0,0,"",""
ball,2,15.1,India,KL Rahul,AM Rahane,NM Lyon,0,0,"",""
ball,2,15.2,India,KL Rahul,AM Rahane,NM Lyon,0,0,"",""
ball,2,15.3,India,KL Rahul,AM Rahane,NM Lyon,1,0,"",""
ball,2,15.4,India,AM Rahane,KL Rahul,NM Lyon,0,0,"",""
ball,2,15.5,India,AM Rahane,KL Rahul,NM Lyon,0,0,"",""
ball,2,15.6,India,AM Rahane,KL Rahul,NM Lyon,0,0,"",""
ball,2,16.1,India,KL Rahul,AM Rahane,MA Starc,0,0,"",""
ball,2,16.2,India,KL Rahul,AM Rahane,MA Starc,0,0,"",""
ball,2,16.3,India,KL Rahul,AM Rahane,MA Starc,0,0,"",""
ball,2,16.4,India,KL Rahul,AM Rahane,MA Starc,0,0,"",""
ball,2,16.5,India,KL Rahul,AM Rahane,MA Starc,0,0,"",""
ball,2,16.6,India,KL Rahul,AM Rahane,MA Starc,0,0,"",""
ball,2,17.1,India,AM Rahane,KL Rahul,NM Lyon,0,0,"",""
ball,2,17.2,India,AM Rahane,KL Rahul,NM Lyon,0,0,"",""
ball,2,17.3,India,AM Rahane,KL Rahul,NM Lyon,1,0,"",""
ball,2,17.4,India,KL Rahul,AM Rahane,NM Lyon,4,0,"",""
ball,2,17.5,India,KL Rahul,AM Rahane,NM Lyon,0,0,"",""
ball,2,17.6,India,KL Rahul,AM Rahane,NM Lyon,0,0,"",""
ball,2,18.1,India,AM Rahane,KL Rahul,MA Starc,0,0,"",""
ball,2,18.2,India,AM Rahane,KL Rahul,MA Starc,0,0,"",""
ball,2,18.3,India,AM Rahane,KL Rahul,MA Starc,1,0,"",""
ball,2,18.4,India,KL Rahul,AM Rahane,MA Starc,0,1,"",""
ball,2,18.5,India,KL Rahul,AM Rahane,MA Starc,4,0,"",""
ball,2,18.6,India,KL Rahul,AM Rahane,MA Starc,0,0,"",""
ball,2,18.7,India,KL Rahul,AM Rahane,MA Starc,2,0,"",""
ball,2,19.1,India,AM Rahane,KL Rahul,NM Lyon,1,0,"",""
ball,2,19.2,India,KL Rahul,AM Rahane,NM Lyon,0,0,"",""
ball,2,19.3,India,KL Rahul,AM Rahane,NM Lyon,0,0,"",""
ball,2,19.4,India,KL Rahul,AM Rahane,NM Lyon,0,0,"",""
ball,2,19.5,India,KL Rahul,AM Rahane,NM Lyon,0,0,"",""
ball,2,19.6,India,KL Rahul,AM Rahane,NM Lyon,1,0,"",""
ball,2,20.1,India,KL Rahul,AM Rahane,JR Hazlewood,4,0,"",""
ball,2,20.2,India,KL Rahul,AM Rahane,JR Hazlewood,0,0,"",""
ball,2,20.3,India,KL Rahul,AM Rahane,JR Hazlewood,0,0,"",""
ball,2,20.4,India,KL Rahul,AM Rahane,JR Hazlewood,1,0,"",""
ball,2,20.5,India,AM Rahane,KL Rahul,JR Hazlewood,0,0,"",""
ball,2,20.6,India,AM Rahane,KL Rahul,JR Hazlewood,0,0,"",""
ball,2,21.1,India,KL Rahul,AM Rahane,SNJ O'Keefe,1,0,"",""
ball,2,21.2,India,AM Rahane,KL Rahul,SNJ O'Keefe,0,0,"",""
ball,2,21.3,India,AM Rahane,KL Rahul,SNJ O'Keefe,0,0,"",""
ball,2,21.4,India,AM Rahane,KL Rahul,SNJ O'Keefe,1,0,"",""
ball,2,21.5,India,KL Rahul,AM Rahane,SNJ O'Keefe,1,0,"",""
ball,2,21.6,India,AM Rahane,KL Rahul,SNJ O'Keefe,1,0,"",""
ball,2,22.1,India,AM Rahane,KL Rahul,JR Hazlewood,0,0,"",""
ball,2,22.2,India,AM Rahane,KL Rahul,JR Hazlewood,0,0,"",""
ball,2,22.3,India,AM Rahane,KL Rahul,JR Hazlewood,1,0,"",""
ball,2,22.4,India,KL Rahul,AM Rahane,JR Hazlewood,0,0,"",""
ball,2,22.5,India,KL Rahul,AM Rahane,JR Hazlewood,0,0,"",""
ball,2,22.6,India,KL Rahul,AM Rahane,JR Hazlewood,0,0,"",""
ball,2,23.1,India,AM Rahane,KL Rahul,SNJ O'Keefe,0,0,"",""
ball,2,23.2,India,AM Rahane,KL Rahul,SNJ O'Keefe,0,0,"",""
ball,2,23.3,India,AM Rahane,KL Rahul,SNJ O'Keefe,0,0,"",""
ball,2,23.4,India,AM Rahane,KL Rahul,SNJ O'Keefe,0,0,"",""
ball,2,23.5,India,AM Rahane,KL Rahul,SNJ O'Keefe,0,0,"",""
ball,2,23.6,India,AM Rahane,KL Rahul,SNJ O'Keefe,0,0,"",""
ball,2,24.1,India,KL Rahul,AM Rahane,JR Hazlewood,0,0,"",""
ball,2,24.2,India,KL Rahul,AM Rahane,JR Hazlewood,0,0,"",""
ball,2,24.3,India,KL Rahul,AM Rahane,JR Hazlewood,0,0,"",""
ball,2,24.4,India,KL Rahul,AM Rahane,JR Hazlewood,0,0,"",""
ball,2,24.5,India,KL Rahul,AM Rahane,JR Hazlewood,0,0,"",""
ball,2,24.6,India,KL Rahul,AM Rahane,JR Hazlewood,0,0,"",""
ball,2,25.1,India,AM Rahane,KL Rahul,SNJ O'Keefe,0,0,"",""
ball,2,25.2,India,AM Rahane,KL Rahul,SNJ O'Keefe,0,0,"",""
ball,2,25.3,India,AM Rahane,KL Rahul,SNJ O'Keefe,0,0,"",""
ball,2,25.4,India,AM Rahane,KL Rahul,SNJ O'Keefe,4,0,"",""
ball,2,25.5,India,AM Rahane,KL Rahul,SNJ O'Keefe,0,0,"",""
ball,2,25.6,India,AM Rahane,KL Rahul,SNJ O'Keefe,0,0,"",""
ball,2,26.1,India,KL Rahul,AM Rahane,MA Starc,0,0,"",""
ball,2,26.2,India,KL Rahul,AM Rahane,MA Starc,1,0,"",""
ball,2,26.3,India,AM Rahane,KL Rahul,MA Starc,0,0,"",""
ball,2,26.4,India,AM Rahane,KL Rahul,MA Starc,2,0,"",""
ball,2,26.5,India,AM Rahane,KL Rahul,MA Starc,0,0,"",""
ball,2,26.6,India,AM Rahane,KL Rahul,MA Starc,0,0,"",""
ball,2,27.1,India,KL Rahul,AM Rahane,SNJ O'Keefe,1,0,"",""
ball,2,27.2,India,AM Rahane,KL Rahul,SNJ O'Keefe,0,0,"",""
ball,2,27.3,India,AM Rahane,KL Rahul,SNJ O'Keefe,0,0,"",""
ball,2,27.4,India,AM Rahane,KL Rahul,SNJ O'Keefe,1,0,"",""
ball,2,27.5,India,KL Rahul,AM Rahane,SNJ O'Keefe,1,0,"",""
ball,2,27.6,India,AM Rahane,KL Rahul,SNJ O'Keefe,0,0,"",""
ball,2,28.1,India,KL Rahul,AM Rahane,MA Starc,4,0,"",""
ball,2,28.2,India,KL Rahul,AM Rahane,MA Starc,0,0,"",""
ball,2,28.3,India,KL Rahul,AM Rahane,MA Starc,4,0,"",""
ball,2,28.4,India,KL Rahul,AM Rahane,MA Starc,0,0,"",""
ball,2,28.5,India,KL Rahul,AM Rahane,MA Starc,0,0,"",""
ball,2,28.6,India,KL Rahul,AM Rahane,MA Starc,0,0,"",""
ball,2,29.1,India,AM Rahane,KL Rahul,NM Lyon,0,0,"",""
ball,2,29.2,India,AM Rahane,KL Rahul,NM Lyon,0,0,"",""
ball,2,29.3,India,AM Rahane,KL Rahul,NM Lyon,0,0,"",""
ball,2,29.4,India,AM Rahane,KL Rahul,NM Lyon,0,0,"",""
ball,2,29.5,India,AM Rahane,KL Rahul,NM Lyon,0,0,"",""
ball,2,29.6,India,AM Rahane,KL Rahul,NM Lyon,0,0,"",""
ball,2,30.1,India,KL Rahul,AM Rahane,MA Starc,4,0,"",""
ball,2,30.2,India,KL Rahul,AM Rahane,MA Starc,0,0,"",""
ball,2,30.3,India,KL Rahul,AM Rahane,MA Starc,1,0,"",""
ball,2,30.4,India,AM Rahane,KL Rahul,MA Starc,0,0,"",""
ball,2,30.5,India,AM Rahane,KL Rahul,MA Starc,0,0,"",""
ball,2,30.6,India,AM Rahane,KL Rahul,MA Starc,0,0,"",""
ball,2,31.1,India,KL Rahul,AM Rahane,NM Lyon,0,0,"",""
ball,2,31.2,India,KL Rahul,AM Rahane,NM Lyon,1,0,"",""
ball,2,31.3,India,AM Rahane,KL Rahul,NM Lyon,0,0,"",""
ball,2,31.4,India,AM Rahane,KL Rahul,NM Lyon,0,0,"",""
ball,2,31.5,India,AM Rahane,KL Rahul,NM Lyon,0,0,"",""
ball,2,31.6,India,AM Rahane,KL Rahul,NM Lyon,0,0,"",""
ball,2,32.1,India,KL Rahul,AM Rahane,SNJ O'Keefe,0,0,"",""
ball,2,32.2,India,KL Rahul,AM Rahane,SNJ O'Keefe,0,0,caught,KL Rahul
ball,2,32.3,India,R Ashwin,AM Rahane,SNJ O'Keefe,1,0,"",""
ball,2,32.4,India,AM Rahane,R Ashwin,SNJ O'Keefe,0,0,caught,AM Rahane
ball,2,32.5,India,WP Saha,R Ashwin,SNJ O'Keefe,0,0,"",""
ball,2,32.6,India,WP Saha,R Ashwin,SNJ O'Keefe,0,0,caught,WP Saha
ball,2,33.1,India,R Ashwin,RA Jadeja,NM Lyon,0,0,"",""
ball,2,33.2,India,R Ashwin,RA Jadeja,NM Lyon,0,0,"",""
ball,2,33.3,India,R Ashwin,RA Jadeja,NM Lyon,0,0,caught,R Ashwin
ball,2,33.4,India,J Yadav,RA Jadeja,NM Lyon,0,0,"",""
ball,2,33.5,India,J Yadav,RA Jadeja,NM Lyon,0,0,"",""
ball,2,33.6,India,J Yadav,RA Jadeja,NM Lyon,0,0,"",""
ball,2,34.1,India,RA Jadeja,J Yadav,SNJ O'Keefe,0,0,"",""
ball,2,34.2,India,RA Jadeja,J Yadav,SNJ O'Keefe,0,0,"",""
ball,2,34.3,India,RA Jadeja,J Yadav,SNJ O'Keefe,0,0,"",""
ball,2,34.4,India,RA Jadeja,J Yadav,SNJ O'Keefe,0,0,"",""
ball,2,34.5,India,RA Jadeja,J Yadav,SNJ O'Keefe,0,0,"",""
ball,2,34.6,India,RA Jadeja,J Yadav,SNJ O'Keefe,0,0,"",""
ball,2,35.1,India,J Yadav,RA Jadeja,NM Lyon,0,0,"",""
ball,2,35.2,India,J Yadav,RA Jadeja,NM Lyon,0,0,"",""
ball,2,35.3,India,J Yadav,RA Jadeja,NM Lyon,0,0,"",""
ball,2,35.4,India,J Yadav,RA Jadeja,NM Lyon,2,0,"",""
ball,2,35.5,India,J Yadav,RA Jadeja,NM Lyon,0,0,"",""
ball,2,35.6,India,J Yadav,RA Jadeja,NM Lyon,0,0,"",""
ball,2,36.1,India,RA Jadeja,J Yadav,SNJ O'Keefe,0,0,"",""
ball,2,36.2,India,RA Jadeja,J Yadav,SNJ O'Keefe,1,0,"",""
ball,2,36.3,India,J Yadav,RA Jadeja,SNJ O'Keefe,0,0,stumped,J Yadav
ball,2,36.4,India,UT Yadav,RA Jadeja,SNJ O'Keefe,1,0,"",""
ball,2,36.5,India,RA Jadeja,UT Yadav,SNJ O'Keefe,0,0,"",""
ball,2,36.6,India,RA Jadeja,UT Yadav,SNJ O'Keefe,0,0,"",""
ball,2,37.1,India,UT Yadav,RA Jadeja,NM Lyon,1,0,"",""
ball,2,37.2,India,RA Jadeja,UT Yadav,NM Lyon,0,0,"",""
ball,2,37.3,India,RA Jadeja,UT Yadav,NM Lyon,1,0,"",""
ball,2,37.4,India,UT Yadav,RA Jadeja,NM Lyon,0,0,"",""
ball,2,37.5,India,UT Yadav,RA Jadeja,NM Lyon,0,0,"",""
ball,2,37.6,India,UT Yadav,RA Jadeja,NM Lyon,0,0,"",""
ball,2,38.1,India,RA Jadeja,UT Yadav,SNJ O'Keefe,0,0,"",""
ball,2,38.2,India,RA Jadeja,UT Yadav,SNJ O'Keefe,0,0,caught,RA Jadeja
ball,2,38.3,India,UT Yadav,I Sharma,SNJ O'Keefe,1,0,"",""
ball,2,38.4,India,I Sharma,UT Yadav,SNJ O'Keefe,0,0,"",""
ball,2,38.5,India,I Sharma,UT Yadav,SNJ O'Keefe,0,0,"",""
ball,2,38.6,India,I Sharma,UT Yadav,SNJ O'Keefe,1,0,"",""
ball,2,39.1,India,I Sharma,UT Yadav,NM Lyon,1,0,"",""
ball,2,39.2,India,UT Yadav,I Sharma,NM Lyon,0,0,"",""
ball,2,39.3,India,UT Yadav,I Sharma,NM Lyon,0,0,"",""
ball,2,39.4,India,UT Yadav,I Sharma,NM Lyon,0,0,"",""
ball,2,39.5,India,UT Yadav,I Sharma,NM Lyon,1,0,"",""
ball,2,39.6,India,I Sharma,UT Yadav,NM Lyon,0,0,"",""
ball,2,40.1,India,UT Yadav,I Sharma,SNJ O'Keefe,0,0,caught,UT Yadav
ball,3,0.1,Australia,DA Warner,SE Marsh,R Ashwin,2,0,"",""
ball,3,0.2,Australia,DA Warner,SE Marsh,R Ashwin,4,0,"",""
ball,3,0.3,Australia,DA Warner,SE Marsh,R Ashwin,0,0,"",""
ball,3,0.4,Australia,DA Warner,SE Marsh,R Ashwin,0,0,"",""
ball,3,0.5,Australia,DA Warner,SE Marsh,R Ashwin,4,0,"",""
ball,3,0.6,Australia,DA Warner,SE Marsh,R Ashwin,0,0,lbw,DA Warner
ball,3,1.1,Australia,SE Marsh,SPD Smith,RA Jadeja,0,0,"",""
ball,3,1.2,Australia,SE Marsh,SPD Smith,RA Jadeja,0,0,"",""
ball,3,1.3,Australia,SE Marsh,SPD Smith,RA Jadeja,0,0,"",""
ball,3,1.4,Australia,SE Marsh,SPD Smith,RA Jadeja,0,0,"",""
ball,3,1.5,Australia,SE Marsh,SPD Smith,RA Jadeja,0,0,"",""
ball,3,1.6,Australia,SE Marsh,SPD Smith,RA Jadeja,0,0,"",""
ball,3,2.1,Australia,SPD Smith,SE Marsh,R Ashwin,0,0,"",""
ball,3,2.2,Australia,SPD Smith,SE Marsh,R Ashwin,4,0,"",""
ball,3,2.3,Australia,SPD Smith,SE Marsh,R Ashwin,1,0,"",""
ball,3,2.4,Australia,SE Marsh,SPD Smith,R Ashwin,0,0,"",""
ball,3,2.5,Australia,SE Marsh,SPD Smith,R Ashwin,0,0,"",""
ball,3,2.6,Australia,SE Marsh,SPD Smith,R Ashwin,0,0,"",""
ball,3,3.1,Australia,SPD Smith,SE Marsh,RA Jadeja,0,0,"",""
ball,3,3.2,Australia,SPD Smith,SE Marsh,RA Jadeja,0,0,"",""
ball,3,3.3,Australia,SPD Smith,SE Marsh,RA Jadeja,4,0,"",""
ball,3,3.4,Australia,SPD Smith,SE Marsh,RA Jadeja,0,0,"",""
ball,3,3.5,Australia,SPD Smith,SE Marsh,RA Jadeja,0,0,"",""
ball,3,3.6,Australia,SPD Smith,SE Marsh,RA Jadeja,0,0,"",""
ball,3,4.1,Australia,SE Marsh,SPD Smith,R Ashwin,0,0,"",""
ball,3,4.2,Australia,SE Marsh,SPD Smith,R Ashwin,0,0,"",""
ball,3,4.3,Australia,SE Marsh,SPD Smith,R Ashwin,0,0,"",""
ball,3,4.4,Australia,SE Marsh,SPD Smith,R Ashwin,0,0,"",""
ball,3,4.5,Australia,SE Marsh,SPD Smith,R Ashwin,0,0,"",""
ball,3,4.6,Australia,SE Marsh,SPD Smith,R Ashwin,0,0,"",""
ball,3,5.1,Australia,SPD Smith,SE Marsh,RA Jadeja,0,0,"",""
ball,3,5.2,Australia,SPD Smith,SE Marsh,RA Jadeja,0,0,"",""
ball,3,5.3,Australia,SPD Smith,SE Marsh,RA Jadeja,0,0,"",""
ball,3,5.4,Australia,SPD Smith,SE Marsh,RA Jadeja,4,0,"",""
ball,3,5.5,Australia,SPD Smith,SE Marsh,RA Jadeja,0,0,"",""
ball,3,5.6,Australia,SPD Smith,SE Marsh,RA Jadeja,0,0,"",""
ball,3,6.1,Australia,SE Marsh,SPD Smith,R Ashwin,0,0,"",""
ball,3,6.2,Australia,SE Marsh,SPD Smith,R Ashwin,0,0,"",""
ball,3,6.3,Australia,SE Marsh,SPD Smith,R Ashwin,0,0,"",""
ball,3,6.4,Australia,SE Marsh,SPD Smith,R Ashwin,0,0,"",""
ball,3,6.5,Australia,SE Marsh,SPD Smith,R Ashwin,0,0,"",""
ball,3,6.6,Australia,SE Marsh,SPD Smith,R Ashwin,0,0,lbw,SE Marsh
ball,3,7.1,Australia,SPD Smith,PSP Handscomb,RA Jadeja,0,1,"",""
ball,3,7.2,Australia,PSP Handscomb,SPD Smith,RA Jadeja,0,0,"",""
ball,3,7.3,Australia,PSP Handscomb,SPD Smith,RA Jadeja,0,0,"",""
ball,3,7.4,Australia,PSP Handscomb,SPD Smith,RA Jadeja,4,0,"",""
ball,3,7.5,Australia,PSP Handscomb,SPD Smith,RA Jadeja,0,0,"",""
ball,3,7.6,Australia,PSP Handscomb,SPD Smith,RA Jadeja,0,0,"",""
ball,3,8.1,Australia,SPD Smith,PSP Handscomb,R Ashwin,0,0,"",""
ball,3,8.2,Australia,SPD Smith,PSP Handscomb,R Ashwin,0,0,"",""
ball,3,8.3,Australia,SPD Smith,PSP Handscomb,R Ashwin,0,0,"",""
ball,3,8.4,Australia,SPD Smith,PSP Handscomb,R Ashwin,0,0,"",""
ball,3,8.5,Australia,SPD Smith,PSP Handscomb,R Ashwin,4,0,"",""
ball,3,8.6,Australia,SPD Smith,PSP Handscomb,R Ashwin,1,0,"",""
ball,3,9.1,Australia,SPD Smith,PSP Handscomb,RA Jadeja,0,0,"",""
ball,3,9.2,Australia,SPD Smith,PSP Handscomb,RA Jadeja,0,0,"",""
ball,3,9.3,Australia,SPD Smith,PSP Handscomb,RA Jadeja,0,0,"",""
ball,3,9.4,Australia,SPD Smith,PSP Handscomb,RA Jadeja,0,0,"",""
ball,3,9.5,Australia,SPD Smith,PSP Handscomb,RA Jadeja,1,0,"",""
ball,3,9.6,Australia,PSP Handscomb,SPD Smith,RA Jadeja,0,0,"",""
ball,3,10.1,Australia,SPD Smith,PSP Handscomb,R Ashwin,0,0,"",""
ball,3,10.2,Australia,SPD Smith,PSP Handscomb,R Ashwin,0,0,"",""
ball,3,10.3,Australia,SPD Smith,PSP Handscomb,R Ashwin,1,0,"",""
ball,3,10.4,Australia,PSP Handscomb,SPD Smith,R Ashwin,1,0,"",""
ball,3,10.5,Australia,SPD Smith,PSP Handscomb,R Ashwin,0,0,"",""
ball,3,10.6,Australia,SPD Smith,PSP Handscomb,R Ashwin,1,0,"",""
ball,3,11.1,Australia,SPD Smith,PSP Handscomb,RA Jadeja,0,0,"",""
ball,3,11.2,Australia,SPD Smith,PSP Handscomb,RA Jadeja,0,0,"",""
ball,3,11.3,Australia,SPD Smith,PSP Handscomb,RA Jadeja,0,0,"",""
ball,3,11.4,Australia,SPD Smith,PSP Handscomb,RA Jadeja,0,0,"",""
ball,3,11.5,Australia,SPD Smith,PSP Handscomb,RA Jadeja,1,0,"",""
ball,3,11.6,Australia,PSP Handscomb,SPD Smith,RA Jadeja,0,0,"",""
ball,3,12.1,Australia,SPD Smith,PSP Handscomb,R Ashwin,0,0,"",""
ball,3,12.2,Australia,SPD Smith,PSP Handscomb,R Ashwin,0,0,"",""
ball,3,12.3,Australia,SPD Smith,PSP Handscomb,R Ashwin,0,0,"",""
ball,3,12.4,Australia,SPD Smith,PSP Handscomb,R Ashwin,0,0,"",""
ball,3,12.5,Australia,SPD Smith,PSP Handscomb,R Ashwin,0,0,"",""
ball,3,12.6,Australia,SPD Smith,PSP Handscomb,R Ashwin,0,0,"",""
ball,3,13.1,Australia,PSP Handscomb,SPD Smith,RA Jadeja,0,0,"",""
ball,3,13.2,Australia,PSP Handscomb,SPD Smith,RA Jadeja,2,0,"",""
ball,3,13.3,Australia,PSP Handscomb,SPD Smith,RA Jadeja,0,0,"",""
ball,3,13.4,Australia,PSP Handscomb,SPD Smith,RA Jadeja,0,0,"",""
ball,3,13.5,Australia,PSP Handscomb,SPD Smith,RA Jadeja,0,0,"",""
ball,3,13.6,Australia,PSP Handscomb,SPD Smith,RA Jadeja,0,0,"",""
ball,3,14.1,Australia,SPD Smith,PSP Handscomb,R Ashwin,1,0,"",""
ball,3,14.2,Australia,PSP Handscomb,SPD Smith,R Ashwin,1,0,"",""
ball,3,14.3,Australia,SPD Smith,PSP Handscomb,R Ashwin,0,0,"",""
ball,3,14.4,Australia,SPD Smith,PSP Handscomb,R Ashwin,0,0,"",""
ball,3,14.5,Australia,SPD Smith,PSP Handscomb,R Ashwin,4,0,"",""
ball,3,14.6,Australia,SPD Smith,PSP Handscomb,R Ashwin,0,0,"",""
ball,3,15.1,Australia,PSP Handscomb,SPD Smith,RA Jadeja,0,0,"",""
ball,3,15.2,Australia,PSP Handscomb,SPD Smith,RA Jadeja,0,0,"",""
ball,3,15.3,Australia,PSP Handscomb,SPD Smith,RA Jadeja,0,0,"",""
ball,3,15.4,Australia,PSP Handscomb,SPD Smith,RA Jadeja,0,0,"",""
ball,3,15.5,Australia,PSP Handscomb,SPD Smith,RA Jadeja,0,0,"",""
ball,3,15.6,Australia,PSP Handscomb,SPD Smith,RA Jadeja,0,0,"",""
ball,3,16.1,Australia,SPD Smith,PSP Handscomb,R Ashwin,1,0,"",""
ball,3,16.2,Australia,PSP Handscomb,SPD Smith,R Ashwin,0,0,"",""
ball,3,16.3,Australia,PSP Handscomb,SPD Smith,R Ashwin,4,0,"",""
ball,3,16.4,Australia,PSP Handscomb,SPD Smith,R Ashwin,0,0,"",""
ball,3,16.5,Australia,PSP Handscomb,SPD Smith,R Ashwin,0,0,"",""
ball,3,16.6,Australia,PSP Handscomb,SPD Smith,R Ashwin,0,0,"",""
ball,3,17.1,Australia,SPD Smith,PSP Handscomb,RA Jadeja,0,0,"",""
ball,3,17.2,Australia,SPD Smith,PSP Handscomb,RA Jadeja,0,0,"",""
ball,3,17.3,Australia,SPD Smith,PSP Handscomb,RA Jadeja,0,0,"",""
ball,3,17.4,Australia,SPD Smith,PSP Handscomb,RA Jadeja,0,0,"",""
ball,3,17.5,Australia,SPD Smith,PSP Handscomb,RA Jadeja,0,0,"",""
ball,3,17.6,Australia,SPD Smith,PSP Handscomb,RA Jadeja,0,0,"",""
ball,3,18.1,Australia,PSP Handscomb,SPD Smith,R Ashwin,1,0,"",""
ball,3,18.2,Australia,SPD Smith,PSP Handscomb,R Ashwin,0,0,"",""
ball,3,18.3,Australia,SPD Smith,PSP Handscomb,R Ashwin,1,0,"",""
ball,3,18.4,Australia,PSP Handscomb,SPD Smith,R Ashwin,4,0,"",""
ball,3,18.5,Australia,PSP Handscomb,SPD Smith,R Ashwin,0,0,"",""
ball,3,18.6,Australia,PSP Handscomb,SPD Smith,R Ashwin,0,0,"",""
ball,3,19.1,Australia,SPD Smith,PSP Handscomb,RA Jadeja,0,0,"",""
ball,3,19.2,Australia,SPD Smith,PSP Handscomb,RA Jadeja,0,0,"",""
ball,3,19.3,Australia,SPD Smith,PSP Handscomb,RA Jadeja,0,0,"",""
ball,3,19.4,Australia,SPD Smith,PSP Handscomb,RA Jadeja,0,0,"",""
ball,3,19.5,Australia,SPD Smith,PSP Handscomb,RA Jadeja,0,0,"",""
ball,3,19.6,Australia,SPD Smith,PSP Handscomb,RA Jadeja,0,0,"",""
ball,3,20.1,Australia,PSP Handscomb,SPD Smith,R Ashwin,1,0,"",""
ball,3,20.2,Australia,SPD Smith,PSP Handscomb,R Ashwin,1,0,"",""
ball,3,20.3,Australia,PSP Handscomb,SPD Smith,R Ashwin,1,0,"",""
ball,3,20.4,Australia,SPD Smith,PSP Handscomb,R Ashwin,1,0,"",""
ball,3,20.5,Australia,PSP Handscomb,SPD Smith,R Ashwin,0,0,"",""
ball,3,20.6,Australia,PSP Handscomb,SPD Smith,R Ashwin,0,0,caught,PSP Handscomb
ball,3,21.1,Australia,SPD Smith,MT Renshaw,RA Jadeja,0,0,"",""
ball,3,21.2,Australia,SPD Smith,MT Renshaw,RA Jadeja,0,0,"",""
ball,3,21.3,Australia,SPD Smith,MT Renshaw,RA Jadeja,0,0,"",""
ball,3,21.4,Australia,SPD Smith,MT Renshaw,RA Jadeja,2,0,"",""
ball,3,21.5,Australia,SPD Smith,MT Renshaw,RA Jadeja,0,0,"",""
ball,3,21.6,Australia,SPD Smith,MT Renshaw,RA Jadeja,0,0,"",""
ball,3,22.1,Australia,MT Renshaw,SPD Smith,R Ashwin,0,0,"",""
ball,3,22.2,Australia,MT Renshaw,SPD Smith,R Ashwin,0,0,"",""
ball,3,22.3,Australia,MT Renshaw,SPD Smith,R Ashwin,0,0,"",""
ball,3,22.4,Australia,MT Renshaw,SPD Smith,R Ashwin,1,0,"",""
ball,3,22.5,Australia,SPD Smith,MT Renshaw,R Ashwin,0,0,"",""
ball,3,22.6,Australia,SPD Smith,MT Renshaw,R Ashwin,2,0,"",""
ball,3,23.1,Australia,MT Renshaw,SPD Smith,RA Jadeja,0,0,"",""
ball,3,23.2,Australia,MT Renshaw,SPD Smith,RA Jadeja,0,0,"",""
ball,3,23.3,Australia,MT Renshaw,SPD Smith,RA Jadeja,1,0,"",""
ball,3,23.4,Australia,SPD Smith,MT Renshaw,RA Jadeja,0,0,"",""
ball,3,23.5,Australia,SPD Smith,MT Renshaw,RA Jadeja,0,0,"",""
ball,3,23.6,Australia,SPD Smith,MT Renshaw,RA Jadeja,0,0,"",""
ball,3,24.1,Australia,MT Renshaw,SPD Smith,R Ashwin,0,0,"",""
ball,3,24.2,Australia,MT Renshaw,SPD Smith,R Ashwin,0,0,"",""
ball,3,24.3,Australia,MT Renshaw,SPD Smith,R Ashwin,0,0,"",""
ball,3,24.4,Australia,MT Renshaw,SPD Smith,R Ashwin,0,0,"",""
ball,3,24.5,Australia,MT Renshaw,SPD Smith,R Ashwin,0,0,"",""
ball,3,24.6,Australia,MT Renshaw,SPD Smith,R Ashwin,1,0,"",""
ball,3,25.1,Australia,MT Renshaw,SPD Smith,RA Jadeja,0,0,"",""
ball,3,25.2,Australia,MT Renshaw,SPD Smith,RA Jadeja,0,0,"",""
ball,3,25.3,Australia,MT Renshaw,SPD Smith,RA Jadeja,4,0,"",""
ball,3,25.4,Australia,MT Renshaw,SPD Smith,RA Jadeja,0,0,"",""
ball,3,25.5,Australia,MT Renshaw,SPD Smith,RA Jadeja,1,0,"",""
ball,3,25.6,Australia,SPD Smith,MT Renshaw,RA Jadeja,0,0,"",""
ball,3,26.1,Australia,MT Renshaw,SPD Smith,R Ashwin,0,0,"",""
ball,3,26.2,Australia,MT Renshaw,SPD Smith,R Ashwin,0,0,"",""
ball,3,26.3,Australia,MT Renshaw,SPD Smith,R Ashwin,4,0,"",""
ball,3,26.4,Australia,MT Renshaw,SPD Smith,R Ashwin,0,0,"",""
ball,3,26.5,Australia,MT Renshaw,SPD Smith,R Ashwin,1,0,"",""
ball,3,26.6,Australia,SPD Smith,MT Renshaw,R Ashwin,1,0,"",""
ball,3,27.1,Australia,SPD Smith,MT Renshaw,UT Yadav,1,0,"",""
ball,3,27.2,Australia,MT Renshaw,SPD Smith,UT Yadav,0,0,"",""
ball,3,27.3,Australia,MT Renshaw,SPD Smith,UT Yadav,0,0,"",""
ball,3,27.4,Australia,MT Renshaw,SPD Smith,UT Yadav,0,0,"",""
ball,3,27.5,Australia,MT Renshaw,SPD Smith,UT Yadav,0,0,"",""
ball,3,27.6,Australia,MT Renshaw,SPD Smith,UT Yadav,0,0,"",""
ball,3,28.1,Australia,SPD Smith,MT Renshaw,R Ashwin,0,0,"",""
ball,3,28.2,Australia,SPD Smith,MT Renshaw,R Ashwin,0,0,"",""
ball,3,28.3,Australia,SPD Smith,MT Renshaw,R Ashwin,1,0,"",""
ball,3,28.4,Australia,MT Renshaw,SPD Smith,R Ashwin,0,0,"",""
ball,3,28.5,Australia,MT Renshaw,SPD Smith,R Ashwin,0,0,"",""
ball,3,28.6,Australia,MT Renshaw,SPD Smith,R Ashwin,0,0,"",""
ball,3,29.1,Australia,SPD Smith,MT Renshaw,UT Yadav,4,0,"",""
ball,3,29.2,Australia,SPD Smith,MT Renshaw,UT Yadav,1,0,"",""
ball,3,29.3,Australia,MT Renshaw,SPD Smith,UT Yadav,0,0,"",""
ball,3,29.4,Australia,MT Renshaw,SPD Smith,UT Yadav,0,0,"",""
ball,3,29.5,Australia,MT Renshaw,SPD Smith,UT Yadav,0,0,"",""
ball,3,29.6,Australia,MT Renshaw,SPD Smith,UT Yadav,0,0,"",""
ball,3,30.1,Australia,SPD Smith,MT Renshaw,R Ashwin,1,0,"",""
ball,3,30.2,Australia,MT Renshaw,SPD Smith,R Ashwin,4,0,"",""
ball,3,30.3,Australia,MT Renshaw,SPD Smith,R Ashwin,4,0,"",""
ball,3,30.4,Australia,MT Renshaw,SPD Smith,R Ashwin,1,0,"",""
ball,3,30.5,Australia,SPD Smith,MT Renshaw,R Ashwin,1,0,"",""
ball,3,30.6,Australia,MT Renshaw,SPD Smith,R Ashwin,2,0,"",""
ball,3,31.1,Australia,SPD Smith,MT Renshaw,UT Yadav,0,0,"",""
ball,3,31.2,Australia,SPD Smith,MT Renshaw,UT Yadav,0,0,"",""
ball,3,31.3,Australia,SPD Smith,MT Renshaw,UT Yadav,1,0,"",""
ball,3,31.4,Australia,MT Renshaw,SPD Smith,UT Yadav,0,0,"",""
ball,3,31.5,Australia,MT Renshaw,SPD Smith,UT Yadav,0,0,"",""
ball,3,31.6,Australia,MT Renshaw,SPD Smith,UT Yadav,0,0,"",""
ball,3,32.1,Australia,SPD Smith,MT Renshaw,J Yadav,1,0,"",""
ball,3,32.2,Australia,MT Renshaw,SPD Smith,J Yadav,1,0,"",""
ball,3,32.3,Australia,SPD Smith,MT Renshaw,J Yadav,1,0,"",""
ball,3,32.4,Australia,MT Renshaw,SPD Smith,J Yadav,4,0,"",""
ball,3,32.5,Australia,MT Renshaw,SPD Smith,J Yadav,1,0,"",""
ball,3,32.6,Australia,SPD Smith,MT Renshaw,J Yadav,0,0,"",""
ball,3,33.1,Australia,MT Renshaw,SPD Smith,UT Yadav,0,0,"",""
ball,3,33.2,Australia,MT Renshaw,SPD Smith,UT Yadav,0,0,"",""
ball,3,33.3,Australia,MT Renshaw,SPD Smith,UT Yadav,0,0,"",""
ball,3,33.4,Australia,MT Renshaw,SPD Smith,UT Yadav,1,0,"",""
ball,3,33.5,Australia,SPD Smith,MT Renshaw,UT Yadav,4,0,"",""
ball,3,33.6,Australia,SPD Smith,MT Renshaw,UT Yadav,0,0,"",""
ball,3,34.1,Australia,MT Renshaw,SPD Smith,J Yadav,0,0,caught,MT Renshaw
ball,3,34.2,Australia,SPD Smith,MR Marsh,J Yadav,0,0,"",""
ball,3,34.3,Australia,SPD Smith,MR Marsh,J Yadav,1,0,"",""
ball,3,34.4,Australia,MR Marsh,SPD Smith,J Yadav,0,0,"",""
ball,3,34.5,Australia,MR Marsh,SPD Smith,J Yadav,0,0,"",""
ball,3,34.6,Australia,MR Marsh,SPD Smith,J Yadav,0,1,"",""
ball,3,35.1,Australia,MR Marsh,SPD Smith,I Sharma,0,0,"",""
ball,3,35.2,Australia,MR Marsh,SPD Smith,I Sharma,0,0,"",""
ball,3,35.3,Australia,MR Marsh,SPD Smith,I Sharma,4,0,"",""
ball,3,35.4,Australia,MR Marsh,SPD Smith,I Sharma,0,0,"",""
ball,3,35.5,Australia,MR Marsh,SPD Smith,I Sharma,0,0,"",""
ball,3,35.6,Australia,MR Marsh,SPD Smith,I Sharma,0,0,"",""
ball,3,36.1,Australia,SPD Smith,MR Marsh,J Yadav,2,0,"",""
ball,3,36.2,Australia,SPD Smith,MR Marsh,J Yadav,0,1,"",""
ball,3,36.3,Australia,MR Marsh,SPD Smith,J Yadav,0,0,"",""
ball,3,36.4,Australia,MR Marsh,SPD Smith,J Yadav,0,0,"",""
ball,3,36.5,Australia,MR Marsh,SPD Smith,J Yadav,4,0,"",""
ball,3,36.6,Australia,MR Marsh,SPD Smith,J Yadav,0,0,"",""
ball,3,37.1,Australia,SPD Smith,MR Marsh,RA Jadeja,1,0,"",""
ball,3,37.2,Australia,MR Marsh,SPD Smith,RA Jadeja,0,0,"",""
ball,3,37.3,Australia,MR Marsh,SPD Smith,RA Jadeja,0,0,"",""
ball,3,37.4,Australia,MR Marsh,SPD Smith,RA Jadeja,0,0,"",""
ball,3,37.5,Australia,MR Marsh,SPD Smith,RA Jadeja,0,0,"",""
ball,3,37.6,Australia,MR Marsh,SPD Smith,RA Jadeja,0,0,"",""
ball,3,38.1,Australia,SPD Smith,MR Marsh,J Yadav,1,0,"",""
ball,3,38.2,Australia,MR Marsh,SPD Smith,J Yadav,0,0,"",""
ball,3,38.3,Australia,MR Marsh,SPD Smith,J Yadav,6,0,"",""
ball,3,38.4,Australia,MR Marsh,SPD Smith,J Yadav,1,0,"",""
ball,3,38.5,Australia,SPD Smith,MR Marsh,J Yadav,0,0,"",""
ball,3,38.6,Australia,SPD Smith,MR Marsh,J Yadav,0,0,"",""
ball,3,39.1,Australia,MR Marsh,SPD Smith,RA Jadeja,0,0,"",""
ball,3,39.2,Australia,MR Marsh,SPD Smith,RA Jadeja,0,0,"",""
ball,3,39.3,Australia,MR Marsh,SPD Smith,RA Jadeja,0,0,"",""
ball,3,39.4,Australia,MR Marsh,SPD Smith,RA Jadeja,0,0,"",""
ball,3,39.5,Australia,MR Marsh,SPD Smith,RA Jadeja,0,0,"",""
ball,3,39.6,Australia,MR Marsh,SPD Smith,RA Jadeja,0,0,"",""
ball,3,40.1,Australia,SPD Smith,MR Marsh,J Yadav,1,0,"",""
ball,3,40.2,Australia,MR Marsh,SPD Smith,J Yadav,0,0,"",""
ball,3,40.3,Australia,MR Marsh,SPD Smith,J Yadav,0,0,"",""
ball,3,40.4,Australia,MR Marsh,SPD Smith,J Yadav,1,0,"",""
ball,3,40.5,Australia,SPD Smith,MR Marsh,J Yadav,1,0,"",""
ball,3,40.6,Australia,MR Marsh,SPD Smith,J Yadav,1,0,"",""
ball,3,41.1,Australia,MR Marsh,SPD Smith,RA Jadeja,1,0,"",""
ball,3,41.2,Australia,SPD Smith,MR Marsh,RA Jadeja,0,0,"",""
ball,3,41.3,Australia,SPD Smith,MR Marsh,RA Jadeja,0,0,"",""
ball,3,41.4,Australia,SPD Smith,MR Marsh,RA Jadeja,0,0,"",""
ball,3,41.5,Australia,SPD Smith,MR Marsh,RA Jadeja,0,0,"",""
ball,3,41.6,Australia,SPD Smith,MR Marsh,RA Jadeja,0,0,"",""
ball,3,42.1,Australia,MR Marsh,SPD Smith,I Sharma,0,0,"",""
ball,3,42.2,Australia,MR Marsh,SPD Smith,I Sharma,0,0,"",""
ball,3,42.3,Australia,MR Marsh,SPD Smith,I Sharma,0,0,"",""
ball,3,42.4,Australia,MR Marsh,SPD Smith,I Sharma,0,0,"",""
ball,3,42.5,Australia,MR Marsh,SPD Smith,I Sharma,0,0,"",""
ball,3,42.6,Australia,MR Marsh,SPD Smith,I Sharma,1,0,"",""
ball,3,43.1,Australia,MR Marsh,SPD Smith,UT Yadav,0,0,"",""
ball,3,43.2,Australia,MR Marsh,SPD Smith,UT Yadav,0,0,"",""
ball,3,43.3,Australia,MR Marsh,SPD Smith,UT Yadav,1,0,"",""
ball,3,43.4,Australia,SPD Smith,MR Marsh,UT Yadav,0,0,"",""
ball,3,43.5,Australia,SPD Smith,MR Marsh,UT Yadav,0,0,"",""
ball,3,43.6,Australia,SPD Smith,MR Marsh,UT Yadav,0,0,"",""
ball,3,44.1,Australia,MR Marsh,SPD Smith,I Sharma,1,0,"",""
ball,3,44.2,Australia,SPD Smith,MR Marsh,I Sharma,0,0,"",""
ball,3,44.3,Australia,SPD Smith,MR Marsh,I Sharma,0,0,"",""
ball,3,44.4,Australia,SPD Smith,MR Marsh,I Sharma,0,0,"",""
ball,3,44.5,Australia,SPD Smith,MR Marsh,I Sharma,0,0,"",""
ball,3,44.6,Australia,SPD Smith,MR Marsh,I Sharma,0,0,"",""
ball,3,45.1,Australia,MR Marsh,SPD Smith,RA Jadeja,0,0,"",""
ball,3,45.2,Australia,MR Marsh,SPD Smith,RA Jadeja,0,0,"",""
ball,3,45.3,Australia,MR Marsh,SPD Smith,RA Jadeja,0,0,"",""
ball,3,45.4,Australia,MR Marsh,SPD Smith,RA Jadeja,0,0,"",""
ball,3,45.5,Australia,MR Marsh,SPD Smith,RA Jadeja,0,0,"",""
ball,3,45.6,Australia,MR Marsh,SPD Smith,RA Jadeja,0,0,"",""
ball,3,46.1,Australia,SPD Smith,MR Marsh,R Ashwin,0,0,"",""
ball,3,46.2,Australia,SPD Smith,MR Marsh,R Ashwin,0,0,"",""
ball,3,46.3,Australia,SPD Smith,MR Marsh,R Ashwin,2,0,"",""
ball,3,46.4,Australia,SPD Smith,MR Marsh,R Ashwin,1,0,"",""
ball,3,46.5,Australia,MR Marsh,SPD Smith,R Ashwin,1,0,"",""
ball,3,46.6,Australia,SPD Smith,MR Marsh,R Ashwin,0,0,"",""
ball,3,47.1,Australia,MR Marsh,SPD Smith,RA Jadeja,0,0,"",""
ball,3,47.2,Australia,MR Marsh,SPD Smith,RA Jadeja,0,0,"",""
ball,3,47.3,Australia,MR Marsh,SPD Smith,RA Jadeja,0,0,"",""
ball,3,47.4,Australia,MR Marsh,SPD Smith,RA Jadeja,0,0,"",""
ball,3,47.5,Australia,MR Marsh,SPD Smith,RA Jadeja,0,0,"",""
ball,3,47.6,Australia,MR Marsh,SPD Smith,RA Jadeja,0,0,"",""
ball,3,48.1,Australia,SPD Smith,MR Marsh,R Ashwin,1,0,"",""
ball,3,48.2,Australia,MR Marsh,SPD Smith,R Ashwin,4,0,"",""
ball,3,48.3,Australia,MR Marsh,SPD Smith,R Ashwin,0,0,"",""
ball,3,48.4,Australia,MR Marsh,SPD Smith,R Ashwin,0,0,"",""
ball,3,48.5,Australia,MR Marsh,SPD Smith,R Ashwin,0,0,"",""
ball,3,48.6,Australia,MR Marsh,SPD Smith,R Ashwin,0,0,"",""
ball,3,49.1,Australia,SPD Smith,MR Marsh,RA Jadeja,0,0,"",""
ball,3,49.2,Australia,SPD Smith,MR Marsh,RA Jadeja,0,0,"",""
ball,3,49.3,Australia,SPD Smith,MR Marsh,RA Jadeja,1,0,"",""
ball,3,49.4,Australia,MR Marsh,SPD Smith,RA Jadeja,0,0,"",""
ball,3,49.5,Australia,MR Marsh,SPD Smith,RA Jadeja,0,0,"",""
ball,3,49.6,Australia,MR Marsh,SPD Smith,RA Jadeja,0,0,"",""
ball,3,50.1,Australia,SPD Smith,MR Marsh,R Ashwin,1,0,"",""
ball,3,50.2,Australia,MR Marsh,SPD Smith,R Ashwin,4,0,"",""
ball,3,50.3,Australia,MR Marsh,SPD Smith,R Ashwin,0,0,"",""
ball,3,50.4,Australia,MR Marsh,SPD Smith,R Ashwin,0,0,"",""
ball,3,50.5,Australia,MR Marsh,SPD Smith,R Ashwin,0,0,"",""
ball,3,50.6,Australia,MR Marsh,SPD Smith,R Ashwin,0,0,"",""
ball,3,51.1,Australia,SPD Smith,MR Marsh,RA Jadeja,1,0,"",""
ball,3,51.2,Australia,MR Marsh,SPD Smith,RA Jadeja,0,0,"",""
ball,3,51.3,Australia,MR Marsh,SPD Smith,RA Jadeja,0,0,"",""
ball,3,51.4,Australia,MR Marsh,SPD Smith,RA Jadeja,0,0,"",""
ball,3,51.5,Australia,MR Marsh,SPD Smith,RA Jadeja,0,0,"",""
ball,3,51.6,Australia,MR Marsh,SPD Smith,RA Jadeja,0,0,"",""
ball,3,52.1,Australia,SPD Smith,MR Marsh,R Ashwin,1,0,"",""
ball,3,52.2,Australia,MR Marsh,SPD Smith,R Ashwin,1,0,"",""
ball,3,52.3,Australia,SPD Smith,MR Marsh,R Ashwin,4,0,"",""
ball,3,52.4,Australia,SPD Smith,MR Marsh,R Ashwin,0,0,"",""
ball,3,52.5,Australia,SPD Smith,MR Marsh,R Ashwin,0,0,"",""
ball,3,52.6,Australia,SPD Smith,MR Marsh,R Ashwin,0,0,"",""
ball,3,53.1,Australia,MR Marsh,SPD Smith,RA Jadeja,0,4,"",""
ball,3,53.2,Australia,MR Marsh,SPD Smith,RA Jadeja,0,0,caught,MR Marsh
ball,3,53.3,Australia,MS Wade,SPD Smith,RA Jadeja,0,0,"",""
ball,3,53.4,Australia,MS Wade,SPD Smith,RA Jadeja,1,0,"",""
ball,3,53.5,Australia,SPD Smith,MS Wade,RA Jadeja,1,0,"",""
ball,3,53.6,Australia,MS Wade,SPD Smith,RA Jadeja,0,0,"",""
ball,3,54.1,Australia,SPD Smith,MS Wade,R Ashwin,0,0,"",""
ball,3,54.2,Australia,SPD Smith,MS Wade,R Ashwin,0,0,"",""
ball,3,54.3,Australia,SPD Smith,MS Wade,R Ashwin,0,0,"",""
ball,3,54.4,Australia,SPD Smith,MS Wade,R Ashwin,1,0,"",""
ball,3,54.5,Australia,MS Wade,SPD Smith,R Ashwin,0,0,"",""
ball,3,54.6,Australia,MS Wade,SPD Smith,R Ashwin,0,0,"",""
ball,3,55.1,Australia,SPD Smith,MS Wade,RA Jadeja,0,0,"",""
ball,3,55.2,Australia,SPD Smith,MS Wade,RA Jadeja,0,0,"",""
ball,3,55.3,Australia,SPD Smith,MS Wade,RA Jadeja,0,0,"",""
ball,3,55.4,Australia,SPD Smith,MS Wade,RA Jadeja,0,0,"",""
ball,3,55.5,Australia,SPD Smith,MS Wade,RA Jadeja,0,0,"",""
ball,3,55.6,Australia,SPD Smith,MS Wade,RA Jadeja,4,0,"",""
ball,3,56.1,Australia,MS Wade,SPD Smith,R Ashwin,1,0,"",""
ball,3,56.2,Australia,SPD Smith,MS Wade,R Ashwin,0,0,"",""
ball,3,56.3,Australia,SPD Smith,MS Wade,R Ashwin,0,0,"",""
ball,3,56.4,Australia,SPD Smith,MS Wade,R Ashwin,0,0,"",""
ball,3,56.5,Australia,SPD Smith,MS Wade,R Ashwin,1,0,"",""
ball,3,56.6,Australia,MS Wade,SPD Smith,R Ashwin,0,0,"",""
ball,3,57.1,Australia,SPD Smith,MS Wade,RA Jadeja,0,0,"",""
ball,3,57.2,Australia,SPD Smith,MS Wade,RA Jadeja,1,0,"",""
ball,3,57.3,Australia,MS Wade,SPD Smith,RA Jadeja,2,0,"",""
ball,3,57.4,Australia,MS Wade,SPD Smith,RA Jadeja,0,0,"",""
ball,3,57.5,Australia,MS Wade,SPD Smith,RA Jadeja,0,0,"",""
ball,3,57.6,Australia,MS Wade,SPD Smith,RA Jadeja,1,0,"",""
ball,3,58.1,Australia,MS Wade,SPD Smith,J Yadav,0,0,"",""
ball,3,58.2,Australia,MS Wade,SPD Smith,J Yadav,0,0,"",""
ball,3,58.3,Australia,MS Wade,SPD Smith,J Yadav,0,0,"",""
ball,3,58.4,Australia,MS Wade,SPD Smith,J Yadav,0,0,"",""
ball,3,58.5,Australia,MS Wade,SPD Smith,J Yadav,0,0,"",""
ball,3,58.6,Australia,MS Wade,SPD Smith,J Yadav,0,0,"",""
ball,3,59.1,Australia,SPD Smith,MS Wade,UT Yadav,0,0,"",""
ball,3,59.2,Australia,SPD Smith,MS Wade,UT Yadav,0,0,"",""
ball,3,59.3,Australia,SPD Smith,MS Wade,UT Yadav,1,0,"",""
ball,3,59.4,Australia,MS Wade,SPD Smith,UT Yadav,0,0,"",""
ball,3,59.5,Australia,MS Wade,SPD Smith,UT Yadav,1,0,"",""
ball,3,59.6,Australia,SPD Smith,MS Wade,UT Yadav,0,0,"",""
ball,3,60.1,Australia,MS Wade,SPD Smith,J Yadav,0,0,"",""
ball,3,60.2,Australia,MS Wade,SPD Smith,J Yadav,0,0,"",""
ball,3,60.3,Australia,MS Wade,SPD Smith,J Yadav,0,0,"",""
ball,3,60.4,Australia,MS Wade,SPD Smith,J Yadav,0,0,"",""
ball,3,60.5,Australia,MS Wade,SPD Smith,J Yadav,4,0,"",""
ball,3,60.6,Australia,MS Wade,SPD Smith,J Yadav,0,0,"",""
ball,3,61.1,Australia,SPD Smith,MS Wade,UT Yadav,0,0,"",""
ball,3,61.2,Australia,SPD Smith,MS Wade,UT Yadav,1,0,"",""
ball,3,61.3,Australia,MS Wade,SPD Smith,UT Yadav,0,0,"",""
ball,3,61.4,Australia,MS Wade,SPD Smith,UT Yadav,2,0,"",""
ball,3,61.5,Australia,MS Wade,SPD Smith,UT Yadav,2,0,"",""
ball,3,61.6,Australia,MS Wade,SPD Smith,UT Yadav,0,0,"",""
ball,3,62.1,Australia,SPD Smith,MS Wade,J Yadav,0,0,"",""
ball,3,62.2,Australia,SPD Smith,MS Wade,J Yadav,0,0,"",""
ball,3,62.3,Australia,SPD Smith,MS Wade,J Yadav,0,0,"",""
ball,3,62.4,Australia,SPD Smith,MS Wade,J Yadav,1,0,"",""
ball,3,62.5,Australia,MS Wade,SPD Smith,J Yadav,0,0,"",""
ball,3,62.6,Australia,MS Wade,SPD Smith,J Yadav,0,0,"",""
ball,3,63.1,Australia,SPD Smith,MS Wade,UT Yadav,1,0,"",""
ball,3,63.2,Australia,MS Wade,SPD Smith,UT Yadav,0,0,"",""
ball,3,63.3,Australia,MS Wade,SPD Smith,UT Yadav,0,0,"",""
ball,3,63.4,Australia,MS Wade,SPD Smith,UT Yadav,0,0,"",""
ball,3,63.5,Australia,MS Wade,SPD Smith,UT Yadav,0,0,"",""
ball,3,63.6,Australia,MS Wade,SPD Smith,UT Yadav,4,0,"",""
ball,3,64.1,Australia,SPD Smith,MS Wade,J Yadav,1,0,"",""
ball,3,64.2,Australia,MS Wade,SPD Smith,J Yadav,1,1,"",""
ball,3,64.3,Australia,SPD Smith,MS Wade,J Yadav,0,0,"",""
ball,3,64.4,Australia,SPD Smith,MS Wade,J Yadav,0,0,"",""
ball,3,64.5,Australia,SPD Smith,MS Wade,J Yadav,0,0,"",""
ball,3,64.6,Australia,SPD Smith,MS Wade,J Yadav,0,0,"",""
ball,3,64.7,Australia,SPD Smith,MS Wade,J Yadav,0,0,"",""
ball,3,65.1,Australia,MS Wade,SPD Smith,UT Yadav,0,0,"",""
ball,3,65.2,Australia,MS Wade,SPD Smith,UT Yadav,0,0,"",""
ball,3,65.3,Australia,MS Wade,SPD Smith,UT Yadav,1,0,"",""
ball,3,65.4,Australia,SPD Smith,MS Wade,UT Yadav,1,0,"",""
ball,3,65.5,Australia,MS Wade,SPD Smith,UT Yadav,0,0,"",""
ball,3,65.6,Australia,MS Wade,SPD Smith,UT Yadav,0,0,caught,MS Wade
ball,3,66.1,Australia,SPD Smith,MA Starc,J Yadav,4,0,"",""
ball,3,66.2,Australia,SPD Smith,MA Starc,J Yadav,1,0,"",""
ball,3,66.3,Australia,MA Starc,SPD Smith,J Yadav,1,0,"",""
ball,3,66.4,Australia,SPD Smith,MA Starc,J Yadav,0,0,"",""
ball,3,66.5,Australia,SPD Smith,MA Starc,J Yadav,1,0,"",""
ball,3,66.6,Australia,MA Starc,SPD Smith,J Yadav,1,0,"",""
ball,3,67.1,Australia,MA Starc,SPD Smith,UT Yadav,1,0,"",""
ball,3,67.2,Australia,SPD Smith,MA Starc,UT Yadav,1,0,"",""
ball,3,67.3,Australia,MA Starc,SPD Smith,UT Yadav,0,0,"",""
ball,3,67.4,Australia,MA Starc,SPD Smith,UT Yadav,0,0,"",""
ball,3,67.5,Australia,MA Starc,SPD Smith,UT Yadav,0,0,"",""
ball,3,67.6,Australia,MA Starc,SPD Smith,UT Yadav,4,0,"",""
ball,3,68.1,Australia,SPD Smith,MA Starc,RA Jadeja,0,0,"",""
ball,3,68.2,Australia,SPD Smith,MA Starc,RA Jadeja,0,0,"",""
ball,3,68.3,Australia,SPD Smith,MA Starc,RA Jadeja,0,0,"",""
ball,3,68.4,Australia,SPD Smith,MA Starc,RA Jadeja,0,0,"",""
ball,3,68.5,Australia,SPD Smith,MA Starc,RA Jadeja,0,0,"",""
ball,3,68.6,Australia,SPD Smith,MA Starc,RA Jadeja,1,0,"",""
ball,3,69.1,Australia,SPD Smith,MA Starc,UT Yadav,0,0,"",""
ball,3,69.2,Australia,SPD Smith,MA Starc,UT Yadav,0,0,"",""
ball,3,69.3,Australia,SPD Smith,MA Starc,UT Yadav,1,0,"",""
ball,3,69.4,Australia,MA Starc,SPD Smith,UT Yadav,0,0,"",""
ball,3,69.5,Australia,MA Starc,SPD Smith,UT Yadav,0,0,"",""
ball,3,69.6,Australia,MA Starc,SPD Smith,UT Yadav,0,0,"",""
ball,3,70.1,Australia,SPD Smith,MA Starc,RA Jadeja,0,0,"",""
ball,3,70.2,Australia,SPD Smith,MA Starc,RA Jadeja,4,0,"",""
ball,3,70.3,Australia,SPD Smith,MA Starc,RA Jadeja,0,0,"",""
ball,3,70.4,Australia,SPD Smith,MA Starc,RA Jadeja,0,0,"",""
ball,3,70.5,Australia,SPD Smith,MA Starc,RA Jadeja,2,0,"",""
ball,3,70.6,Australia,SPD Smith,MA Starc,RA Jadeja,1,0,"",""
ball,3,71.1,Australia,SPD Smith,MA Starc,R Ashwin,0,0,"",""
ball,3,71.2,Australia,SPD Smith,MA Starc,R Ashwin,2,0,"",""
ball,3,71.3,Australia,SPD Smith,MA Starc,R Ashwin,0,0,"",""
ball,3,71.4,Australia,SPD Smith,MA Starc,R Ashwin,1,0,"",""
ball,3,71.5,Australia,MA Starc,SPD Smith,R Ashwin,0,0,"",""
ball,3,71.6,Australia,MA Starc,SPD Smith,R Ashwin,0,0,"",""
ball,3,72.1,Australia,SPD Smith,MA Starc,RA Jadeja,0,0,"",""
ball,3,72.2,Australia,SPD Smith,MA Starc,RA Jadeja,1,0,"",""
ball,3,72.3,Australia,MA Starc,SPD Smith,RA Jadeja,4,0,"",""
ball,3,72.4,Australia,MA Starc,SPD Smith,RA Jadeja,0,0,"",""
ball,3,72.5,Australia,MA Starc,SPD Smith,RA Jadeja,6,0,"",""
ball,3,72.6,Australia,MA Starc,SPD Smith,RA Jadeja,0,0,"",""
ball,3,73.1,Australia,SPD Smith,MA Starc,R Ashwin,0,0,"",""
ball,3,73.2,Australia,SPD Smith,MA Starc,R Ashwin,0,0,"",""
ball,3,73.3,Australia,SPD Smith,MA Starc,R Ashwin,2,0,"",""
ball,3,73.4,Australia,SPD Smith,MA Starc,R Ashwin,0,0,"",""
ball,3,73.5,Australia,SPD Smith,MA Starc,R Ashwin,1,0,"",""
ball,3,73.6,Australia,MA Starc,SPD Smith,R Ashwin,0,0,"",""
ball,3,74.1,Australia,SPD Smith,MA Starc,RA Jadeja,0,0,"",""
ball,3,74.2,Australia,SPD Smith,MA Starc,RA Jadeja,1,0,"",""
ball,3,74.3,Australia,MA Starc,SPD Smith,RA Jadeja,0,0,"",""
ball,3,74.4,Australia,MA Starc,SPD Smith,RA Jadeja,1,0,"",""
ball,3,74.5,Australia,SPD Smith,MA Starc,RA Jadeja,0,0,lbw,SPD Smith
ball,3,74.6,Australia,SNJ O'Keefe,MA Starc,RA Jadeja,0,0,"",""
ball,3,75.1,Australia,MA Starc,SNJ O'Keefe,R Ashwin,0,0,"",""
ball,3,75.2,Australia,MA Starc,SNJ O'Keefe,R Ashwin,0,0,"",""
ball,3,75.3,Australia,MA Starc,SNJ O'Keefe,R Ashwin,6,0,"",""
ball,3,75.4,Australia,MA Starc,SNJ O'Keefe,R Ashwin,0,0,"",""
ball,3,75.5,Australia,MA Starc,SNJ O'Keefe,R Ashwin,0,0,"",""
ball,3,75.6,Australia,MA Starc,SNJ O'Keefe,R Ashwin,0,0,"",""
ball,3,76.1,Australia,SNJ O'Keefe,MA Starc,RA Jadeja,0,0,"",""
ball,3,76.2,Australia,SNJ O'Keefe,MA Starc,RA Jadeja,0,0,"",""
ball,3,76.3,Australia,SNJ O'Keefe,MA Starc,RA Jadeja,0,0,"",""
ball,3,76.4,Australia,SNJ O'Keefe,MA Starc,RA Jadeja,0,0,"",""
ball,3,76.5,Australia,SNJ O'Keefe,MA Starc,RA Jadeja,0,0,"",""
ball,3,76.6,Australia,SNJ O'Keefe,MA Starc,RA Jadeja,0,0,"",""
ball,3,77.1,Australia,MA Starc,SNJ O'Keefe,R Ashwin,0,0,"",""
ball,3,77.2,Australia,MA Starc,SNJ O'Keefe,R Ashwin,0,0,"",""
ball,3,77.3,Australia,MA Starc,SNJ O'Keefe,R Ashwin,0,0,"",""
ball,3,77.4,Australia,MA Starc,SNJ O'Keefe,R Ashwin,6,0,"",""
ball,3,77.5,Australia,MA Starc,SNJ O'Keefe,R Ashwin,0,0,"",""
ball,3,77.6,Australia,MA Starc,SNJ O'Keefe,R Ashwin,0,0,caught,MA Starc
ball,3,78.1,Australia,NM Lyon,SNJ O'Keefe,RA Jadeja,0,0,"",""
ball,3,78.2,Australia,NM Lyon,SNJ O'Keefe,RA Jadeja,1,0,"",""
ball,3,78.3,Australia,SNJ O'Keefe,NM Lyon,RA Jadeja,0,0,"",""
ball,3,78.4,Australia,SNJ O'Keefe,NM Lyon,RA Jadeja,0,0,"",""
ball,3,78.5,Australia,SNJ O'Keefe,NM Lyon,RA Jadeja,0,0,"",""
ball,3,78.6,Australia,SNJ O'Keefe,NM Lyon,RA Jadeja,0,0,"",""
ball,3,79.1,Australia,NM Lyon,SNJ O'Keefe,R Ashwin,0,0,"",""
ball,3,79.2,Australia,NM Lyon,SNJ O'Keefe,R Ashwin,1,0,"",""
ball,3,79.3,Australia,SNJ O'Keefe,NM Lyon,R Ashwin,0,0,"",""
ball,3,79.4,Australia,SNJ O'Keefe,NM Lyon,R Ashwin,0,0,"",""
ball,3,79.5,Australia,SNJ O'Keefe,NM Lyon,R Ashwin,0,0,"",""
ball,3,79.6,Australia,SNJ O'Keefe,NM Lyon,R Ashwin,0,4,"",""
ball,3,80.1,Australia,NM Lyon,SNJ O'Keefe,RA Jadeja,4,0,"",""
ball,3,80.2,Australia,NM Lyon,SNJ O'Keefe,RA Jadeja,0,1,"",""
ball,3,80.3,Australia,SNJ O'Keefe,NM Lyon,RA Jadeja,0,0,"",""
ball,3,80.4,Australia,SNJ O'Keefe,NM Lyon,RA Jadeja,0,0,"",""
ball,3,80.5,Australia,SNJ O'Keefe,NM Lyon,RA Jadeja,0,0,"",""
ball,3,80.6,Australia,SNJ O'Keefe,NM Lyon,RA Jadeja,0,0,"",""
ball,3,81.1,Australia,NM Lyon,SNJ O'Keefe,R Ashwin,1,0,"",""
ball,3,81.2,Australia,SNJ O'Keefe,NM Lyon,R Ashwin,1,0,"",""
ball,3,81.3,Australia,NM Lyon,SNJ O'Keefe,R Ashwin,0,1,"",""
ball,3,81.4,Australia,SNJ O'Keefe,NM Lyon,R Ashwin,0,0,"",""
ball,3,81.5,Australia,SNJ O'Keefe,NM Lyon,R Ashwin,1,0,"",""
ball,3,81.6,Australia,NM Lyon,SNJ O'Keefe,R Ashwin,6,0,"",""
ball,3,82.1,Australia,SNJ O'Keefe,NM Lyon,RA Jadeja,0,0,"",""
ball,3,82.2,Australia,SNJ O'Keefe,NM Lyon,RA Jadeja,0,0,"",""
ball,3,82.3,Australia,SNJ O'Keefe,NM Lyon,RA Jadeja,0,0,"",""
ball,3,82.4,Australia,SNJ O'Keefe,NM Lyon,RA Jadeja,0,0,"",""
ball,3,82.5,Australia,SNJ O'Keefe,NM Lyon,RA Jadeja,0,0,"",""
ball,3,82.6,Australia,SNJ O'Keefe,NM Lyon,RA Jadeja,0,0,"",""
ball,3,83.1,Australia,NM Lyon,SNJ O'Keefe,UT Yadav,0,0,"",""
ball,3,83.2,Australia,NM Lyon,SNJ O'Keefe,UT Yadav,0,0,"",""
ball,3,83.3,Australia,NM Lyon,SNJ O'Keefe,UT Yadav,0,0,"",""
ball,3,83.4,Australia,NM Lyon,SNJ O'Keefe,UT Yadav,0,0,lbw,NM Lyon
ball,3,83.5,Australia,JR Hazlewood,SNJ O'Keefe,UT Yadav,0,0,"",""
ball,3,83.6,Australia,JR Hazlewood,SNJ O'Keefe,UT Yadav,0,0,"",""
ball,3,84.1,Australia,SNJ O'Keefe,JR Hazlewood,RA Jadeja,0,0,"",""
ball,3,84.2,Australia,SNJ O'Keefe,JR Hazlewood,RA Jadeja,0,0,"",""
ball,3,84.3,Australia,SNJ O'Keefe,JR Hazlewood,RA Jadeja,0,0,"",""
ball,3,84.4,Australia,SNJ O'Keefe,JR Hazlewood,RA Jadeja,0,0,"",""
ball,3,84.5,Australia,SNJ O'Keefe,JR Hazlewood,RA Jadeja,0,0,"",""
ball,3,84.6,Australia,SNJ O'Keefe,JR Hazlewood,RA Jadeja,0,0,"",""
ball,3,85.1,Australia,JR Hazlewood,SNJ O'Keefe,UT Yadav,0,0,"",""
ball,3,85.2,Australia,JR Hazlewood,SNJ O'Keefe,UT Yadav,0,0,"",""
ball,3,85.3,Australia,JR Hazlewood,SNJ O'Keefe,UT Yadav,1,0,"",""
ball,3,85.4,Australia,SNJ O'Keefe,JR Hazlewood,UT Yadav,4,0,"",""
ball,3,85.5,Australia,SNJ O'Keefe,JR Hazlewood,UT Yadav,0,0,"",""
ball,3,85.6,Australia,SNJ O'Keefe,JR Hazlewood,UT Yadav,0,0,"",""
ball,3,86.1,Australia,JR Hazlewood,SNJ O'Keefe,RA Jadeja,1,0,"",""
ball,3,86.2,Australia,SNJ O'Keefe,JR Hazlewood,RA Jadeja,0,0,"",""
ball,3,86.3,Australia,SNJ O'Keefe,JR Hazlewood,RA Jadeja,0,0,"",""
ball,3,86.4,Australia,SNJ O'Keefe,JR Hazlewood,RA Jadeja,0,0,"",""
ball,3,86.5,Australia,SNJ O'Keefe,JR Hazlewood,RA Jadeja,0,0,"",""
ball,3,86.6,Australia,SNJ O'Keefe,JR Hazlewood,RA Jadeja,0,0,caught,SNJ O'Keefe
ball,4,0.1,India,M Vijay,KL Rahul,MA Starc,0,0,"",""
ball,4,0.2,India,M Vijay,KL Rahul,MA Starc,0,0,"",""
ball,4,0.3,India,M Vijay,KL Rahul,MA Starc,0,0,"",""
ball,4,0.4,India,M Vijay,KL Rahul,MA Starc,0,0,"",""
ball,4,0.5,India,M Vijay,KL Rahul,MA Starc,0,0,"",""
ball,4,0.6,India,M Vijay,KL Rahul,MA Starc,0,0,"",""
ball,4,1.1,India,KL Rahul,M Vijay,NM Lyon,1,0,"",""
ball,4,1.2,India,M Vijay,KL Rahul,NM Lyon,0,4,"",""
ball,4,1.3,India,M Vijay,KL Rahul,NM Lyon,0,0,"",""
ball,4,1.4,India,M Vijay,KL Rahul,NM Lyon,0,0,"",""
ball,4,1.5,India,M Vijay,KL Rahul,NM Lyon,0,0,"",""
ball,4,1.6,India,M Vijay,KL Rahul,NM Lyon,1,0,"",""
ball,4,2.1,India,M Vijay,KL Rahul,MA Starc,0,0,"",""
ball,4,2.2,India,M Vijay,KL Rahul,MA Starc,0,0,"",""
ball,4,2.3,India,M Vijay,KL Rahul,MA Starc,0,0,"",""
ball,4,2.4,India,M Vijay,KL Rahul,MA Starc,0,0,"",""
ball,4,2.5,India,M Vijay,KL Rahul,MA Starc,0,0,"",""
ball,4,2.6,India,M Vijay,KL Rahul,MA Starc,0,0,"",""
ball,4,3.1,India,KL Rahul,M Vijay,NM Lyon,1,0,"",""
ball,4,3.2,India,M Vijay,KL Rahul,NM Lyon,0,0,"",""
ball,4,3.3,India,M Vijay,KL Rahul,NM Lyon,1,0,"",""
ball,4,3.4,India,KL Rahul,M Vijay,NM Lyon,0,0,"",""
ball,4,3.5,India,KL Rahul,M Vijay,NM Lyon,0,0,"",""
ball,4,3.6,India,KL Rahul,M Vijay,NM Lyon,1,0,"",""
ball,4,4.1,India,KL Rahul,M Vijay,SNJ O'Keefe,1,0,"",""
ball,4,4.2,India,M Vijay,KL Rahul,SNJ O'Keefe,0,0,"",""
ball,4,4.3,India,M Vijay,KL Rahul,SNJ O'Keefe,0,0,"",""
ball,4,4.4,India,M Vijay,KL Rahul,SNJ O'Keefe,0,0,"",""
ball,4,4.5,India,M Vijay,KL Rahul,SNJ O'Keefe,0,0,lbw,M Vijay
ball,4,4.6,India,CA Pujara,KL Rahul,SNJ O'Keefe,0,0,"",""
ball,4,5.1,India,KL Rahul,CA Pujara,NM Lyon,2,0,"",""
ball,4,5.2,India,KL Rahul,CA Pujara,NM Lyon,4,0,"",""
ball,4,5.3,India,KL Rahul,CA Pujara,NM Lyon,0,0,lbw,KL Rahul
ball,4,5.4,India,V Kohli,CA Pujara,NM Lyon,1,0,"",""
ball,4,5.5,India,CA Pujara,V Kohli,NM Lyon,0,0,"",""
ball,4,5.6,India,CA Pujara,V Kohli,NM Lyon,0,0,"",""
ball,4,6.1,India,V Kohli,CA Pujara,SNJ O'Keefe,0,0,"",""
ball,4,6.2,India,V Kohli,CA Pujara,SNJ O'Keefe,1,0,"",""
ball,4,6.3,India,CA Pujara,V Kohli,SNJ O'Keefe,0,0,"",""
ball,4,6.4,India,CA Pujara,V Kohli,SNJ O'Keefe,0,0,"",""
ball,4,6.5,India,CA Pujara,V Kohli,SNJ O'Keefe,0,0,"",""
ball,4,6.6,India,CA Pujara,V Kohli,SNJ O'Keefe,0,0,"",""
ball,4,7.1,India,V Kohli,CA Pujara,NM Lyon,0,0,"",""
ball,4,7.2,India,V Kohli,CA Pujara,NM Lyon,0,0,"",""
ball,4,7.3,India,V Kohli,CA Pujara,NM Lyon,1,0,"",""
ball,4,7.4,India,CA Pujara,V Kohli,NM Lyon,1,0,"",""
ball,4,7.5,India,V Kohli,CA Pujara,NM Lyon,0,0,"",""
ball,4,7.6,India,V Kohli,CA Pujara,NM Lyon,0,0,"",""
ball,4,8.1,India,CA Pujara,V Kohli,SNJ O'Keefe,1,0,"",""
ball,4,8.2,India,V Kohli,CA Pujara,SNJ O'Keefe,0,0,"",""
ball,4,8.3,India,V Kohli,CA Pujara,SNJ O'Keefe,0,0,"",""
ball,4,8.4,India,V Kohli,CA Pujara,SNJ O'Keefe,0,0,"",""
ball,4,8.5,India,V Kohli,CA Pujara,SNJ O'Keefe,2,0,"",""
ball,4,8.6,India,V Kohli,CA Pujara,SNJ O'Keefe,0,0,"",""
ball,4,9.1,India,CA Pujara,V Kohli,NM Lyon,0,0,"",""
ball,4,9.2,India,CA Pujara,V Kohli,NM Lyon,0,0,"",""
ball,4,9.3,India,CA Pujara,V Kohli,NM Lyon,0,0,"",""
ball,4,9.4,India,CA Pujara,V Kohli,NM Lyon,0,0,"",""
ball,4,9.5,India,CA Pujara,V Kohli,NM Lyon,0,0,"",""
ball,4,9.6,India,CA Pujara,V Kohli,NM Lyon,0,4,"",""
ball,4,10.1,India,V Kohli,CA Pujara,SNJ O'Keefe,0,0,"",""
ball,4,10.2,India,V Kohli,CA Pujara,SNJ O'Keefe,0,2,"",""
ball,4,10.3,India,V Kohli,CA Pujara,SNJ O'Keefe,0,0,"",""
ball,4,10.4,India,V Kohli,CA Pujara,SNJ O'Keefe,0,0,"",""
ball,4,10.5,India,V Kohli,CA Pujara,SNJ O'Keefe,0,0,"",""
ball,4,10.6,India,V Kohli,CA Pujara,SNJ O'Keefe,0,0,"",""
ball,4,11.1,India,CA Pujara,V Kohli,NM Lyon,0,0,"",""
ball,4,11.2,India,CA Pujara,V Kohli,NM Lyon,1,0,"",""
ball,4,11.3,India,V Kohli,CA Pujara,NM Lyon,0,0,"",""
ball,4,11.4,India,V Kohli,CA Pujara,NM Lyon,0,0,"",""
ball,4,11.5,India,V Kohli,CA Pujara,NM Lyon,1,0,"",""
ball,4,11.6,India,CA Pujara,V Kohli,NM Lyon,0,0,"",""
ball,4,12.1,India,V Kohli,CA Pujara,SNJ O'Keefe,0,0,"",""
ball,4,12.2,India,V Kohli,CA Pujara,SNJ O'Keefe,0,0,"",""
ball,4,12.3,India,V Kohli,CA Pujara,SNJ O'Keefe,0,0,"",""
ball,4,12.4,India,V Kohli,CA Pujara,SNJ O'Keefe,0,0,"",""
ball,4,12.5,India,V Kohli,CA Pujara,SNJ O'Keefe,0,0,"",""
ball,4,12.6,India,V Kohli,CA Pujara,SNJ O'Keefe,0,0,"",""
ball,4,13.1,India,CA Pujara,V Kohli,NM Lyon,1,0,"",""
ball,4,13.2,India,V Kohli,CA Pujara,NM Lyon,1,0,"",""
ball,4,13.3,India,CA Pujara,V Kohli,NM Lyon,2,0,"",""
ball,4,13.4,India,CA Pujara,V Kohli,NM Lyon,0,0,"",""
ball,4,13.5,India,CA Pujara,V Kohli,NM Lyon,1,0,"",""
ball,4,13.6,India,V Kohli,CA Pujara,NM Lyon,0,0,"",""
ball,4,14.1,India,CA Pujara,V Kohli,SNJ O'Keefe,1,0,"",""
ball,4,14.2,India,V Kohli,CA Pujara,SNJ O'Keefe,0,0,"",""
ball,4,14.3,India,V Kohli,CA Pujara,SNJ O'Keefe,4,0,"",""
ball,4,14.4,India,V Kohli,CA Pujara,SNJ O'Keefe,0,0,"",""
ball,4,14.5,India,V Kohli,CA Pujara,SNJ O'Keefe,0,0,"",""
ball,4,14.6,India,V Kohli,CA Pujara,SNJ O'Keefe,0,0,"",""
ball,4,15.1,India,CA Pujara,V Kohli,JR Hazlewood,0,0,"",""
ball,4,15.2,India,CA Pujara,V Kohli,JR Hazlewood,0,0,"",""
ball,4,15.3,India,CA Pujara,V Kohli,JR Hazlewood,0,0,"",""
ball,4,15.4,India,CA Pujara,V Kohli,JR Hazlewood,0,0,"",""
ball,4,15.5,India,CA Pujara,V Kohli,JR Hazlewood,0,0,"",""
ball,4,15.6,India,CA Pujara,V Kohli,JR Hazlewood,4,0,"",""
ball,4,16.1,India,V Kohli,CA Pujara,SNJ O'Keefe,2,0,"",""
ball,4,16.2,India,V Kohli,CA Pujara,SNJ O'Keefe,0,0,bowled,V Kohli
ball,4,16.3,India,AM Rahane,CA Pujara,SNJ O'Keefe,0,0,"",""
ball,4,16.4,India,AM Rahane,CA Pujara,SNJ O'Keefe,0,0,"",""
ball,4,16.5,India,AM Rahane,CA Pujara,SNJ O'Keefe,1,0,"",""
ball,4,16.6,India,CA Pujara,AM Rahane,SNJ O'Keefe,1,0,"",""
ball,4,17.1,India,CA Pujara,AM Rahane,JR Hazlewood,0,0,"",""
ball,4,17.2,India,CA Pujara,AM Rahane,JR Hazlewood,1,0,"",""
ball,4,17.3,India,AM Rahane,CA Pujara,JR Hazlewood,2,0,"",""
ball,4,17.4,India,AM Rahane,CA Pujara,JR Hazlewood,0,0,"",""
ball,4,17.5,India,AM Rahane,CA Pujara,JR Hazlewood,0,0,"",""
ball,4,17.6,India,AM Rahane,CA Pujara,JR Hazlewood,0,0,"",""
ball,4,18.1,India,CA Pujara,AM Rahane,SNJ O'Keefe,0,0,"",""
ball,4,18.2,India,CA Pujara,AM Rahane,SNJ O'Keefe,0,0,"",""
ball,4,18.3,India,CA Pujara,AM Rahane,SNJ O'Keefe,0,0,"",""
ball,4,18.4,India,CA Pujara,AM Rahane,SNJ O'Keefe,1,0,"",""
ball,4,18.5,India,AM Rahane,CA Pujara,SNJ O'Keefe,0,0,"",""
ball,4,18.6,India,AM Rahane,CA Pujara,SNJ O'Keefe,0,0,"",""
ball,4,19.1,India,CA Pujara,AM Rahane,NM Lyon,0,0,"",""
ball,4,19.2,India,CA Pujara,AM Rahane,NM Lyon,1,0,"",""
ball,4,19.3,India,AM Rahane,CA Pujara,NM Lyon,3,0,"",""
ball,4,19.4,India,CA Pujara,AM Rahane,NM Lyon,0,0,"",""
ball,4,19.5,India,CA Pujara,AM Rahane,NM Lyon,0,1,"",""
ball,4,19.6,India,AM Rahane,CA Pujara,NM Lyon,0,0,"",""
ball,4,20.1,India,CA Pujara,AM Rahane,SNJ O'Keefe,1,0,"",""
ball,4,20.2,India,AM Rahane,CA Pujara,SNJ O'Keefe,4,0,"",""
ball,4,20.3,India,AM Rahane,CA Pujara,SNJ O'Keefe,0,0,"",""
ball,4,20.4,India,AM Rahane,CA Pujara,SNJ O'Keefe,0,0,"",""
ball,4,20.5,India,AM Rahane,CA Pujara,SNJ O'Keefe,4,0,"",""
ball,4,20.6,India,AM Rahane,CA Pujara,SNJ O'Keefe,0,0,"",""
ball,4,21.1,India,CA Pujara,AM Rahane,NM Lyon,4,0,"",""
ball,4,21.2,India,CA Pujara,AM Rahane,NM Lyon,0,0,"",""
ball,4,21.3,India,CA Pujara,AM Rahane,NM Lyon,1,0,"",""
ball,4,21.4,India,AM Rahane,CA Pujara,NM Lyon,0,0,"",""
ball,4,21.5,India,AM Rahane,CA Pujara,NM Lyon,0,0,"",""
ball,4,21.6,India,AM Rahane,CA Pujara,NM Lyon,4,0,"",""
ball,4,22.1,India,CA Pujara,AM Rahane,SNJ O'Keefe,1,0,"",""
ball,4,22.2,India,AM Rahane,CA Pujara,SNJ O'Keefe,0,0,"",""
ball,4,22.3,India,AM Rahane,CA Pujara,SNJ O'Keefe,0,0,caught,AM Rahane
ball,4,22.4,India,R Ashwin,CA Pujara,SNJ O'Keefe,0,0,"",""
ball,4,22.5,India,R Ashwin,CA Pujara,SNJ O'Keefe,1,0,"",""
ball,4,22.6,India,CA Pujara,R Ashwin,SNJ O'Keefe,3,0,"",""
ball,4,23.1,India,CA Pujara,R Ashwin,NM Lyon,1,0,"",""
ball,4,23.2,India,R Ashwin,CA Pujara,NM Lyon,0,0,"",""
ball,4,23.3,India,R Ashwin,CA Pujara,NM Lyon,0,0,"",""
ball,4,23.4,India,R Ashwin,CA Pujara,NM Lyon,0,0,"",""
ball,4,23.5,India,R Ashwin,CA Pujara,NM Lyon,4,0,"",""
ball,4,23.6,India,R Ashwin,CA Pujara,NM Lyon,3,0,"",""
ball,4,24.1,India,R Ashwin,CA Pujara,SNJ O'Keefe,0,0,"",""
ball,4,24.2,India,R Ashwin,CA Pujara,SNJ O'Keefe,0,0,"",""
ball,4,24.3,India,R Ashwin,CA Pujara,SNJ O'Keefe,0,0,"",""
ball,4,24.4,India,R Ashwin,CA Pujara,SNJ O'Keefe,0,0,lbw,R Ashwin
ball,4,24.5,India,WP Saha,CA Pujara,SNJ O'Keefe,0,0,"",""
ball,4,24.6,India,WP Saha,CA Pujara,SNJ O'Keefe,0,0,"",""
ball,4,25.1,India,CA Pujara,WP Saha,NM Lyon,0,0,"",""
ball,4,25.2,India,CA Pujara,WP Saha,NM Lyon,0,0,"",""
ball,4,25.3,India,CA Pujara,WP Saha,NM Lyon,0,0,"",""
ball,4,25.4,India,CA Pujara,WP Saha,NM Lyon,0,0,"",""
ball,4,25.5,India,CA Pujara,WP Saha,NM Lyon,0,0,"",""
ball,4,25.6,India,CA Pujara,WP Saha,NM Lyon,2,0,"",""
ball,4,26.1,India,WP Saha,CA Pujara,SNJ O'Keefe,4,0,"",""
ball,4,26.2,India,WP Saha,CA Pujara,SNJ O'Keefe,0,0,"",""
ball,4,26.3,India,WP Saha,CA Pujara,SNJ O'Keefe,0,0,"",""
ball,4,26.4,India,WP Saha,CA Pujara,SNJ O'Keefe,0,0,"",""
ball,4,26.5,India,WP Saha,CA Pujara,SNJ O'Keefe,0,0,"",""
ball,4,26.6,India,WP Saha,CA Pujara,SNJ O'Keefe,0,0,"",""
ball,4,27.1,India,CA Pujara,WP Saha,NM Lyon,0,0,"",""
ball,4,27.2,India,CA Pujara,WP Saha,NM Lyon,0,0,"",""
ball,4,27.3,India,CA Pujara,WP Saha,NM Lyon,1,0,"",""
ball,4,27.4,India,WP Saha,CA Pujara,NM Lyon,0,1,"",""
ball,4,27.5,India,CA Pujara,WP Saha,NM Lyon,1,0,"",""
ball,4,27.6,India,WP Saha,CA Pujara,NM Lyon,1,0,"",""
ball,4,28.1,India,WP Saha,CA Pujara,SNJ O'Keefe,0,0,"",""
ball,4,28.2,India,WP Saha,CA Pujara,SNJ O'Keefe,0,0,"",""
ball,4,28.3,India,WP Saha,CA Pujara,SNJ O'Keefe,0,0,lbw,WP Saha
ball,4,28.4,India,RA Jadeja,CA Pujara,SNJ O'Keefe,1,0,"",""
ball,4,28.5,India,CA Pujara,RA Jadeja,SNJ O'Keefe,0,0,lbw,CA Pujara
ball,4,28.6,India,J Yadav,RA Jadeja,SNJ O'Keefe,0,0,"",""
ball,4,29.1,India,RA Jadeja,J Yadav,NM Lyon,0,0,"",""
ball,4,29.2,India,RA Jadeja,J Yadav,NM Lyon,2,0,"",""
ball,4,29.3,India,RA Jadeja,J Yadav,NM Lyon,0,0,"",""
ball,4,29.4,India,RA Jadeja,J Yadav,NM Lyon,0,0,"",""
ball,4,29.5,India,RA Jadeja,J Yadav,NM Lyon,0,0,"",""
ball,4,29.6,India,RA Jadeja,J Yadav,NM Lyon,0,0,"",""
ball,4,30.1,India,J Yadav,RA Jadeja,SNJ O'Keefe,0,0,"",""
ball,4,30.2,India,J Yadav,RA Jadeja,SNJ O'Keefe,0,0,"",""
ball,4,30.3,India,J Yadav,RA Jadeja,SNJ O'Keefe,0,0,"",""
ball,4,30.4,India,J Yadav,RA Jadeja,SNJ O'Keefe,0,0,"",""
ball,4,30.5,India,J Yadav,RA Jadeja,SNJ O'Keefe,0,0,"",""
ball,4,30.6,India,J Yadav,RA Jadeja,SNJ O'Keefe,0,0,"",""
ball,4,31.1,India,RA Jadeja,J Yadav,NM Lyon,0,0,"",""
ball,4,31.2,India,RA Jadeja,J Yadav,NM Lyon,0,0,"",""
ball,4,31.3,India,RA Jadeja,J Yadav,NM Lyon,0,0,"",""
ball,4,31.4,India,RA Jadeja,J Yadav,NM Lyon,0,0,bowled,RA Jadeja
ball,4,31.5,India,I Sharma,J Yadav,NM Lyon,0,0,"",""
ball,4,31.6,India,I Sharma,J Yadav,NM Lyon,0,0,caught,I Sharma
ball,4,32.1,India,J Yadav,UT Yadav,SNJ O'Keefe,0,0,"",""
ball,4,32.2,India,J Yadav,UT Yadav,SNJ O'Keefe,0,0,"",""
ball,4,32.3,India,J Yadav,UT Yadav,SNJ O'Keefe,0,0,"",""
ball,4,32.4,India,J Yadav,UT Yadav,SNJ O'Keefe,0,0,"",""
ball,4,32.5,India,J Yadav,UT Yadav,SNJ O'Keefe,1,0,"",""
ball,4,32.6,India,UT Yadav,J Yadav,SNJ O'Keefe,0,0,"",""
ball,4,33.1,India,J Yadav,UT Yadav,NM Lyon,4,0,"",""
ball,4,33.2,India,J Yadav,UT Yadav,NM Lyon,0,0,"",""
ball,4,33.3,India,J Yadav,UT Yadav,NM Lyon,0,0,"",""
ball,4,33.4,India,J Yadav,UT Yadav,NM Lyon,0,0,"",""
ball,4,33.5,India,J Yadav,UT Yadav,NM Lyon,0,0,caught,J Yadav
