version,1.3.0
info,team,Bermuda
info,team,Jersey
info,gender,male
info,season,2016/17
info,date,2016/11/02
info,competition,ICC World Cricket League Division Four
info,venue,"Wright Cricket Field, Woodley Park"
info,city,Los Angeles
info,neutralvenue,true
info,toss_winner,Bermuda
info,toss_decision,bat
info,player_of_match,KS Leverock
info,umpire,K Cross
info,umpire,CM Tuckett
info,reserve_umpire,GO Brathwaite
info,match_referee,D Govindjee
info,winner,Bermuda
info,winner_runs,85
info,method,D/L
ball,1,0.1,Bermuda,KS Leverock,OL Pitcher,AW Hawkins-Kay,0,0,"",""
ball,1,0.2,Bermuda,KS Leverock,OL Pitcher,AW Hawkins-Kay,0,0,"",""
ball,1,0.3,Bermuda,KS Leverock,OL Pitcher,AW Hawkins-Kay,0,0,"",""
ball,1,0.4,Bermuda,KS Leverock,OL Pitcher,AW Hawkins-Kay,0,0,"",""
ball,1,0.5,Bermuda,KS Leverock,OL Pitcher,AW Hawkins-Kay,0,1,"",""
ball,1,0.6,Bermuda,KS Leverock,OL Pitcher,AW Hawkins-Kay,0,0,"",""
ball,1,0.7,Bermuda,KS Leverock,OL Pitcher,AW Hawkins-Kay,0,0,"",""
ball,1,1.1,Bermuda,OL Pitcher,KS Leverock,CW Perchard,0,0,"",""
ball,1,1.2,Bermuda,OL Pitcher,KS Leverock,CW Perchard,0,0,"",""
ball,1,1.3,Bermuda,OL Pitcher,KS Leverock,CW Perchard,0,0,"",""
ball,1,1.4,Bermuda,OL Pitcher,KS Leverock,CW Perchard,0,0,"",""
ball,1,1.5,Bermuda,OL Pitcher,KS Leverock,CW Perchard,0,0,"",""
ball,1,1.6,Bermuda,OL Pitcher,KS Leverock,CW Perchard,1,0,"",""
ball,1,2.1,Bermuda,OL Pitcher,KS Leverock,AW Hawkins-Kay,1,0,"",""
ball,1,2.2,Bermuda,KS Leverock,OL Pitcher,AW Hawkins-Kay,1,0,"",""
ball,1,2.3,Bermuda,OL Pitcher,KS Leverock,AW Hawkins-Kay,0,0,"",""
ball,1,2.4,Bermuda,OL Pitcher,KS Leverock,AW Hawkins-Kay,0,0,"",""
ball,1,2.5,Bermuda,OL Pitcher,KS Leverock,AW Hawkins-Kay,4,0,"",""
ball,1,2.6,Bermuda,OL Pitcher,KS Leverock,AW Hawkins-Kay,0,0,"",""
ball,1,3.1,Bermuda,KS Leverock,OL Pitcher,CW Perchard,0,0,"",""
ball,1,3.2,Bermuda,KS Leverock,OL Pitcher,CW Perchard,4,0,"",""
ball,1,3.3,Bermuda,KS Leverock,OL Pitcher,CW Perchard,0,0,"",""
ball,1,3.4,Bermuda,KS Leverock,OL Pitcher,CW Perchard,1,0,"",""
ball,1,3.5,Bermuda,OL Pitcher,KS Leverock,CW Perchard,0,0,"",""
ball,1,3.6,Bermuda,OL Pitcher,KS Leverock,CW Perchard,0,0,"",""
ball,1,4.1,Bermuda,KS Leverock,OL Pitcher,AW Hawkins-Kay,0,0,"",""
ball,1,4.2,Bermuda,KS Leverock,OL Pitcher,AW Hawkins-Kay,0,0,"",""
ball,1,4.3,Bermuda,KS Leverock,OL Pitcher,AW Hawkins-Kay,2,0,"",""
ball,1,4.4,Bermuda,KS Leverock,OL Pitcher,AW Hawkins-Kay,2,0,"",""
ball,1,4.5,Bermuda,KS Leverock,OL Pitcher,AW Hawkins-Kay,1,0,"",""
ball,1,4.6,Bermuda,OL Pitcher,KS Leverock,AW Hawkins-Kay,0,0,"",""
ball,1,5.1,Bermuda,KS Leverock,OL Pitcher,CW Perchard,0,0,"",""
ball,1,5.2,Bermuda,KS Leverock,OL Pitcher,CW Perchard,4,0,"",""
ball,1,5.3,Bermuda,KS Leverock,OL Pitcher,CW Perchard,0,0,"",""
ball,1,5.4,Bermuda,KS Leverock,OL Pitcher,CW Perchard,4,0,"",""
ball,1,5.5,Bermuda,KS Leverock,OL Pitcher,CW Perchard,0,0,"",""
ball,1,5.6,Bermuda,KS Leverock,OL Pitcher,CW Perchard,0,0,"",""
ball,1,6.1,Bermuda,OL Pitcher,KS Leverock,B Kynman,0,0,"",""
ball,1,6.2,Bermuda,OL Pitcher,KS Leverock,B Kynman,0,0,"",""
ball,1,6.3,Bermuda,OL Pitcher,KS Leverock,B Kynman,0,0,"",""
ball,1,6.4,Bermuda,OL Pitcher,KS Leverock,B Kynman,0,0,"",""
ball,1,6.5,Bermuda,OL Pitcher,KS Leverock,B Kynman,0,0,"",""
ball,1,6.6,Bermuda,OL Pitcher,KS Leverock,B Kynman,2,0,"",""
ball,1,7.1,Bermuda,KS Leverock,OL Pitcher,AW Hawkins-Kay,0,0,"",""
ball,1,7.2,Bermuda,KS Leverock,OL Pitcher,AW Hawkins-Kay,0,0,"",""
ball,1,7.3,Bermuda,KS Leverock,OL Pitcher,AW Hawkins-Kay,0,0,"",""
ball,1,7.4,Bermuda,KS Leverock,OL Pitcher,AW Hawkins-Kay,1,0,"",""
ball,1,7.5,Bermuda,OL Pitcher,KS Leverock,AW Hawkins-Kay,0,0,"",""
ball,1,7.6,Bermuda,OL Pitcher,KS Leverock,AW Hawkins-Kay,1,0,"",""
ball,1,8.1,Bermuda,OL Pitcher,KS Leverock,B Kynman,1,0,"",""
ball,1,8.2,Bermuda,KS Leverock,OL Pitcher,B Kynman,0,0,"",""
ball,1,8.3,Bermuda,KS Leverock,OL Pitcher,B Kynman,0,0,"",""
ball,1,8.4,Bermuda,KS Leverock,OL Pitcher,B Kynman,0,0,"",""
ball,1,8.5,Bermuda,KS Leverock,OL Pitcher,B Kynman,1,0,"",""
ball,1,8.6,Bermuda,OL Pitcher,KS Leverock,B Kynman,4,0,"",""
ball,1,9.1,Bermuda,KS Leverock,OL Pitcher,AW Hawkins-Kay,4,0,"",""
ball,1,9.2,Bermuda,KS Leverock,OL Pitcher,AW Hawkins-Kay,2,0,"",""
ball,1,9.3,Bermuda,KS Leverock,OL Pitcher,AW Hawkins-Kay,0,0,"",""
ball,1,9.4,Bermuda,KS Leverock,OL Pitcher,AW Hawkins-Kay,0,0,"",""
ball,1,9.5,Bermuda,KS Leverock,OL Pitcher,AW Hawkins-Kay,2,0,"",""
ball,1,9.6,Bermuda,KS Leverock,OL Pitcher,AW Hawkins-Kay,0,1,"",""
ball,1,9.7,Bermuda,KS Leverock,OL Pitcher,AW Hawkins-Kay,6,0,"",""
ball,1,10.1,Bermuda,OL Pitcher,KS Leverock,B Kynman,0,0,"",""
ball,1,10.2,Bermuda,OL Pitcher,KS Leverock,B Kynman,0,0,"",""
ball,1,10.3,Bermuda,OL Pitcher,KS Leverock,B Kynman,1,0,"",""
ball,1,10.4,Bermuda,KS Leverock,OL Pitcher,B Kynman,0,0,"",""
ball,1,10.5,Bermuda,KS Leverock,OL Pitcher,B Kynman,4,0,"",""
ball,1,10.6,Bermuda,KS Leverock,OL Pitcher,B Kynman,0,0,"",""
ball,1,11.1,Bermuda,OL Pitcher,KS Leverock,RJG Palmer,0,0,"",""
ball,1,11.2,Bermuda,OL Pitcher,KS Leverock,RJG Palmer,1,0,"",""
ball,1,11.3,Bermuda,KS Leverock,OL Pitcher,RJG Palmer,0,0,"",""
ball,1,11.4,Bermuda,KS Leverock,OL Pitcher,RJG Palmer,0,0,"",""
ball,1,11.5,Bermuda,KS Leverock,OL Pitcher,RJG Palmer,0,1,"",""
ball,1,11.6,Bermuda,KS Leverock,OL Pitcher,RJG Palmer,4,0,"",""
ball,1,11.7,Bermuda,KS Leverock,OL Pitcher,RJG Palmer,0,0,"",""
ball,1,12.1,Bermuda,OL Pitcher,KS Leverock,B Kynman,1,0,"",""
ball,1,12.2,Bermuda,KS Leverock,OL Pitcher,B Kynman,1,0,"",""
ball,1,12.3,Bermuda,OL Pitcher,KS Leverock,B Kynman,0,0,"",""
ball,1,12.4,Bermuda,OL Pitcher,KS Leverock,B Kynman,2,0,"",""
ball,1,12.5,Bermuda,OL Pitcher,KS Leverock,B Kynman,0,0,"",""
ball,1,12.6,Bermuda,OL Pitcher,KS Leverock,B Kynman,0,0,"",""
ball,1,13.1,Bermuda,KS Leverock,OL Pitcher,RJG Palmer,0,0,"",""
ball,1,13.2,Bermuda,KS Leverock,OL Pitcher,RJG Palmer,2,0,"",""
ball,1,13.3,Bermuda,KS Leverock,OL Pitcher,RJG Palmer,0,1,"",""
ball,1,13.4,Bermuda,KS Leverock,OL Pitcher,RJG Palmer,0,0,"",""
ball,1,13.5,Bermuda,KS Leverock,OL Pitcher,RJG Palmer,0,0,"",""
ball,1,13.6,Bermuda,KS Leverock,OL Pitcher,RJG Palmer,0,1,"",""
ball,1,13.7,Bermuda,KS Leverock,OL Pitcher,RJG Palmer,1,0,"",""
ball,1,13.8,Bermuda,OL Pitcher,KS Leverock,RJG Palmer,0,0,"",""
ball,1,14.1,Bermuda,KS Leverock,OL Pitcher,NAT Watkins,0,0,"",""
ball,1,14.2,Bermuda,KS Leverock,OL Pitcher,NAT Watkins,0,0,"",""
ball,1,14.3,Bermuda,KS Leverock,OL Pitcher,NAT Watkins,0,0,"",""
ball,1,14.4,Bermuda,KS Leverock,OL Pitcher,NAT Watkins,4,0,"",""
ball,1,14.5,Bermuda,KS Leverock,OL Pitcher,NAT Watkins,0,0,"",""
ball,1,14.6,Bermuda,KS Leverock,OL Pitcher,NAT Watkins,0,0,"",""
ball,1,15.1,Bermuda,OL Pitcher,KS Leverock,RJG Palmer,0,0,"",""
ball,1,15.2,Bermuda,OL Pitcher,KS Leverock,RJG Palmer,0,0,"",""
ball,1,15.3,Bermuda,OL Pitcher,KS Leverock,RJG Palmer,0,0,"",""
ball,1,15.4,Bermuda,OL Pitcher,KS Leverock,RJG Palmer,0,0,"",""
ball,1,15.5,Bermuda,OL Pitcher,KS Leverock,RJG Palmer,0,0,"",""
ball,1,15.6,Bermuda,OL Pitcher,KS Leverock,RJG Palmer,0,0,"",""
ball,1,16.1,Bermuda,KS Leverock,OL Pitcher,NAT Watkins,0,0,"",""
ball,1,16.2,Bermuda,KS Leverock,OL Pitcher,NAT Watkins,0,0,"",""
ball,1,16.3,Bermuda,KS Leverock,OL Pitcher,NAT Watkins,0,0,"",""
ball,1,16.4,Bermuda,KS Leverock,OL Pitcher,NAT Watkins,0,0,"",""
ball,1,16.5,Bermuda,KS Leverock,OL Pitcher,NAT Watkins,0,0,"",""
ball,1,16.6,Bermuda,KS Leverock,OL Pitcher,NAT Watkins,1,0,"",""
ball,1,17.1,Bermuda,KS Leverock,OL Pitcher,RJG Palmer,0,0,"",""
ball,1,17.2,Bermuda,KS Leverock,OL Pitcher,RJG Palmer,2,0,"",""
ball,1,17.3,Bermuda,KS Leverock,OL Pitcher,RJG Palmer,1,0,"",""
ball,1,17.4,Bermuda,OL Pitcher,KS Leverock,RJG Palmer,0,0,"",""
ball,1,17.5,Bermuda,OL Pitcher,KS Leverock,RJG Palmer,1,0,"",""
ball,1,17.6,Bermuda,KS Leverock,OL Pitcher,RJG Palmer,1,0,"",""
ball,1,18.1,Bermuda,KS Leverock,OL Pitcher,NAT Watkins,6,0,"",""
ball,1,18.2,Bermuda,KS Leverock,OL Pitcher,NAT Watkins,0,0,"",""
ball,1,18.3,Bermuda,KS Leverock,OL Pitcher,NAT Watkins,4,0,"",""
ball,1,18.4,Bermuda,KS Leverock,OL Pitcher,NAT Watkins,1,0,"",""
ball,1,18.5,Bermuda,OL Pitcher,KS Leverock,NAT Watkins,1,0,"",""
ball,1,18.6,Bermuda,KS Leverock,OL Pitcher,NAT Watkins,0,2,"",""
ball,1,18.7,Bermuda,OL Pitcher,KS Leverock,NAT Watkins,1,0,"",""
ball,1,19.1,Bermuda,OL Pitcher,KS Leverock,CW Perchard,0,0,"",""
ball,1,19.2,Bermuda,OL Pitcher,KS Leverock,CW Perchard,1,0,"",""
ball,1,19.3,Bermuda,KS Leverock,OL Pitcher,CW Perchard,0,0,"",""
ball,1,19.4,Bermuda,KS Leverock,OL Pitcher,CW Perchard,2,0,"",""
ball,1,19.5,Bermuda,KS Leverock,OL Pitcher,CW Perchard,1,0,"",""
ball,1,19.6,Bermuda,OL Pitcher,KS Leverock,CW Perchard,0,0,"",""
ball,1,20.1,Bermuda,KS Leverock,OL Pitcher,B Kynman,0,0,"",""
ball,1,20.2,Bermuda,KS Leverock,OL Pitcher,B Kynman,4,0,"",""
ball,1,20.3,Bermuda,KS Leverock,OL Pitcher,B Kynman,1,0,"",""
ball,1,20.4,Bermuda,OL Pitcher,KS Leverock,B Kynman,0,0,"",""
ball,1,20.5,Bermuda,OL Pitcher,KS Leverock,B Kynman,0,2,"",""
ball,1,20.6,Bermuda,KS Leverock,OL Pitcher,B Kynman,6,0,"",""
ball,1,20.7,Bermuda,KS Leverock,OL Pitcher,B Kynman,2,0,"",""
ball,1,21.1,Bermuda,OL Pitcher,KS Leverock,CW Perchard,0,0,"",""
ball,1,21.2,Bermuda,OL Pitcher,KS Leverock,CW Perchard,0,0,"",""
ball,1,21.3,Bermuda,OL Pitcher,KS Leverock,CW Perchard,1,0,"",""
ball,1,21.4,Bermuda,KS Leverock,OL Pitcher,CW Perchard,0,0,"",""
ball,1,21.5,Bermuda,KS Leverock,OL Pitcher,CW Perchard,1,0,"",""
ball,1,21.6,Bermuda,OL Pitcher,KS Leverock,CW Perchard,0,0,"",""
ball,1,22.1,Bermuda,KS Leverock,OL Pitcher,B Kynman,1,0,"",""
ball,1,22.2,Bermuda,OL Pitcher,KS Leverock,B Kynman,1,0,"",""
ball,1,22.3,Bermuda,KS Leverock,OL Pitcher,B Kynman,0,0,"",""
ball,1,22.4,Bermuda,KS Leverock,OL Pitcher,B Kynman,0,0,"",""
ball,1,22.5,Bermuda,KS Leverock,OL Pitcher,B Kynman,0,0,"",""
ball,1,22.6,Bermuda,KS Leverock,OL Pitcher,B Kynman,0,0,"",""
ball,1,23.1,Bermuda,OL Pitcher,KS Leverock,RJG Palmer,4,0,"",""
ball,1,23.2,Bermuda,OL Pitcher,KS Leverock,RJG Palmer,0,0,"",""
ball,1,23.3,Bermuda,OL Pitcher,KS Leverock,RJG Palmer,1,0,"",""
ball,1,23.4,Bermuda,KS Leverock,OL Pitcher,RJG Palmer,1,0,"",""
ball,1,23.5,Bermuda,OL Pitcher,KS Leverock,RJG Palmer,1,0,"",""
ball,1,23.6,Bermuda,KS Leverock,OL Pitcher,RJG Palmer,1,0,"",""
ball,1,24.1,Bermuda,KS Leverock,OL Pitcher,B Kynman,2,0,"",""
ball,1,24.2,Bermuda,KS Leverock,OL Pitcher,B Kynman,0,0,"",""
ball,1,24.3,Bermuda,KS Leverock,OL Pitcher,B Kynman,1,0,"",""
ball,1,24.4,Bermuda,OL Pitcher,KS Leverock,B Kynman,1,0,"",""
ball,1,24.5,Bermuda,KS Leverock,OL Pitcher,B Kynman,2,0,"",""
ball,1,24.6,Bermuda,KS Leverock,OL Pitcher,B Kynman,1,0,"",""
ball,1,25.1,Bermuda,KS Leverock,OL Pitcher,CW Perchard,1,0,"",""
ball,1,25.2,Bermuda,OL Pitcher,KS Leverock,CW Perchard,0,1,"",""
ball,1,25.3,Bermuda,OL Pitcher,KS Leverock,CW Perchard,0,0,"",""
ball,1,25.4,Bermuda,OL Pitcher,KS Leverock,CW Perchard,1,0,"",""
ball,1,25.5,Bermuda,KS Leverock,OL Pitcher,CW Perchard,1,0,"",""
ball,1,25.6,Bermuda,OL Pitcher,KS Leverock,CW Perchard,0,1,"",""
ball,1,25.7,Bermuda,OL Pitcher,KS Leverock,CW Perchard,1,0,"",""
ball,1,25.8,Bermuda,KS Leverock,OL Pitcher,CW Perchard,2,0,"",""
ball,1,26.1,Bermuda,OL Pitcher,KS Leverock,AW Hawkins-Kay,0,0,"",""
ball,1,26.2,Bermuda,OL Pitcher,KS Leverock,AW Hawkins-Kay,0,0,"",""
ball,1,26.3,Bermuda,OL Pitcher,KS Leverock,AW Hawkins-Kay,0,0,"",""
ball,1,26.4,Bermuda,OL Pitcher,KS Leverock,AW Hawkins-Kay,0,0,"",""
ball,1,26.5,Bermuda,OL Pitcher,KS Leverock,AW Hawkins-Kay,1,0,"",""
ball,1,26.6,Bermuda,KS Leverock,OL Pitcher,AW Hawkins-Kay,0,0,"",""
ball,1,27.1,Bermuda,OL Pitcher,KS Leverock,NAT Watkins,1,0,"",""
ball,1,27.2,Bermuda,KS Leverock,OL Pitcher,NAT Watkins,4,0,"",""
ball,1,27.3,Bermuda,KS Leverock,OL Pitcher,NAT Watkins,1,0,"",""
ball,1,27.4,Bermuda,OL Pitcher,KS Leverock,NAT Watkins,0,0,"",""
ball,1,27.5,Bermuda,OL Pitcher,KS Leverock,NAT Watkins,0,0,"",""
ball,1,27.6,Bermuda,OL Pitcher,KS Leverock,NAT Watkins,1,0,"",""
ball,1,28.1,Bermuda,OL Pitcher,KS Leverock,AW Hawkins-Kay,2,0,"",""
ball,1,28.2,Bermuda,OL Pitcher,KS Leverock,AW Hawkins-Kay,0,0,"",""
ball,1,28.3,Bermuda,OL Pitcher,KS Leverock,AW Hawkins-Kay,1,0,"",""
ball,1,28.4,Bermuda,KS Leverock,OL Pitcher,AW Hawkins-Kay,1,0,"",""
ball,1,28.5,Bermuda,OL Pitcher,KS Leverock,AW Hawkins-Kay,1,0,"",""
ball,1,28.6,Bermuda,KS Leverock,OL Pitcher,AW Hawkins-Kay,0,0,"",""
ball,1,29.1,Bermuda,OL Pitcher,KS Leverock,NAT Watkins,4,0,"",""
ball,1,29.2,Bermuda,OL Pitcher,KS Leverock,NAT Watkins,1,0,"",""
ball,1,29.3,Bermuda,KS Leverock,OL Pitcher,NAT Watkins,1,0,"",""
ball,1,29.4,Bermuda,OL Pitcher,KS Leverock,NAT Watkins,1,0,"",""
ball,1,29.5,Bermuda,KS Leverock,OL Pitcher,NAT Watkins,1,0,"",""
ball,1,29.6,Bermuda,OL Pitcher,KS Leverock,NAT Watkins,1,0,"",""
ball,1,30.1,Bermuda,OL Pitcher,KS Leverock,CW Perchard,0,0,"",""
ball,1,30.2,Bermuda,OL Pitcher,KS Leverock,CW Perchard,0,0,"",""
ball,1,30.3,Bermuda,OL Pitcher,KS Leverock,CW Perchard,1,0,"",""
ball,1,30.4,Bermuda,KS Leverock,OL Pitcher,CW Perchard,6,0,"",""
ball,1,30.5,Bermuda,KS Leverock,OL Pitcher,CW Perchard,0,0,"",""
ball,1,30.6,Bermuda,KS Leverock,OL Pitcher,CW Perchard,1,0,"",""
ball,1,31.1,Bermuda,KS Leverock,OL Pitcher,RJG Palmer,6,0,"",""
ball,1,31.2,Bermuda,KS Leverock,OL Pitcher,RJG Palmer,6,0,"",""
ball,1,31.3,Bermuda,KS Leverock,OL Pitcher,RJG Palmer,6,0,"",""
ball,1,31.4,Bermuda,KS Leverock,OL Pitcher,RJG Palmer,1,0,"",""
ball,1,31.5,Bermuda,OL Pitcher,KS Leverock,RJG Palmer,0,0,"",""
ball,1,31.6,Bermuda,OL Pitcher,KS Leverock,RJG Palmer,1,0,"",""
ball,1,32.1,Bermuda,OL Pitcher,KS Leverock,NAT Watkins,0,1,"",""
ball,1,32.2,Bermuda,KS Leverock,OL Pitcher,NAT Watkins,0,1,"",""
ball,1,32.3,Bermuda,OL Pitcher,KS Leverock,NAT Watkins,0,0,"",""
ball,1,32.4,Bermuda,OL Pitcher,KS Leverock,NAT Watkins,0,0,"",""
ball,1,32.5,Bermuda,OL Pitcher,KS Leverock,NAT Watkins,0,0,"",""
ball,1,32.6,Bermuda,OL Pitcher,KS Leverock,NAT Watkins,0,5,"",""
ball,1,32.7,Bermuda,OL Pitcher,KS Leverock,NAT Watkins,1,0,"",""
ball,1,33.1,Bermuda,OL Pitcher,KS Leverock,CW Perchard,0,4,"",""
ball,1,33.2,Bermuda,OL Pitcher,KS Leverock,CW Perchard,0,0,"",""
ball,1,33.3,Bermuda,OL Pitcher,KS Leverock,CW Perchard,1,0,"",""
ball,1,33.4,Bermuda,KS Leverock,OL Pitcher,CW Perchard,6,0,"",""
ball,1,33.5,Bermuda,KS Leverock,OL Pitcher,CW Perchard,0,0,bowled,KS Leverock
ball,1,33.6,Bermuda,JJ Tucker,OL Pitcher,CW Perchard,0,0,"",""
ball,1,34.1,Bermuda,OL Pitcher,JJ Tucker,NAT Watkins,2,0,"",""
ball,1,34.2,Bermuda,OL Pitcher,JJ Tucker,NAT Watkins,2,0,"",""
ball,1,34.3,Bermuda,OL Pitcher,JJ Tucker,NAT Watkins,0,0,"",""
ball,1,34.4,Bermuda,OL Pitcher,JJ Tucker,NAT Watkins,1,0,"",""
ball,1,34.5,Bermuda,JJ Tucker,OL Pitcher,NAT Watkins,0,0,"",""
ball,1,34.6,Bermuda,JJ Tucker,OL Pitcher,NAT Watkins,1,0,"",""
ball,1,35.1,Bermuda,JJ Tucker,OL Pitcher,RJG Palmer,4,0,"",""
ball,1,35.2,Bermuda,JJ Tucker,OL Pitcher,RJG Palmer,0,0,"",""
ball,1,35.3,Bermuda,JJ Tucker,OL Pitcher,RJG Palmer,4,0,"",""
ball,1,35.4,Bermuda,JJ Tucker,OL Pitcher,RJG Palmer,1,0,"",""
ball,1,35.5,Bermuda,OL Pitcher,JJ Tucker,RJG Palmer,0,1,"",""
ball,1,35.6,Bermuda,OL Pitcher,JJ Tucker,RJG Palmer,1,0,"",""
ball,1,35.7,Bermuda,JJ Tucker,OL Pitcher,RJG Palmer,1,0,"",""
ball,1,36.1,Bermuda,JJ Tucker,OL Pitcher,B Kynman,0,0,"",""
ball,1,36.2,Bermuda,JJ Tucker,OL Pitcher,B Kynman,1,0,"",""
ball,1,36.3,Bermuda,OL Pitcher,JJ Tucker,B Kynman,2,0,"",""
ball,1,36.4,Bermuda,OL Pitcher,JJ Tucker,B Kynman,1,0,"",""
ball,1,36.5,Bermuda,JJ Tucker,OL Pitcher,B Kynman,6,0,"",""
ball,1,36.6,Bermuda,JJ Tucker,OL Pitcher,B Kynman,0,0,"",""
ball,1,37.1,Bermuda,OL Pitcher,JJ Tucker,CW Perchard,1,0,"",""
ball,1,37.2,Bermuda,JJ Tucker,OL Pitcher,CW Perchard,1,0,"",""
ball,1,37.3,Bermuda,OL Pitcher,JJ Tucker,CW Perchard,1,0,"",""
ball,1,37.4,Bermuda,JJ Tucker,OL Pitcher,CW Perchard,0,0,caught,JJ Tucker
ball,1,37.5,Bermuda,OL Pitcher,DMW Rawlins,CW Perchard,0,0,bowled,OL Pitcher
ball,1,37.6,Bermuda,DC Stovell,DMW Rawlins,CW Perchard,0,1,"",""
ball,1,38.1,Bermuda,DC Stovell,DMW Rawlins,NAT Watkins,0,0,"",""
ball,1,38.2,Bermuda,DC Stovell,DMW Rawlins,NAT Watkins,1,0,"",""
ball,1,38.3,Bermuda,DMW Rawlins,DC Stovell,NAT Watkins,1,0,"",""
ball,1,38.4,Bermuda,DC Stovell,DMW Rawlins,NAT Watkins,0,1,"",""
ball,1,38.5,Bermuda,DC Stovell,DMW Rawlins,NAT Watkins,0,0,"",""
ball,1,38.6,Bermuda,DC Stovell,DMW Rawlins,NAT Watkins,4,0,"",""
ball,1,38.7,Bermuda,DC Stovell,DMW Rawlins,NAT Watkins,0,2,"",""
ball,1,39.1,Bermuda,DMW Rawlins,DC Stovell,JW Jenner,2,0,"",""
ball,1,39.2,Bermuda,DMW Rawlins,DC Stovell,JW Jenner,6,0,"",""
ball,1,39.3,Bermuda,DMW Rawlins,DC Stovell,JW Jenner,1,0,"",""
ball,1,39.4,Bermuda,DC Stovell,DMW Rawlins,JW Jenner,2,0,"",""
ball,1,39.5,Bermuda,DC Stovell,DMW Rawlins,JW Jenner,0,0,"",""
ball,1,39.6,Bermuda,DC Stovell,DMW Rawlins,JW Jenner,2,0,"",""
ball,1,40.1,Bermuda,DMW Rawlins,DC Stovell,NAT Watkins,0,0,"",""
ball,1,40.2,Bermuda,DMW Rawlins,DC Stovell,NAT Watkins,0,1,"",""
ball,1,40.3,Bermuda,DC Stovell,DMW Rawlins,NAT Watkins,0,1,"",""
ball,1,40.4,Bermuda,DMW Rawlins,DC Stovell,NAT Watkins,0,0,caught,DMW Rawlins
ball,1,40.5,Bermuda,S Bremar,DC Stovell,NAT Watkins,0,0,run out,S Bremar
ball,1,40.6,Bermuda,T Manders,DC Stovell,NAT Watkins,0,0,"",""
ball,1,41.1,Bermuda,DC Stovell,T Manders,AW Hawkins-Kay,2,0,"",""
ball,1,41.2,Bermuda,DC Stovell,T Manders,AW Hawkins-Kay,0,0,"",""
ball,1,41.3,Bermuda,DC Stovell,T Manders,AW Hawkins-Kay,1,0,"",""
ball,1,41.4,Bermuda,T Manders,DC Stovell,AW Hawkins-Kay,6,0,"",""
ball,1,41.5,Bermuda,T Manders,DC Stovell,AW Hawkins-Kay,1,0,"",""
ball,1,41.6,Bermuda,DC Stovell,T Manders,AW Hawkins-Kay,0,1,"",""
ball,1,42.1,Bermuda,DC Stovell,T Manders,B Kynman,2,0,"",""
ball,1,42.2,Bermuda,DC Stovell,T Manders,B Kynman,1,0,"",""
ball,1,42.3,Bermuda,T Manders,DC Stovell,B Kynman,0,2,"",""
ball,1,42.4,Bermuda,T Manders,DC Stovell,B Kynman,0,2,"",""
ball,1,42.5,Bermuda,T Manders,DC Stovell,B Kynman,2,0,"",""
ball,1,42.6,Bermuda,T Manders,DC Stovell,B Kynman,1,0,"",""
ball,1,43.1,Bermuda,T Manders,DC Stovell,JW Jenner,4,0,"",""
ball,1,43.2,Bermuda,T Manders,DC Stovell,JW Jenner,2,0,"",""
ball,1,43.3,Bermuda,T Manders,DC Stovell,JW Jenner,1,0,"",""
ball,1,43.4,Bermuda,DC Stovell,T Manders,JW Jenner,4,0,"",""
ball,1,43.5,Bermuda,DC Stovell,T Manders,JW Jenner,0,0,run out,T Manders
ball,1,43.6,Bermuda,JA DeSilva,DC Stovell,JW Jenner,6,0,"",""
ball,1,44.1,Bermuda,DC Stovell,JA DeSilva,AW Hawkins-Kay,0,1,"",""
ball,1,44.2,Bermuda,JA DeSilva,DC Stovell,AW Hawkins-Kay,0,0,bowled,JA DeSilva
ball,1,44.3,Bermuda,DAW Hollis,DC Stovell,AW Hawkins-Kay,1,0,run out,DAW Hollis
ball,1,44.4,Bermuda,DC Stovell,GH Maybury,AW Hawkins-Kay,1,0,"",""
ball,1,44.5,Bermuda,GH Maybury,DC Stovell,AW Hawkins-Kay,0,0,"",""
ball,1,44.6,Bermuda,GH Maybury,DC Stovell,AW Hawkins-Kay,4,0,"",""
ball,2,0.1,Jersey,NAT Watkins,PW Gough,JA DeSilva,0,0,"",""
ball,2,0.2,Jersey,NAT Watkins,PW Gough,JA DeSilva,4,0,"",""
ball,2,0.3,Jersey,NAT Watkins,PW Gough,JA DeSilva,0,0,"",""
ball,2,0.4,Jersey,NAT Watkins,PW Gough,JA DeSilva,0,0,"",""
ball,2,0.5,Jersey,NAT Watkins,PW Gough,JA DeSilva,0,0,"",""
ball,2,0.6,Jersey,NAT Watkins,PW Gough,JA DeSilva,0,0,"",""
ball,2,1.1,Jersey,PW Gough,NAT Watkins,C Outerbridge,0,0,"",""
ball,2,1.2,Jersey,PW Gough,NAT Watkins,C Outerbridge,0,0,"",""
ball,2,1.3,Jersey,PW Gough,NAT Watkins,C Outerbridge,0,0,caught,PW Gough
ball,2,1.4,Jersey,JW Jenner,NAT Watkins,C Outerbridge,4,0,"",""
ball,2,1.5,Jersey,JW Jenner,NAT Watkins,C Outerbridge,0,0,"",""
ball,2,1.6,Jersey,JW Jenner,NAT Watkins,C Outerbridge,0,0,"",""
ball,2,2.1,Jersey,NAT Watkins,JW Jenner,JA DeSilva,0,0,"",""
ball,2,2.2,Jersey,NAT Watkins,JW Jenner,JA DeSilva,0,0,"",""
ball,2,2.3,Jersey,NAT Watkins,JW Jenner,JA DeSilva,0,0,"",""
ball,2,2.4,Jersey,NAT Watkins,JW Jenner,JA DeSilva,4,0,"",""
ball,2,2.5,Jersey,NAT Watkins,JW Jenner,JA DeSilva,4,0,"",""
ball,2,2.6,Jersey,NAT Watkins,JW Jenner,JA DeSilva,4,0,"",""
ball,2,3.1,Jersey,JW Jenner,NAT Watkins,GH Maybury,0,0,"",""
ball,2,3.2,Jersey,JW Jenner,NAT Watkins,GH Maybury,0,0,"",""
ball,2,3.3,Jersey,JW Jenner,NAT Watkins,GH Maybury,1,0,"",""
ball,2,3.4,Jersey,NAT Watkins,JW Jenner,GH Maybury,0,0,"",""
ball,2,3.5,Jersey,NAT Watkins,JW Jenner,GH Maybury,1,0,"",""
ball,2,3.6,Jersey,JW Jenner,NAT Watkins,GH Maybury,1,0,"",""
ball,2,4.1,Jersey,JW Jenner,NAT Watkins,C Outerbridge,0,0,"",""
ball,2,4.2,Jersey,JW Jenner,NAT Watkins,C Outerbridge,0,0,"",""
ball,2,4.3,Jersey,JW Jenner,NAT Watkins,C Outerbridge,0,0,caught,JW Jenner
ball,2,4.4,Jersey,W Harris,NAT Watkins,C Outerbridge,0,0,"",""
ball,2,4.5,Jersey,W Harris,NAT Watkins,C Outerbridge,0,0,"",""
ball,2,4.6,Jersey,W Harris,NAT Watkins,C Outerbridge,2,0,"",""
ball,2,5.1,Jersey,NAT Watkins,W Harris,GH Maybury,0,0,"",""
ball,2,5.2,Jersey,NAT Watkins,W Harris,GH Maybury,0,0,"",""
ball,2,5.3,Jersey,NAT Watkins,W Harris,GH Maybury,4,0,"",""
ball,2,5.4,Jersey,NAT Watkins,W Harris,GH Maybury,0,0,"",""
ball,2,5.5,Jersey,NAT Watkins,W Harris,GH Maybury,4,0,"",""
ball,2,5.6,Jersey,NAT Watkins,W Harris,GH Maybury,0,0,"",""
ball,2,6.1,Jersey,W Harris,NAT Watkins,C Outerbridge,0,0,"",""
ball,2,6.2,Jersey,W Harris,NAT Watkins,C Outerbridge,0,0,"",""
ball,2,6.3,Jersey,W Harris,NAT Watkins,C Outerbridge,0,0,"",""
ball,2,6.4,Jersey,W Harris,NAT Watkins,C Outerbridge,2,0,"",""
ball,2,6.5,Jersey,W Harris,NAT Watkins,C Outerbridge,0,0,"",""
ball,2,6.6,Jersey,W Harris,NAT Watkins,C Outerbridge,0,0,"",""
ball,2,7.1,Jersey,NAT Watkins,W Harris,GH Maybury,0,0,"",""
ball,2,7.2,Jersey,NAT Watkins,W Harris,GH Maybury,0,0,"",""
ball,2,7.3,Jersey,NAT Watkins,W Harris,GH Maybury,1,0,"",""
ball,2,7.4,Jersey,W Harris,NAT Watkins,GH Maybury,1,0,"",""
ball,2,7.5,Jersey,NAT Watkins,W Harris,GH Maybury,0,0,"",""
ball,2,7.6,Jersey,NAT Watkins,W Harris,GH Maybury,1,0,"",""
ball,2,8.1,Jersey,NAT Watkins,W Harris,C Outerbridge,0,0,"",""
ball,2,8.2,Jersey,NAT Watkins,W Harris,C Outerbridge,1,0,"",""
ball,2,8.3,Jersey,W Harris,NAT Watkins,C Outerbridge,2,0,"",""
ball,2,8.4,Jersey,W Harris,NAT Watkins,C Outerbridge,0,1,"",""
ball,2,8.5,Jersey,NAT Watkins,W Harris,C Outerbridge,1,0,"",""
ball,2,8.6,Jersey,W Harris,NAT Watkins,C Outerbridge,0,0,"",""
ball,2,9.1,Jersey,NAT Watkins,W Harris,GH Maybury,0,0,"",""
ball,2,9.2,Jersey,NAT Watkins,W Harris,GH Maybury,1,0,"",""
ball,2,9.3,Jersey,W Harris,NAT Watkins,GH Maybury,1,0,"",""
ball,2,9.4,Jersey,NAT Watkins,W Harris,GH Maybury,4,0,"",""
ball,2,9.5,Jersey,NAT Watkins,W Harris,GH Maybury,4,0,"",""
ball,2,9.6,Jersey,NAT Watkins,W Harris,GH Maybury,0,0,"",""
ball,2,10.1,Jersey,W Harris,NAT Watkins,DMW Rawlins,0,0,"",""
ball,2,10.2,Jersey,W Harris,NAT Watkins,DMW Rawlins,1,0,"",""
ball,2,10.3,Jersey,NAT Watkins,W Harris,DMW Rawlins,1,0,"",""
ball,2,10.4,Jersey,W Harris,NAT Watkins,DMW Rawlins,0,0,"",""
ball,2,10.5,Jersey,W Harris,NAT Watkins,DMW Rawlins,0,1,"",""
ball,2,10.6,Jersey,W Harris,NAT Watkins,DMW Rawlins,0,0,"",""
ball,2,10.7,Jersey,W Harris,NAT Watkins,DMW Rawlins,2,0,"",""
ball,2,11.1,Jersey,NAT Watkins,W Harris,JJ Tucker,2,0,"",""
ball,2,11.2,Jersey,NAT Watkins,W Harris,JJ Tucker,1,0,"",""
ball,2,11.3,Jersey,W Harris,NAT Watkins,JJ Tucker,0,0,"",""
ball,2,11.4,Jersey,W Harris,NAT Watkins,JJ Tucker,0,1,"",""
ball,2,11.5,Jersey,W Harris,NAT Watkins,JJ Tucker,1,0,"",""
ball,2,11.6,Jersey,NAT Watkins,W Harris,JJ Tucker,1,0,"",""
ball,2,11.7,Jersey,W Harris,NAT Watkins,JJ Tucker,0,0,"",""
ball,2,12.1,Jersey,NAT Watkins,W Harris,DMW Rawlins,1,0,"",""
ball,2,12.2,Jersey,W Harris,NAT Watkins,DMW Rawlins,1,0,"",""
ball,2,12.3,Jersey,NAT Watkins,W Harris,DMW Rawlins,0,0,caught,NAT Watkins
ball,2,12.4,Jersey,W Harris,AW Hawkins-Kay,DMW Rawlins,4,0,"",""
ball,2,12.5,Jersey,W Harris,AW Hawkins-Kay,DMW Rawlins,0,0,"",""
ball,2,12.6,Jersey,W Harris,AW Hawkins-Kay,DMW Rawlins,1,0,"",""
ball,2,13.1,Jersey,W Harris,AW Hawkins-Kay,JJ Tucker,1,0,"",""
ball,2,13.2,Jersey,AW Hawkins-Kay,W Harris,JJ Tucker,1,0,"",""
ball,2,13.3,Jersey,W Harris,AW Hawkins-Kay,JJ Tucker,1,0,"",""
ball,2,13.4,Jersey,AW Hawkins-Kay,W Harris,JJ Tucker,1,0,"",""
ball,2,13.5,Jersey,W Harris,AW Hawkins-Kay,JJ Tucker,0,0,"",""
ball,2,13.6,Jersey,W Harris,AW Hawkins-Kay,JJ Tucker,0,0,"",""
ball,2,14.1,Jersey,AW Hawkins-Kay,W Harris,DMW Rawlins,1,0,"",""
ball,2,14.2,Jersey,W Harris,AW Hawkins-Kay,DMW Rawlins,0,1,"",""
ball,2,14.3,Jersey,AW Hawkins-Kay,W Harris,DMW Rawlins,0,0,"",""
ball,2,14.4,Jersey,AW Hawkins-Kay,W Harris,DMW Rawlins,0,0,"",""
ball,2,14.5,Jersey,AW Hawkins-Kay,W Harris,DMW Rawlins,1,0,"",""
ball,2,14.6,Jersey,W Harris,AW Hawkins-Kay,DMW Rawlins,0,0,"",""
ball,2,15.1,Jersey,AW Hawkins-Kay,W Harris,JJ Tucker,2,0,"",""
ball,2,15.2,Jersey,AW Hawkins-Kay,W Harris,JJ Tucker,0,0,"",""
ball,2,15.3,Jersey,AW Hawkins-Kay,W Harris,JJ Tucker,2,0,run out,W Harris
ball,2,15.4,Jersey,AW Hawkins-Kay,H Carlyon,JJ Tucker,0,0,"",""
ball,2,15.5,Jersey,AW Hawkins-Kay,H Carlyon,JJ Tucker,0,0,"",""
ball,2,15.6,Jersey,AW Hawkins-Kay,H Carlyon,JJ Tucker,2,0,"",""
ball,2,16.1,Jersey,H Carlyon,AW Hawkins-Kay,DMW Rawlins,0,0,"",""
ball,2,16.2,Jersey,H Carlyon,AW Hawkins-Kay,DMW Rawlins,1,0,"",""
ball,2,16.3,Jersey,AW Hawkins-Kay,H Carlyon,DMW Rawlins,0,0,"",""
ball,2,16.4,Jersey,AW Hawkins-Kay,H Carlyon,DMW Rawlins,1,0,"",""
ball,2,16.5,Jersey,H Carlyon,AW Hawkins-Kay,DMW Rawlins,0,0,"",""
ball,2,16.6,Jersey,H Carlyon,AW Hawkins-Kay,DMW Rawlins,1,0,"",""
ball,2,17.1,Jersey,H Carlyon,AW Hawkins-Kay,JJ Tucker,0,0,"",""
ball,2,17.2,Jersey,H Carlyon,AW Hawkins-Kay,JJ Tucker,0,0,"",""
ball,2,17.3,Jersey,H Carlyon,AW Hawkins-Kay,JJ Tucker,0,0,"",""
ball,2,17.4,Jersey,H Carlyon,AW Hawkins-Kay,JJ Tucker,0,0,"",""
ball,2,17.5,Jersey,H Carlyon,AW Hawkins-Kay,JJ Tucker,1,0,"",""
ball,2,17.6,Jersey,AW Hawkins-Kay,H Carlyon,JJ Tucker,0,1,"",""
ball,2,18.1,Jersey,AW Hawkins-Kay,H Carlyon,DMW Rawlins,4,0,"",""
ball,2,18.2,Jersey,AW Hawkins-Kay,H Carlyon,DMW Rawlins,1,0,"",""
ball,2,18.3,Jersey,H Carlyon,AW Hawkins-Kay,DMW Rawlins,0,0,"",""
ball,2,18.4,Jersey,H Carlyon,AW Hawkins-Kay,DMW Rawlins,0,0,"",""
ball,2,18.5,Jersey,H Carlyon,AW Hawkins-Kay,DMW Rawlins,0,1,"",""
ball,2,18.6,Jersey,AW Hawkins-Kay,H Carlyon,DMW Rawlins,0,0,"",""
ball,2,19.1,Jersey,H Carlyon,AW Hawkins-Kay,JJ Tucker,0,0,"",""
ball,2,19.2,Jersey,H Carlyon,AW Hawkins-Kay,JJ Tucker,2,0,"",""
ball,2,19.3,Jersey,H Carlyon,AW Hawkins-Kay,JJ Tucker,2,0,"",""
ball,2,19.4,Jersey,H Carlyon,AW Hawkins-Kay,JJ Tucker,1,0,"",""
ball,2,19.5,Jersey,AW Hawkins-Kay,H Carlyon,JJ Tucker,1,0,"",""
ball,2,19.6,Jersey,H Carlyon,AW Hawkins-Kay,JJ Tucker,0,0,"",""
ball,2,20.1,Jersey,AW Hawkins-Kay,H Carlyon,DMW Rawlins,2,0,"",""
ball,2,20.2,Jersey,AW Hawkins-Kay,H Carlyon,DMW Rawlins,0,0,"",""
ball,2,20.3,Jersey,AW Hawkins-Kay,H Carlyon,DMW Rawlins,2,0,"",""
ball,2,20.4,Jersey,AW Hawkins-Kay,H Carlyon,DMW Rawlins,0,0,"",""
ball,2,20.5,Jersey,AW Hawkins-Kay,H Carlyon,DMW Rawlins,6,0,"",""
ball,2,20.6,Jersey,AW Hawkins-Kay,H Carlyon,DMW Rawlins,0,0,"",""
ball,2,21.1,Jersey,H Carlyon,AW Hawkins-Kay,JJ Tucker,1,0,"",""
ball,2,21.2,Jersey,AW Hawkins-Kay,H Carlyon,JJ Tucker,1,0,"",""
ball,2,21.3,Jersey,H Carlyon,AW Hawkins-Kay,JJ Tucker,1,0,"",""
ball,2,21.4,Jersey,AW Hawkins-Kay,H Carlyon,JJ Tucker,1,0,"",""
ball,2,21.5,Jersey,H Carlyon,AW Hawkins-Kay,JJ Tucker,0,0,"",""
ball,2,21.6,Jersey,H Carlyon,AW Hawkins-Kay,JJ Tucker,0,0,"",""
ball,2,22.1,Jersey,AW Hawkins-Kay,H Carlyon,DMW Rawlins,1,0,"",""
ball,2,22.2,Jersey,H Carlyon,AW Hawkins-Kay,DMW Rawlins,0,0,"",""
ball,2,22.3,Jersey,H Carlyon,AW Hawkins-Kay,DMW Rawlins,0,0,"",""
ball,2,22.4,Jersey,H Carlyon,AW Hawkins-Kay,DMW Rawlins,0,0,"",""
ball,2,22.5,Jersey,H Carlyon,AW Hawkins-Kay,DMW Rawlins,0,0,"",""
ball,2,22.6,Jersey,H Carlyon,AW Hawkins-Kay,DMW Rawlins,4,0,"",""
ball,2,23.1,Jersey,AW Hawkins-Kay,H Carlyon,JJ Tucker,0,0,"",""
ball,2,23.2,Jersey,AW Hawkins-Kay,H Carlyon,JJ Tucker,0,1,"",""
ball,2,23.3,Jersey,H Carlyon,AW Hawkins-Kay,JJ Tucker,0,0,"",""
ball,2,23.4,Jersey,H Carlyon,AW Hawkins-Kay,JJ Tucker,1,0,"",""
ball,2,23.5,Jersey,AW Hawkins-Kay,H Carlyon,JJ Tucker,4,0,"",""
ball,2,23.6,Jersey,AW Hawkins-Kay,H Carlyon,JJ Tucker,0,0,caught and bowled,AW Hawkins-Kay
ball,2,24.1,Jersey,H Carlyon,C Bisson,GH Maybury,1,0,"",""
ball,2,24.2,Jersey,C Bisson,H Carlyon,GH Maybury,1,0,"",""
ball,2,24.3,Jersey,H Carlyon,C Bisson,GH Maybury,0,0,"",""
ball,2,24.4,Jersey,H Carlyon,C Bisson,GH Maybury,1,0,"",""
ball,2,24.5,Jersey,C Bisson,H Carlyon,GH Maybury,0,0,"",""
ball,2,24.6,Jersey,C Bisson,H Carlyon,GH Maybury,0,5,"",""
ball,2,24.7,Jersey,C Bisson,H Carlyon,GH Maybury,2,0,"",""
ball,2,25.1,Jersey,H Carlyon,C Bisson,JJ Tucker,0,0,"",""
ball,2,25.2,Jersey,H Carlyon,C Bisson,JJ Tucker,1,0,"",""
ball,2,25.3,Jersey,C Bisson,H Carlyon,JJ Tucker,0,0,"",""
ball,2,25.4,Jersey,C Bisson,H Carlyon,JJ Tucker,4,0,"",""
ball,2,25.5,Jersey,C Bisson,H Carlyon,JJ Tucker,0,0,"",""
ball,2,25.6,Jersey,C Bisson,H Carlyon,JJ Tucker,4,0,"",""
ball,2,26.1,Jersey,H Carlyon,C Bisson,GH Maybury,1,0,"",""
ball,2,26.2,Jersey,C Bisson,H Carlyon,GH Maybury,1,0,"",""
ball,2,26.3,Jersey,H Carlyon,C Bisson,GH Maybury,0,1,"",""
ball,2,26.4,Jersey,H Carlyon,C Bisson,GH Maybury,1,0,"",""
ball,2,26.5,Jersey,C Bisson,H Carlyon,GH Maybury,6,0,"",""
ball,2,26.6,Jersey,C Bisson,H Carlyon,GH Maybury,0,0,"",""
ball,2,26.7,Jersey,C Bisson,H Carlyon,GH Maybury,4,0,"",""
ball,2,27.1,Jersey,H Carlyon,C Bisson,JA DeSilva,0,1,"",""
ball,2,27.2,Jersey,H Carlyon,C Bisson,JA DeSilva,1,0,"",""
ball,2,27.3,Jersey,C Bisson,H Carlyon,JA DeSilva,0,0,"",""
ball,2,27.4,Jersey,C Bisson,H Carlyon,JA DeSilva,4,0,"",""
ball,2,27.5,Jersey,C Bisson,H Carlyon,JA DeSilva,1,0,"",""
ball,2,27.6,Jersey,H Carlyon,C Bisson,JA DeSilva,1,0,"",""
ball,2,27.7,Jersey,C Bisson,H Carlyon,JA DeSilva,1,0,"",""
ball,2,28.1,Jersey,C Bisson,H Carlyon,DC Stovell,1,0,"",""
ball,2,28.2,Jersey,H Carlyon,C Bisson,DC Stovell,0,0,"",""
ball,2,28.3,Jersey,H Carlyon,C Bisson,DC Stovell,0,0,"",""
ball,2,28.4,Jersey,H Carlyon,C Bisson,DC Stovell,0,0,"",""
ball,2,28.5,Jersey,H Carlyon,C Bisson,DC Stovell,1,0,"",""
ball,2,28.6,Jersey,C Bisson,H Carlyon,DC Stovell,0,0,"",""
ball,2,29.1,Jersey,H Carlyon,C Bisson,JA DeSilva,0,0,"",""
ball,2,29.2,Jersey,H Carlyon,C Bisson,JA DeSilva,0,0,"",""
ball,2,29.3,Jersey,H Carlyon,C Bisson,JA DeSilva,1,0,"",""
ball,2,29.4,Jersey,C Bisson,H Carlyon,JA DeSilva,6,0,"",""
ball,2,29.5,Jersey,C Bisson,H Carlyon,JA DeSilva,2,0,"",""
ball,2,29.6,Jersey,C Bisson,H Carlyon,JA DeSilva,6,0,"",""
ball,2,30.1,Jersey,H Carlyon,C Bisson,DC Stovell,0,0,"",""
ball,2,30.2,Jersey,H Carlyon,C Bisson,DC Stovell,1,0,"",""
ball,2,30.3,Jersey,C Bisson,H Carlyon,DC Stovell,4,0,"",""
ball,2,30.4,Jersey,C Bisson,H Carlyon,DC Stovell,1,0,"",""
ball,2,30.5,Jersey,H Carlyon,C Bisson,DC Stovell,1,0,"",""
ball,2,30.6,Jersey,C Bisson,H Carlyon,DC Stovell,0,0,caught and bowled,C Bisson
ball,2,31.1,Jersey,H Carlyon,CW Perchard,C Outerbridge,0,1,"",""
ball,2,31.2,Jersey,CW Perchard,H Carlyon,C Outerbridge,0,0,"",""
ball,2,31.3,Jersey,CW Perchard,H Carlyon,C Outerbridge,1,0,"",""
ball,2,31.4,Jersey,H Carlyon,CW Perchard,C Outerbridge,1,0,"",""
ball,2,31.5,Jersey,CW Perchard,H Carlyon,C Outerbridge,1,0,"",""
ball,2,31.6,Jersey,H Carlyon,CW Perchard,C Outerbridge,0,0,"",""
ball,2,32.1,Jersey,CW Perchard,H Carlyon,DC Stovell,2,0,"",""
ball,2,32.2,Jersey,CW Perchard,H Carlyon,DC Stovell,4,0,"",""
ball,2,32.3,Jersey,CW Perchard,H Carlyon,DC Stovell,0,0,"",""
ball,2,32.4,Jersey,CW Perchard,H Carlyon,DC Stovell,0,0,"",""
ball,2,32.5,Jersey,CW Perchard,H Carlyon,DC Stovell,6,0,"",""
ball,2,32.6,Jersey,CW Perchard,H Carlyon,DC Stovell,0,0,caught,CW Perchard
ball,2,33.1,Jersey,H Carlyon,JE Dunford,C Outerbridge,0,0,"",""
ball,2,33.2,Jersey,H Carlyon,JE Dunford,C Outerbridge,0,0,"",""
ball,2,33.3,Jersey,H Carlyon,JE Dunford,C Outerbridge,1,0,"",""
ball,2,33.4,Jersey,JE Dunford,H Carlyon,C Outerbridge,0,0,"",""
ball,2,33.5,Jersey,JE Dunford,H Carlyon,C Outerbridge,1,0,"",""
ball,2,33.6,Jersey,H Carlyon,JE Dunford,C Outerbridge,2,0,"",""
ball,2,34.1,Jersey,JE Dunford,H Carlyon,DC Stovell,0,0,"",""
ball,2,34.2,Jersey,JE Dunford,H Carlyon,DC Stovell,1,0,"",""
ball,2,34.3,Jersey,H Carlyon,JE Dunford,DC Stovell,1,0,"",""
ball,2,34.4,Jersey,JE Dunford,H Carlyon,DC Stovell,1,0,"",""
ball,2,34.5,Jersey,H Carlyon,JE Dunford,DC Stovell,0,0,"",""
ball,2,34.6,Jersey,H Carlyon,JE Dunford,DC Stovell,1,0,"",""
ball,2,35.1,Jersey,H Carlyon,JE Dunford,C Outerbridge,0,0,caught,H Carlyon
ball,2,35.2,Jersey,JE Dunford,RJG Palmer,C Outerbridge,1,0,"",""
ball,2,35.3,Jersey,RJG Palmer,JE Dunford,C Outerbridge,0,0,"",""
ball,2,35.4,Jersey,RJG Palmer,JE Dunford,C Outerbridge,1,0,"",""
ball,2,35.5,Jersey,JE Dunford,RJG Palmer,C Outerbridge,0,1,"",""
ball,2,35.6,Jersey,JE Dunford,RJG Palmer,C Outerbridge,0,0,caught,JE Dunford
ball,2,35.7,Jersey,B Kynman,RJG Palmer,C Outerbridge,0,0,"",""
ball,2,36.1,Jersey,RJG Palmer,B Kynman,DC Stovell,1,0,"",""
ball,2,36.2,Jersey,B Kynman,RJG Palmer,DC Stovell,0,0,"",""
ball,2,36.3,Jersey,B Kynman,RJG Palmer,DC Stovell,1,0,"",""
ball,2,36.4,Jersey,RJG Palmer,B Kynman,DC Stovell,1,0,"",""
ball,2,36.5,Jersey,B Kynman,RJG Palmer,DC Stovell,1,0,"",""
ball,2,36.6,Jersey,RJG Palmer,B Kynman,DC Stovell,1,0,"",""
ball,2,37.1,Jersey,RJG Palmer,B Kynman,C Outerbridge,3,0,"",""
ball,2,37.2,Jersey,B Kynman,RJG Palmer,C Outerbridge,0,0,bowled,B Kynman
