version,1.3.0
info,team,United States of America
info,team,Jersey
info,gender,male
info,season,2016/17
info,date,2016/11/04
info,competition,ICC World Cricket League Division Four
info,venue,"Wong Cricket Field, Woodley Park"
info,city,Los Angeles
info,toss_winner,Jersey
info,toss_decision,bat
info,player_of_match,NAT Watkins
info,umpire,Akbar Ali
info,umpire,K Cross
info,reserve_umpire,A Kapa
info,match_referee,D Govindjee
info,winner,Jersey
info,winner_runs,1
ball,1,0.1,Jersey,PW Gough,NAT Watkins,TP Allen,0,0,"",""
ball,1,0.2,Jersey,PW Gough,NAT Watkins,TP Allen,0,0,"",""
ball,1,0.3,Jersey,PW Gough,NAT Watkins,TP Allen,0,0,"",""
ball,1,0.4,Jersey,PW Gough,NAT Watkins,TP Allen,1,0,"",""
ball,1,0.5,Jersey,NAT Watkins,PW Gough,TP Allen,0,0,"",""
ball,1,0.6,Jersey,NAT Watkins,PW Gough,TP Allen,4,0,"",""
ball,1,1.1,Jersey,PW Gough,NAT Watkins,Danial Ahmed,0,0,"",""
ball,1,1.2,Jersey,PW Gough,NAT Watkins,Danial Ahmed,0,0,"",""
ball,1,1.3,Jersey,PW Gough,NAT Watkins,Danial Ahmed,1,0,"",""
ball,1,1.4,Jersey,NAT Watkins,PW Gough,Danial Ahmed,0,0,"",""
ball,1,1.5,Jersey,NAT Watkins,PW Gough,Danial Ahmed,0,0,"",""
ball,1,1.6,Jersey,NAT Watkins,PW Gough,Danial Ahmed,0,0,"",""
ball,1,2.1,Jersey,PW Gough,NAT Watkins,TP Allen,0,0,"",""
ball,1,2.2,Jersey,PW Gough,NAT Watkins,TP Allen,0,0,"",""
ball,1,2.3,Jersey,PW Gough,NAT Watkins,TP Allen,1,0,"",""
ball,1,2.4,Jersey,NAT Watkins,PW Gough,TP Allen,4,0,"",""
ball,1,2.5,Jersey,NAT Watkins,PW Gough,TP Allen,1,0,"",""
ball,1,2.6,Jersey,PW Gough,NAT Watkins,TP Allen,0,0,"",""
ball,1,3.1,Jersey,NAT Watkins,PW Gough,Danial Ahmed,4,0,"",""
ball,1,3.2,Jersey,NAT Watkins,PW Gough,Danial Ahmed,4,0,"",""
ball,1,3.3,Jersey,NAT Watkins,PW Gough,Danial Ahmed,4,0,"",""
ball,1,3.4,Jersey,NAT Watkins,PW Gough,Danial Ahmed,0,0,"",""
ball,1,3.5,Jersey,NAT Watkins,PW Gough,Danial Ahmed,0,0,"",""
ball,1,3.6,Jersey,NAT Watkins,PW Gough,Danial Ahmed,0,0,"",""
ball,1,4.1,Jersey,PW Gough,NAT Watkins,TP Allen,0,0,"",""
ball,1,4.2,Jersey,PW Gough,NAT Watkins,TP Allen,0,0,"",""
ball,1,4.3,Jersey,PW Gough,NAT Watkins,TP Allen,0,0,"",""
ball,1,4.4,Jersey,PW Gough,NAT Watkins,TP Allen,4,0,"",""
ball,1,4.5,Jersey,PW Gough,NAT Watkins,TP Allen,4,0,"",""
ball,1,4.6,Jersey,PW Gough,NAT Watkins,TP Allen,1,0,"",""
ball,1,5.1,Jersey,PW Gough,NAT Watkins,Steven Ryan Taylor,0,0,"",""
ball,1,5.2,Jersey,PW Gough,NAT Watkins,Steven Ryan Taylor,0,0,"",""
ball,1,5.3,Jersey,PW Gough,NAT Watkins,Steven Ryan Taylor,0,0,"",""
ball,1,5.4,Jersey,PW Gough,NAT Watkins,Steven Ryan Taylor,0,0,"",""
ball,1,5.5,Jersey,PW Gough,NAT Watkins,Steven Ryan Taylor,0,0,"",""
ball,1,5.6,Jersey,PW Gough,NAT Watkins,Steven Ryan Taylor,4,0,"",""
ball,1,6.1,Jersey,NAT Watkins,PW Gough,TP Allen,2,0,"",""
ball,1,6.2,Jersey,NAT Watkins,PW Gough,TP Allen,4,0,"",""
ball,1,6.3,Jersey,NAT Watkins,PW Gough,TP Allen,0,0,"",""
ball,1,6.4,Jersey,NAT Watkins,PW Gough,TP Allen,0,0,"",""
ball,1,6.5,Jersey,NAT Watkins,PW Gough,TP Allen,4,0,"",""
ball,1,6.6,Jersey,NAT Watkins,PW Gough,TP Allen,0,0,"",""
ball,1,7.1,Jersey,PW Gough,NAT Watkins,Steven Ryan Taylor,0,0,"",""
ball,1,7.2,Jersey,PW Gough,NAT Watkins,Steven Ryan Taylor,0,0,"",""
ball,1,7.3,Jersey,PW Gough,NAT Watkins,Steven Ryan Taylor,0,0,"",""
ball,1,7.4,Jersey,PW Gough,NAT Watkins,Steven Ryan Taylor,0,0,"",""
ball,1,7.5,Jersey,PW Gough,NAT Watkins,Steven Ryan Taylor,0,0,"",""
ball,1,7.6,Jersey,PW Gough,NAT Watkins,Steven Ryan Taylor,0,0,"",""
ball,1,8.1,Jersey,NAT Watkins,PW Gough,EH Hutchinson,0,1,"",""
ball,1,8.2,Jersey,NAT Watkins,PW Gough,EH Hutchinson,6,0,"",""
ball,1,8.3,Jersey,NAT Watkins,PW Gough,EH Hutchinson,0,0,"",""
ball,1,8.4,Jersey,NAT Watkins,PW Gough,EH Hutchinson,0,0,"",""
ball,1,8.5,Jersey,NAT Watkins,PW Gough,EH Hutchinson,0,0,"",""
ball,1,8.6,Jersey,NAT Watkins,PW Gough,EH Hutchinson,4,0,"",""
ball,1,8.7,Jersey,NAT Watkins,PW Gough,EH Hutchinson,4,0,"",""
ball,1,9.1,Jersey,PW Gough,NAT Watkins,Steven Ryan Taylor,0,0,"",""
ball,1,9.2,Jersey,PW Gough,NAT Watkins,Steven Ryan Taylor,0,0,"",""
ball,1,9.3,Jersey,PW Gough,NAT Watkins,Steven Ryan Taylor,1,0,"",""
ball,1,9.4,Jersey,NAT Watkins,PW Gough,Steven Ryan Taylor,1,0,"",""
ball,1,9.5,Jersey,PW Gough,NAT Watkins,Steven Ryan Taylor,2,0,"",""
ball,1,9.6,Jersey,PW Gough,NAT Watkins,Steven Ryan Taylor,0,0,"",""
ball,1,10.1,Jersey,NAT Watkins,PW Gough,TK Patel,1,0,"",""
ball,1,10.2,Jersey,PW Gough,NAT Watkins,TK Patel,0,0,"",""
ball,1,10.3,Jersey,PW Gough,NAT Watkins,TK Patel,1,0,"",""
ball,1,10.4,Jersey,NAT Watkins,PW Gough,TK Patel,0,0,"",""
ball,1,10.5,Jersey,NAT Watkins,PW Gough,TK Patel,0,0,"",""
ball,1,10.6,Jersey,NAT Watkins,PW Gough,TK Patel,0,0,"",""
ball,1,11.1,Jersey,PW Gough,NAT Watkins,Steven Ryan Taylor,0,0,"",""
ball,1,11.2,Jersey,PW Gough,NAT Watkins,Steven Ryan Taylor,1,0,"",""
ball,1,11.3,Jersey,NAT Watkins,PW Gough,Steven Ryan Taylor,1,0,"",""
ball,1,11.4,Jersey,PW Gough,NAT Watkins,Steven Ryan Taylor,0,0,"",""
ball,1,11.5,Jersey,PW Gough,NAT Watkins,Steven Ryan Taylor,4,0,"",""
ball,1,11.6,Jersey,PW Gough,NAT Watkins,Steven Ryan Taylor,0,0,"",""
ball,1,12.1,Jersey,NAT Watkins,PW Gough,TK Patel,0,0,"",""
ball,1,12.2,Jersey,NAT Watkins,PW Gough,TK Patel,4,0,"",""
ball,1,12.3,Jersey,NAT Watkins,PW Gough,TK Patel,1,0,"",""
ball,1,12.4,Jersey,PW Gough,NAT Watkins,TK Patel,0,0,"",""
ball,1,12.5,Jersey,PW Gough,NAT Watkins,TK Patel,0,0,"",""
ball,1,12.6,Jersey,PW Gough,NAT Watkins,TK Patel,0,0,"",""
ball,1,13.1,Jersey,NAT Watkins,PW Gough,Steven Ryan Taylor,0,0,"",""
ball,1,13.2,Jersey,NAT Watkins,PW Gough,Steven Ryan Taylor,0,0,"",""
ball,1,13.3,Jersey,NAT Watkins,PW Gough,Steven Ryan Taylor,1,0,"",""
ball,1,13.4,Jersey,PW Gough,NAT Watkins,Steven Ryan Taylor,0,0,"",""
ball,1,13.5,Jersey,PW Gough,NAT Watkins,Steven Ryan Taylor,2,0,"",""
ball,1,13.6,Jersey,PW Gough,NAT Watkins,Steven Ryan Taylor,0,0,"",""
ball,1,14.1,Jersey,NAT Watkins,PW Gough,TK Patel,1,0,"",""
ball,1,14.2,Jersey,PW Gough,NAT Watkins,TK Patel,0,0,"",""
ball,1,14.3,Jersey,PW Gough,NAT Watkins,TK Patel,1,0,"",""
ball,1,14.4,Jersey,NAT Watkins,PW Gough,TK Patel,0,0,"",""
ball,1,14.5,Jersey,NAT Watkins,PW Gough,TK Patel,2,0,"",""
ball,1,14.6,Jersey,NAT Watkins,PW Gough,TK Patel,2,0,"",""
ball,1,15.1,Jersey,PW Gough,NAT Watkins,Steven Ryan Taylor,0,0,"",""
ball,1,15.2,Jersey,PW Gough,NAT Watkins,Steven Ryan Taylor,1,0,"",""
ball,1,15.3,Jersey,NAT Watkins,PW Gough,Steven Ryan Taylor,0,0,"",""
ball,1,15.4,Jersey,NAT Watkins,PW Gough,Steven Ryan Taylor,0,0,"",""
ball,1,15.5,Jersey,NAT Watkins,PW Gough,Steven Ryan Taylor,0,0,"",""
ball,1,15.6,Jersey,NAT Watkins,PW Gough,Steven Ryan Taylor,1,0,"",""
ball,1,16.1,Jersey,NAT Watkins,PW Gough,TK Patel,0,0,"",""
ball,1,16.2,Jersey,NAT Watkins,PW Gough,TK Patel,1,0,"",""
ball,1,16.3,Jersey,PW Gough,NAT Watkins,TK Patel,0,0,"",""
ball,1,16.4,Jersey,PW Gough,NAT Watkins,TK Patel,2,0,"",""
ball,1,16.5,Jersey,PW Gough,NAT Watkins,TK Patel,0,0,"",""
ball,1,16.6,Jersey,PW Gough,NAT Watkins,TK Patel,1,0,"",""
ball,1,17.1,Jersey,PW Gough,NAT Watkins,P Nair,0,0,caught,PW Gough
ball,1,17.2,Jersey,LE Gallichan,NAT Watkins,P Nair,0,0,"",""
ball,1,17.3,Jersey,LE Gallichan,NAT Watkins,P Nair,0,0,"",""
ball,1,17.4,Jersey,LE Gallichan,NAT Watkins,P Nair,0,0,"",""
ball,1,17.5,Jersey,LE Gallichan,NAT Watkins,P Nair,0,0,"",""
ball,1,17.6,Jersey,LE Gallichan,NAT Watkins,P Nair,0,0,"",""
ball,1,18.1,Jersey,NAT Watkins,LE Gallichan,Danial Ahmed,0,0,"",""
ball,1,18.2,Jersey,NAT Watkins,LE Gallichan,Danial Ahmed,0,0,"",""
ball,1,18.3,Jersey,NAT Watkins,LE Gallichan,Danial Ahmed,1,0,"",""
ball,1,18.4,Jersey,LE Gallichan,NAT Watkins,Danial Ahmed,0,0,"",""
ball,1,18.5,Jersey,LE Gallichan,NAT Watkins,Danial Ahmed,0,0,"",""
ball,1,18.6,Jersey,LE Gallichan,NAT Watkins,Danial Ahmed,1,0,"",""
ball,1,19.1,Jersey,LE Gallichan,NAT Watkins,P Nair,1,0,"",""
ball,1,19.2,Jersey,NAT Watkins,LE Gallichan,P Nair,1,0,"",""
ball,1,19.3,Jersey,LE Gallichan,NAT Watkins,P Nair,0,0,"",""
ball,1,19.4,Jersey,LE Gallichan,NAT Watkins,P Nair,0,0,caught and bowled,LE Gallichan
ball,1,19.5,Jersey,JW Jenner,NAT Watkins,P Nair,0,0,"",""
ball,1,19.6,Jersey,JW Jenner,NAT Watkins,P Nair,4,0,"",""
ball,1,20.1,Jersey,NAT Watkins,JW Jenner,Danial Ahmed,1,0,"",""
ball,1,20.2,Jersey,JW Jenner,NAT Watkins,Danial Ahmed,0,0,"",""
ball,1,20.3,Jersey,JW Jenner,NAT Watkins,Danial Ahmed,0,0,"",""
ball,1,20.4,Jersey,JW Jenner,NAT Watkins,Danial Ahmed,1,0,"",""
ball,1,20.5,Jersey,NAT Watkins,JW Jenner,Danial Ahmed,1,0,"",""
ball,1,20.6,Jersey,JW Jenner,NAT Watkins,Danial Ahmed,0,0,"",""
ball,1,21.1,Jersey,NAT Watkins,JW Jenner,P Nair,0,0,"",""
ball,1,21.2,Jersey,NAT Watkins,JW Jenner,P Nair,0,0,"",""
ball,1,21.3,Jersey,NAT Watkins,JW Jenner,P Nair,4,0,"",""
ball,1,21.4,Jersey,NAT Watkins,JW Jenner,P Nair,0,0,caught,NAT Watkins
ball,1,21.5,Jersey,H Carlyon,JW Jenner,P Nair,0,0,"",""
ball,1,21.6,Jersey,H Carlyon,JW Jenner,P Nair,0,0,"",""
ball,1,22.1,Jersey,JW Jenner,H Carlyon,Danial Ahmed,1,0,"",""
ball,1,22.2,Jersey,H Carlyon,JW Jenner,Danial Ahmed,1,0,"",""
ball,1,22.3,Jersey,JW Jenner,H Carlyon,Danial Ahmed,1,0,"",""
ball,1,22.4,Jersey,H Carlyon,JW Jenner,Danial Ahmed,0,0,"",""
ball,1,22.5,Jersey,H Carlyon,JW Jenner,Danial Ahmed,0,0,"",""
ball,1,22.6,Jersey,H Carlyon,JW Jenner,Danial Ahmed,0,0,"",""
ball,1,23.1,Jersey,JW Jenner,H Carlyon,P Nair,0,0,"",""
ball,1,23.2,Jersey,JW Jenner,H Carlyon,P Nair,0,0,"",""
ball,1,23.3,Jersey,JW Jenner,H Carlyon,P Nair,0,0,"",""
ball,1,23.4,Jersey,JW Jenner,H Carlyon,P Nair,1,0,"",""
ball,1,23.5,Jersey,H Carlyon,JW Jenner,P Nair,1,0,"",""
ball,1,23.6,Jersey,JW Jenner,H Carlyon,P Nair,1,0,"",""
ball,1,24.1,Jersey,JW Jenner,H Carlyon,Danial Ahmed,1,0,"",""
ball,1,24.2,Jersey,H Carlyon,JW Jenner,Danial Ahmed,0,0,"",""
ball,1,24.3,Jersey,H Carlyon,JW Jenner,Danial Ahmed,0,0,"",""
ball,1,24.4,Jersey,H Carlyon,JW Jenner,Danial Ahmed,1,0,"",""
ball,1,24.5,Jersey,JW Jenner,H Carlyon,Danial Ahmed,0,0,"",""
ball,1,24.6,Jersey,JW Jenner,H Carlyon,Danial Ahmed,0,0,"",""
ball,1,25.1,Jersey,H Carlyon,JW Jenner,P Nair,0,0,"",""
ball,1,25.2,Jersey,H Carlyon,JW Jenner,P Nair,0,1,"",""
ball,1,25.3,Jersey,JW Jenner,H Carlyon,P Nair,1,0,"",""
ball,1,25.4,Jersey,H Carlyon,JW Jenner,P Nair,2,0,"",""
ball,1,25.5,Jersey,H Carlyon,JW Jenner,P Nair,0,0,"",""
ball,1,25.6,Jersey,H Carlyon,JW Jenner,P Nair,1,0,"",""
ball,1,26.1,Jersey,H Carlyon,JW Jenner,Danial Ahmed,0,0,"",""
ball,1,26.2,Jersey,H Carlyon,JW Jenner,Danial Ahmed,2,0,"",""
ball,1,26.3,Jersey,H Carlyon,JW Jenner,Danial Ahmed,0,0,"",""
ball,1,26.4,Jersey,H Carlyon,JW Jenner,Danial Ahmed,0,0,stumped,H Carlyon
ball,1,26.5,Jersey,AW Hawkins-Kay,JW Jenner,Danial Ahmed,3,0,"",""
ball,1,26.6,Jersey,JW Jenner,AW Hawkins-Kay,Danial Ahmed,0,0,"",""
ball,1,27.1,Jersey,AW Hawkins-Kay,JW Jenner,P Nair,0,0,"",""
ball,1,27.2,Jersey,AW Hawkins-Kay,JW Jenner,P Nair,1,0,"",""
ball,1,27.3,Jersey,JW Jenner,AW Hawkins-Kay,P Nair,1,0,"",""
ball,1,27.4,Jersey,AW Hawkins-Kay,JW Jenner,P Nair,0,0,"",""
ball,1,27.5,Jersey,AW Hawkins-Kay,JW Jenner,P Nair,1,0,"",""
ball,1,27.6,Jersey,JW Jenner,AW Hawkins-Kay,P Nair,1,0,"",""
ball,1,28.1,Jersey,JW Jenner,AW Hawkins-Kay,Danial Ahmed,1,0,"",""
ball,1,28.2,Jersey,AW Hawkins-Kay,JW Jenner,Danial Ahmed,4,0,"",""
ball,1,28.3,Jersey,AW Hawkins-Kay,JW Jenner,Danial Ahmed,0,0,"",""
ball,1,28.4,Jersey,AW Hawkins-Kay,JW Jenner,Danial Ahmed,1,0,"",""
ball,1,28.5,Jersey,JW Jenner,AW Hawkins-Kay,Danial Ahmed,1,0,"",""
ball,1,28.6,Jersey,AW Hawkins-Kay,JW Jenner,Danial Ahmed,0,0,"",""
ball,1,29.1,Jersey,JW Jenner,AW Hawkins-Kay,P Nair,0,0,"",""
ball,1,29.2,Jersey,JW Jenner,AW Hawkins-Kay,P Nair,2,0,"",""
ball,1,29.3,Jersey,JW Jenner,AW Hawkins-Kay,P Nair,2,0,"",""
ball,1,29.4,Jersey,JW Jenner,AW Hawkins-Kay,P Nair,0,0,"",""
ball,1,29.5,Jersey,JW Jenner,AW Hawkins-Kay,P Nair,1,0,"",""
ball,1,29.6,Jersey,AW Hawkins-Kay,JW Jenner,P Nair,1,0,"",""
ball,1,30.1,Jersey,AW Hawkins-Kay,JW Jenner,TK Patel,0,0,"",""
ball,1,30.2,Jersey,AW Hawkins-Kay,JW Jenner,TK Patel,1,0,"",""
ball,1,30.3,Jersey,JW Jenner,AW Hawkins-Kay,TK Patel,0,0,"",""
ball,1,30.4,Jersey,JW Jenner,AW Hawkins-Kay,TK Patel,6,0,"",""
ball,1,30.5,Jersey,JW Jenner,AW Hawkins-Kay,TK Patel,1,0,"",""
ball,1,30.6,Jersey,AW Hawkins-Kay,JW Jenner,TK Patel,4,0,"",""
ball,1,31.1,Jersey,JW Jenner,AW Hawkins-Kay,P Nair,0,0,"",""
ball,1,31.2,Jersey,JW Jenner,AW Hawkins-Kay,P Nair,4,0,"",""
ball,1,31.3,Jersey,JW Jenner,AW Hawkins-Kay,P Nair,0,0,"",""
ball,1,31.4,Jersey,JW Jenner,AW Hawkins-Kay,P Nair,0,0,"",""
ball,1,31.5,Jersey,JW Jenner,AW Hawkins-Kay,P Nair,1,0,"",""
ball,1,31.6,Jersey,AW Hawkins-Kay,JW Jenner,P Nair,1,0,"",""
ball,1,32.1,Jersey,AW Hawkins-Kay,JW Jenner,TK Patel,0,0,"",""
ball,1,32.2,Jersey,AW Hawkins-Kay,JW Jenner,TK Patel,2,0,"",""
ball,1,32.3,Jersey,AW Hawkins-Kay,JW Jenner,TK Patel,0,0,"",""
ball,1,32.4,Jersey,AW Hawkins-Kay,JW Jenner,TK Patel,0,0,"",""
ball,1,32.5,Jersey,AW Hawkins-Kay,JW Jenner,TK Patel,0,0,"",""
ball,1,32.6,Jersey,AW Hawkins-Kay,JW Jenner,TK Patel,1,0,"",""
ball,1,33.1,Jersey,AW Hawkins-Kay,JW Jenner,P Nair,1,0,"",""
ball,1,33.2,Jersey,JW Jenner,AW Hawkins-Kay,P Nair,4,0,"",""
ball,1,33.3,Jersey,JW Jenner,AW Hawkins-Kay,P Nair,1,0,"",""
ball,1,33.4,Jersey,AW Hawkins-Kay,JW Jenner,P Nair,1,0,"",""
ball,1,33.5,Jersey,JW Jenner,AW Hawkins-Kay,P Nair,0,0,"",""
ball,1,33.6,Jersey,JW Jenner,AW Hawkins-Kay,P Nair,2,0,"",""
ball,1,34.1,Jersey,AW Hawkins-Kay,JW Jenner,TK Patel,0,0,"",""
ball,1,34.2,Jersey,AW Hawkins-Kay,JW Jenner,TK Patel,1,0,"",""
ball,1,34.3,Jersey,JW Jenner,AW Hawkins-Kay,TK Patel,0,0,"",""
ball,1,34.4,Jersey,JW Jenner,AW Hawkins-Kay,TK Patel,0,0,"",""
ball,1,34.5,Jersey,JW Jenner,AW Hawkins-Kay,TK Patel,1,0,"",""
ball,1,34.6,Jersey,AW Hawkins-Kay,JW Jenner,TK Patel,6,0,"",""
ball,1,35.1,Jersey,JW Jenner,AW Hawkins-Kay,Steven Ryan Taylor,1,0,"",""
ball,1,35.2,Jersey,AW Hawkins-Kay,JW Jenner,Steven Ryan Taylor,1,0,"",""
ball,1,35.3,Jersey,JW Jenner,AW Hawkins-Kay,Steven Ryan Taylor,2,0,"",""
ball,1,35.4,Jersey,JW Jenner,AW Hawkins-Kay,Steven Ryan Taylor,0,0,"",""
ball,1,35.5,Jersey,JW Jenner,AW Hawkins-Kay,Steven Ryan Taylor,4,0,"",""
ball,1,35.6,Jersey,JW Jenner,AW Hawkins-Kay,Steven Ryan Taylor,4,0,"",""
ball,1,36.1,Jersey,AW Hawkins-Kay,JW Jenner,TP Allen,0,0,"",""
ball,1,36.2,Jersey,AW Hawkins-Kay,JW Jenner,TP Allen,0,0,"",""
ball,1,36.3,Jersey,AW Hawkins-Kay,JW Jenner,TP Allen,0,1,"",""
ball,1,36.4,Jersey,JW Jenner,AW Hawkins-Kay,TP Allen,0,0,"",""
ball,1,36.5,Jersey,JW Jenner,AW Hawkins-Kay,TP Allen,4,0,"",""
ball,1,36.6,Jersey,JW Jenner,AW Hawkins-Kay,TP Allen,0,0,"",""
ball,1,37.1,Jersey,AW Hawkins-Kay,JW Jenner,Steven Ryan Taylor,1,0,"",""
ball,1,37.2,Jersey,JW Jenner,AW Hawkins-Kay,Steven Ryan Taylor,1,0,"",""
ball,1,37.3,Jersey,AW Hawkins-Kay,JW Jenner,Steven Ryan Taylor,0,0,"",""
ball,1,37.4,Jersey,AW Hawkins-Kay,JW Jenner,Steven Ryan Taylor,2,0,"",""
ball,1,37.5,Jersey,AW Hawkins-Kay,JW Jenner,Steven Ryan Taylor,1,0,"",""
ball,1,37.6,Jersey,JW Jenner,AW Hawkins-Kay,Steven Ryan Taylor,1,0,"",""
ball,1,38.1,Jersey,JW Jenner,AW Hawkins-Kay,TP Allen,0,1,"",""
ball,1,38.2,Jersey,JW Jenner,AW Hawkins-Kay,TP Allen,0,0,caught,JW Jenner
ball,1,38.3,Jersey,C Bisson,AW Hawkins-Kay,TP Allen,1,0,"",""
ball,1,38.4,Jersey,AW Hawkins-Kay,C Bisson,TP Allen,0,0,"",""
ball,1,38.5,Jersey,AW Hawkins-Kay,C Bisson,TP Allen,1,0,"",""
ball,1,38.6,Jersey,C Bisson,AW Hawkins-Kay,TP Allen,2,0,"",""
ball,1,38.7,Jersey,C Bisson,AW Hawkins-Kay,TP Allen,0,1,"",""
ball,1,39.1,Jersey,C Bisson,AW Hawkins-Kay,Danial Ahmed,0,0,"",""
ball,1,39.2,Jersey,C Bisson,AW Hawkins-Kay,Danial Ahmed,0,0,"",""
ball,1,39.3,Jersey,C Bisson,AW Hawkins-Kay,Danial Ahmed,2,0,"",""
ball,1,39.4,Jersey,C Bisson,AW Hawkins-Kay,Danial Ahmed,0,0,"",""
ball,1,39.5,Jersey,C Bisson,AW Hawkins-Kay,Danial Ahmed,0,0,"",""
ball,1,39.6,Jersey,C Bisson,AW Hawkins-Kay,Danial Ahmed,0,0,"",""
ball,1,40.1,Jersey,AW Hawkins-Kay,C Bisson,TP Allen,2,0,"",""
ball,1,40.2,Jersey,AW Hawkins-Kay,C Bisson,TP Allen,0,0,"",""
ball,1,40.3,Jersey,AW Hawkins-Kay,C Bisson,TP Allen,2,0,"",""
ball,1,40.4,Jersey,AW Hawkins-Kay,C Bisson,TP Allen,0,0,"",""
ball,1,40.5,Jersey,AW Hawkins-Kay,C Bisson,TP Allen,0,0,lbw,AW Hawkins-Kay
ball,1,40.6,Jersey,CW Perchard,C Bisson,TP Allen,1,0,"",""
ball,1,41.1,Jersey,CW Perchard,C Bisson,Danial Ahmed,0,0,"",""
ball,1,41.2,Jersey,CW Perchard,C Bisson,Danial Ahmed,0,0,"",""
ball,1,41.3,Jersey,CW Perchard,C Bisson,Danial Ahmed,1,0,"",""
ball,1,41.4,Jersey,C Bisson,CW Perchard,Danial Ahmed,1,0,"",""
ball,1,41.5,Jersey,CW Perchard,C Bisson,Danial Ahmed,1,0,"",""
ball,1,41.6,Jersey,C Bisson,CW Perchard,Danial Ahmed,1,0,"",""
ball,1,42.1,Jersey,C Bisson,CW Perchard,EH Hutchinson,0,2,"",""
ball,1,42.2,Jersey,C Bisson,CW Perchard,EH Hutchinson,1,0,"",""
ball,1,42.3,Jersey,CW Perchard,C Bisson,EH Hutchinson,0,0,"",""
ball,1,42.4,Jersey,CW Perchard,C Bisson,EH Hutchinson,1,0,"",""
ball,1,42.5,Jersey,C Bisson,CW Perchard,EH Hutchinson,0,0,caught and bowled,C Bisson
ball,1,42.6,Jersey,JE Dunford,CW Perchard,EH Hutchinson,2,0,"",""
ball,1,43.1,Jersey,CW Perchard,JE Dunford,TK Patel,0,0,"",""
ball,1,43.2,Jersey,CW Perchard,JE Dunford,TK Patel,1,0,"",""
ball,1,43.3,Jersey,JE Dunford,CW Perchard,TK Patel,0,0,"",""
ball,1,43.4,Jersey,JE Dunford,CW Perchard,TK Patel,0,1,"",""
ball,1,43.5,Jersey,JE Dunford,CW Perchard,TK Patel,1,0,"",""
ball,1,43.6,Jersey,CW Perchard,JE Dunford,TK Patel,0,0,"",""
ball,1,43.7,Jersey,CW Perchard,JE Dunford,TK Patel,2,0,"",""
ball,1,44.1,Jersey,JE Dunford,CW Perchard,EH Hutchinson,0,0,"",""
ball,1,44.2,Jersey,JE Dunford,CW Perchard,EH Hutchinson,1,0,"",""
ball,1,44.3,Jersey,CW Perchard,JE Dunford,EH Hutchinson,0,0,"",""
ball,1,44.4,Jersey,CW Perchard,JE Dunford,EH Hutchinson,2,0,"",""
ball,1,44.5,Jersey,CW Perchard,JE Dunford,EH Hutchinson,1,0,"",""
ball,1,44.6,Jersey,JE Dunford,CW Perchard,EH Hutchinson,1,0,run out,CW Perchard
ball,1,45.1,Jersey,RJG Palmer,JE Dunford,TK Patel,0,0,"",""
ball,1,45.2,Jersey,RJG Palmer,JE Dunford,TK Patel,0,0,"",""
ball,1,45.3,Jersey,RJG Palmer,JE Dunford,TK Patel,0,0,"",""
ball,1,45.4,Jersey,RJG Palmer,JE Dunford,TK Patel,0,0,"",""
ball,1,45.5,Jersey,RJG Palmer,JE Dunford,TK Patel,0,1,"",""
ball,1,45.6,Jersey,JE Dunford,RJG Palmer,TK Patel,0,0,"",""
ball,1,46.1,Jersey,RJG Palmer,JE Dunford,TP Allen,1,0,"",""
ball,1,46.2,Jersey,JE Dunford,RJG Palmer,TP Allen,0,0,"",""
ball,1,46.3,Jersey,JE Dunford,RJG Palmer,TP Allen,0,0,"",""
ball,1,46.4,Jersey,JE Dunford,RJG Palmer,TP Allen,1,0,"",""
ball,1,46.5,Jersey,RJG Palmer,JE Dunford,TP Allen,0,0,"",""
ball,1,46.6,Jersey,RJG Palmer,JE Dunford,TP Allen,4,0,"",""
ball,1,47.1,Jersey,JE Dunford,RJG Palmer,TK Patel,1,0,"",""
ball,1,47.2,Jersey,RJG Palmer,JE Dunford,TK Patel,0,0,"",""
ball,1,47.3,Jersey,RJG Palmer,JE Dunford,TK Patel,1,0,"",""
ball,1,47.4,Jersey,JE Dunford,RJG Palmer,TK Patel,0,0,"",""
ball,1,47.5,Jersey,JE Dunford,RJG Palmer,TK Patel,0,0,"",""
ball,1,47.6,Jersey,JE Dunford,RJG Palmer,TK Patel,0,0,stumped,JE Dunford
ball,1,48.1,Jersey,RJG Palmer,R McBey,TP Allen,2,0,"",""
ball,1,48.2,Jersey,RJG Palmer,R McBey,TP Allen,0,0,caught,RJG Palmer
ball,2,0.1,United States of America,Steven Ryan Taylor,Fahad Babar,R McBey,1,0,"",""
ball,2,0.2,United States of America,Fahad Babar,Steven Ryan Taylor,R McBey,0,0,"",""
ball,2,0.3,United States of America,Fahad Babar,Steven Ryan Taylor,R McBey,0,0,"",""
ball,2,0.4,United States of America,Fahad Babar,Steven Ryan Taylor,R McBey,0,0,"",""
ball,2,0.5,United States of America,Fahad Babar,Steven Ryan Taylor,R McBey,0,0,"",""
ball,2,0.6,United States of America,Fahad Babar,Steven Ryan Taylor,R McBey,0,0,"",""
ball,2,1.1,United States of America,Steven Ryan Taylor,Fahad Babar,CW Perchard,0,0,"",""
ball,2,1.2,United States of America,Steven Ryan Taylor,Fahad Babar,CW Perchard,4,0,"",""
ball,2,1.3,United States of America,Steven Ryan Taylor,Fahad Babar,CW Perchard,0,0,"",""
ball,2,1.4,United States of America,Steven Ryan Taylor,Fahad Babar,CW Perchard,0,0,"",""
ball,2,1.5,United States of America,Steven Ryan Taylor,Fahad Babar,CW Perchard,0,0,"",""
ball,2,1.6,United States of America,Steven Ryan Taylor,Fahad Babar,CW Perchard,3,0,"",""
ball,2,2.1,United States of America,Steven Ryan Taylor,Fahad Babar,R McBey,1,0,"",""
ball,2,2.2,United States of America,Fahad Babar,Steven Ryan Taylor,R McBey,0,0,"",""
ball,2,2.3,United States of America,Fahad Babar,Steven Ryan Taylor,R McBey,0,1,"",""
ball,2,2.4,United States of America,Fahad Babar,Steven Ryan Taylor,R McBey,0,0,"",""
ball,2,2.5,United States of America,Fahad Babar,Steven Ryan Taylor,R McBey,0,0,"",""
ball,2,2.6,United States of America,Fahad Babar,Steven Ryan Taylor,R McBey,1,0,"",""
ball,2,2.7,United States of America,Steven Ryan Taylor,Fahad Babar,R McBey,0,0,"",""
ball,2,3.1,United States of America,Fahad Babar,Steven Ryan Taylor,CW Perchard,0,0,"",""
ball,2,3.2,United States of America,Fahad Babar,Steven Ryan Taylor,CW Perchard,0,0,"",""
ball,2,3.3,United States of America,Fahad Babar,Steven Ryan Taylor,CW Perchard,0,0,"",""
ball,2,3.4,United States of America,Fahad Babar,Steven Ryan Taylor,CW Perchard,0,0,"",""
ball,2,3.5,United States of America,Fahad Babar,Steven Ryan Taylor,CW Perchard,1,0,"",""
ball,2,3.6,United States of America,Steven Ryan Taylor,Fahad Babar,CW Perchard,4,0,"",""
ball,2,4.1,United States of America,Fahad Babar,Steven Ryan Taylor,R McBey,0,0,"",""
ball,2,4.2,United States of America,Fahad Babar,Steven Ryan Taylor,R McBey,0,0,"",""
ball,2,4.3,United States of America,Fahad Babar,Steven Ryan Taylor,R McBey,0,0,"",""
ball,2,4.4,United States of America,Fahad Babar,Steven Ryan Taylor,R McBey,0,0,"",""
ball,2,4.5,United States of America,Fahad Babar,Steven Ryan Taylor,R McBey,4,0,"",""
ball,2,4.6,United States of America,Fahad Babar,Steven Ryan Taylor,R McBey,0,0,"",""
ball,2,5.1,United States of America,Steven Ryan Taylor,Fahad Babar,NAT Watkins,0,0,"",""
ball,2,5.2,United States of America,Steven Ryan Taylor,Fahad Babar,NAT Watkins,0,0,caught,Steven Ryan Taylor
ball,2,5.3,United States of America,Abdullah Syed,Fahad Babar,NAT Watkins,1,0,"",""
ball,2,5.4,United States of America,Fahad Babar,Abdullah Syed,NAT Watkins,0,0,"",""
ball,2,5.5,United States of America,Fahad Babar,Abdullah Syed,NAT Watkins,0,0,"",""
ball,2,5.6,United States of America,Fahad Babar,Abdullah Syed,NAT Watkins,0,0,"",""
ball,2,6.1,United States of America,Abdullah Syed,Fahad Babar,R McBey,0,0,"",""
ball,2,6.2,United States of America,Abdullah Syed,Fahad Babar,R McBey,0,0,"",""
ball,2,6.3,United States of America,Abdullah Syed,Fahad Babar,R McBey,0,0,"",""
ball,2,6.4,United States of America,Abdullah Syed,Fahad Babar,R McBey,0,0,"",""
ball,2,6.5,United States of America,Abdullah Syed,Fahad Babar,R McBey,0,0,"",""
ball,2,6.6,United States of America,Abdullah Syed,Fahad Babar,R McBey,0,0,"",""
ball,2,7.1,United States of America,Fahad Babar,Abdullah Syed,NAT Watkins,0,0,"",""
ball,2,7.2,United States of America,Fahad Babar,Abdullah Syed,NAT Watkins,0,0,"",""
ball,2,7.3,United States of America,Fahad Babar,Abdullah Syed,NAT Watkins,0,0,"",""
ball,2,7.4,United States of America,Fahad Babar,Abdullah Syed,NAT Watkins,0,0,"",""
ball,2,7.5,United States of America,Fahad Babar,Abdullah Syed,NAT Watkins,0,0,"",""
ball,2,7.6,United States of America,Fahad Babar,Abdullah Syed,NAT Watkins,0,0,"",""
ball,2,8.1,United States of America,Abdullah Syed,Fahad Babar,AW Hawkins-Kay,1,0,"",""
ball,2,8.2,United States of America,Fahad Babar,Abdullah Syed,AW Hawkins-Kay,0,0,"",""
ball,2,8.3,United States of America,Fahad Babar,Abdullah Syed,AW Hawkins-Kay,0,0,"",""
ball,2,8.4,United States of America,Fahad Babar,Abdullah Syed,AW Hawkins-Kay,0,0,"",""
ball,2,8.5,United States of America,Fahad Babar,Abdullah Syed,AW Hawkins-Kay,0,0,"",""
ball,2,8.6,United States of America,Fahad Babar,Abdullah Syed,AW Hawkins-Kay,1,0,"",""
ball,2,9.1,United States of America,Fahad Babar,Abdullah Syed,NAT Watkins,2,0,"",""
ball,2,9.2,United States of America,Fahad Babar,Abdullah Syed,NAT Watkins,0,0,"",""
ball,2,9.3,United States of America,Fahad Babar,Abdullah Syed,NAT Watkins,0,0,"",""
ball,2,9.4,United States of America,Fahad Babar,Abdullah Syed,NAT Watkins,0,0,"",""
ball,2,9.5,United States of America,Fahad Babar,Abdullah Syed,NAT Watkins,0,0,"",""
ball,2,9.6,United States of America,Fahad Babar,Abdullah Syed,NAT Watkins,1,0,"",""
ball,2,10.1,United States of America,Fahad Babar,Abdullah Syed,AW Hawkins-Kay,0,0,"",""
ball,2,10.2,United States of America,Fahad Babar,Abdullah Syed,AW Hawkins-Kay,0,0,"",""
ball,2,10.3,United States of America,Fahad Babar,Abdullah Syed,AW Hawkins-Kay,4,0,"",""
ball,2,10.4,United States of America,Fahad Babar,Abdullah Syed,AW Hawkins-Kay,0,0,"",""
ball,2,10.5,United States of America,Fahad Babar,Abdullah Syed,AW Hawkins-Kay,2,0,"",""
ball,2,10.6,United States of America,Fahad Babar,Abdullah Syed,AW Hawkins-Kay,0,0,"",""
ball,2,11.1,United States of America,Abdullah Syed,Fahad Babar,NAT Watkins,0,0,"",""
ball,2,11.2,United States of America,Abdullah Syed,Fahad Babar,NAT Watkins,0,0,"",""
ball,2,11.3,United States of America,Abdullah Syed,Fahad Babar,NAT Watkins,4,0,"",""
ball,2,11.4,United States of America,Abdullah Syed,Fahad Babar,NAT Watkins,0,0,"",""
ball,2,11.5,United States of America,Abdullah Syed,Fahad Babar,NAT Watkins,1,0,"",""
ball,2,11.6,United States of America,Fahad Babar,Abdullah Syed,NAT Watkins,0,0,"",""
ball,2,12.1,United States of America,Abdullah Syed,Fahad Babar,AW Hawkins-Kay,0,0,"",""
ball,2,12.2,United States of America,Abdullah Syed,Fahad Babar,AW Hawkins-Kay,0,0,"",""
ball,2,12.3,United States of America,Abdullah Syed,Fahad Babar,AW Hawkins-Kay,0,0,"",""
ball,2,12.4,United States of America,Abdullah Syed,Fahad Babar,AW Hawkins-Kay,1,0,"",""
ball,2,12.5,United States of America,Fahad Babar,Abdullah Syed,AW Hawkins-Kay,0,0,"",""
ball,2,12.6,United States of America,Fahad Babar,Abdullah Syed,AW Hawkins-Kay,1,0,"",""
ball,2,13.1,United States of America,Fahad Babar,Abdullah Syed,NAT Watkins,1,0,"",""
ball,2,13.2,United States of America,Abdullah Syed,Fahad Babar,NAT Watkins,1,0,"",""
ball,2,13.3,United States of America,Fahad Babar,Abdullah Syed,NAT Watkins,0,0,caught and bowled,Fahad Babar
ball,2,13.4,United States of America,AAA Amsterdam,Abdullah Syed,NAT Watkins,0,0,"",""
ball,2,13.5,United States of America,AAA Amsterdam,Abdullah Syed,NAT Watkins,0,0,"",""
ball,2,13.6,United States of America,AAA Amsterdam,Abdullah Syed,NAT Watkins,0,0,"",""
ball,2,14.1,United States of America,Abdullah Syed,AAA Amsterdam,CW Perchard,0,0,"",""
ball,2,14.2,United States of America,Abdullah Syed,AAA Amsterdam,CW Perchard,0,0,"",""
ball,2,14.3,United States of America,Abdullah Syed,AAA Amsterdam,CW Perchard,0,0,"",""
ball,2,14.4,United States of America,Abdullah Syed,AAA Amsterdam,CW Perchard,1,0,"",""
ball,2,14.5,United States of America,AAA Amsterdam,Abdullah Syed,CW Perchard,0,0,"",""
ball,2,14.6,United States of America,AAA Amsterdam,Abdullah Syed,CW Perchard,1,0,"",""
ball,2,15.1,United States of America,AAA Amsterdam,Abdullah Syed,NAT Watkins,4,0,"",""
ball,2,15.2,United States of America,AAA Amsterdam,Abdullah Syed,NAT Watkins,0,0,"",""
ball,2,15.3,United States of America,AAA Amsterdam,Abdullah Syed,NAT Watkins,0,1,"",""
ball,2,15.4,United States of America,Abdullah Syed,AAA Amsterdam,NAT Watkins,0,0,"",""
ball,2,15.5,United States of America,Abdullah Syed,AAA Amsterdam,NAT Watkins,1,0,"",""
ball,2,15.6,United States of America,AAA Amsterdam,Abdullah Syed,NAT Watkins,0,0,"",""
ball,2,16.1,United States of America,Abdullah Syed,AAA Amsterdam,CW Perchard,2,0,"",""
ball,2,16.2,United States of America,Abdullah Syed,AAA Amsterdam,CW Perchard,2,0,"",""
ball,2,16.3,United States of America,Abdullah Syed,AAA Amsterdam,CW Perchard,1,0,"",""
ball,2,16.4,United States of America,AAA Amsterdam,Abdullah Syed,CW Perchard,1,0,"",""
ball,2,16.5,United States of America,Abdullah Syed,AAA Amsterdam,CW Perchard,1,0,"",""
ball,2,16.6,United States of America,AAA Amsterdam,Abdullah Syed,CW Perchard,0,0,"",""
ball,2,17.1,United States of America,Abdullah Syed,AAA Amsterdam,NAT Watkins,3,0,"",""
ball,2,17.2,United States of America,AAA Amsterdam,Abdullah Syed,NAT Watkins,1,0,"",""
ball,2,17.3,United States of America,Abdullah Syed,AAA Amsterdam,NAT Watkins,0,0,"",""
ball,2,17.4,United States of America,Abdullah Syed,AAA Amsterdam,NAT Watkins,0,0,"",""
ball,2,17.5,United States of America,Abdullah Syed,AAA Amsterdam,NAT Watkins,0,0,caught,Abdullah Syed
ball,2,17.6,United States of America,AL Dodson,AAA Amsterdam,NAT Watkins,0,0,"",""
ball,2,18.1,United States of America,AAA Amsterdam,AL Dodson,H Carlyon,0,0,"",""
ball,2,18.2,United States of America,AAA Amsterdam,AL Dodson,H Carlyon,0,0,"",""
ball,2,18.3,United States of America,AAA Amsterdam,AL Dodson,H Carlyon,0,1,"",""
ball,2,18.4,United States of America,AAA Amsterdam,AL Dodson,H Carlyon,1,0,"",""
ball,2,18.5,United States of America,AL Dodson,AAA Amsterdam,H Carlyon,0,0,"",""
ball,2,18.6,United States of America,AL Dodson,AAA Amsterdam,H Carlyon,0,0,"",""
ball,2,18.7,United States of America,AL Dodson,AAA Amsterdam,H Carlyon,0,0,"",""
ball,2,19.1,United States of America,AAA Amsterdam,AL Dodson,NAT Watkins,0,0,"",""
ball,2,19.2,United States of America,AAA Amsterdam,AL Dodson,NAT Watkins,1,0,"",""
ball,2,19.3,United States of America,AL Dodson,AAA Amsterdam,NAT Watkins,1,0,"",""
ball,2,19.4,United States of America,AAA Amsterdam,AL Dodson,NAT Watkins,0,0,"",""
ball,2,19.5,United States of America,AAA Amsterdam,AL Dodson,NAT Watkins,4,0,"",""
ball,2,19.6,United States of America,AAA Amsterdam,AL Dodson,NAT Watkins,4,0,"",""
ball,2,20.1,United States of America,AL Dodson,AAA Amsterdam,H Carlyon,0,0,"",""
ball,2,20.2,United States of America,AL Dodson,AAA Amsterdam,H Carlyon,0,0,"",""
ball,2,20.3,United States of America,AL Dodson,AAA Amsterdam,H Carlyon,1,0,"",""
ball,2,20.4,United States of America,AAA Amsterdam,AL Dodson,H Carlyon,0,0,"",""
ball,2,20.5,United States of America,AAA Amsterdam,AL Dodson,H Carlyon,1,0,"",""
ball,2,20.6,United States of America,AL Dodson,AAA Amsterdam,H Carlyon,0,0,"",""
ball,2,21.1,United States of America,AAA Amsterdam,AL Dodson,NAT Watkins,0,0,"",""
ball,2,21.2,United States of America,AAA Amsterdam,AL Dodson,NAT Watkins,1,0,"",""
ball,2,21.3,United States of America,AL Dodson,AAA Amsterdam,NAT Watkins,0,0,"",""
ball,2,21.4,United States of America,AL Dodson,AAA Amsterdam,NAT Watkins,0,0,"",""
ball,2,21.5,United States of America,AL Dodson,AAA Amsterdam,NAT Watkins,0,0,"",""
ball,2,21.6,United States of America,AL Dodson,AAA Amsterdam,NAT Watkins,0,0,"",""
ball,2,22.1,United States of America,AAA Amsterdam,AL Dodson,H Carlyon,0,0,"",""
ball,2,22.2,United States of America,AAA Amsterdam,AL Dodson,H Carlyon,0,0,"",""
ball,2,22.3,United States of America,AAA Amsterdam,AL Dodson,H Carlyon,1,0,"",""
ball,2,22.4,United States of America,AL Dodson,AAA Amsterdam,H Carlyon,1,0,"",""
ball,2,22.5,United States of America,AAA Amsterdam,AL Dodson,H Carlyon,0,0,"",""
ball,2,22.6,United States of America,AAA Amsterdam,AL Dodson,H Carlyon,1,0,"",""
ball,2,23.1,United States of America,AAA Amsterdam,AL Dodson,NAT Watkins,1,0,"",""
ball,2,23.2,United States of America,AL Dodson,AAA Amsterdam,NAT Watkins,0,0,"",""
ball,2,23.3,United States of America,AL Dodson,AAA Amsterdam,NAT Watkins,0,0,"",""
ball,2,23.4,United States of America,AL Dodson,AAA Amsterdam,NAT Watkins,2,0,"",""
ball,2,23.5,United States of America,AL Dodson,AAA Amsterdam,NAT Watkins,1,0,"",""
ball,2,23.6,United States of America,AAA Amsterdam,AL Dodson,NAT Watkins,0,0,"",""
ball,2,24.1,United States of America,AL Dodson,AAA Amsterdam,RJG Palmer,1,0,"",""
ball,2,24.2,United States of America,AAA Amsterdam,AL Dodson,RJG Palmer,6,0,"",""
ball,2,24.3,United States of America,AAA Amsterdam,AL Dodson,RJG Palmer,4,0,"",""
ball,2,24.4,United States of America,AAA Amsterdam,AL Dodson,RJG Palmer,1,0,"",""
ball,2,24.5,United States of America,AL Dodson,AAA Amsterdam,RJG Palmer,0,0,"",""
ball,2,24.6,United States of America,AL Dodson,AAA Amsterdam,RJG Palmer,0,0,"",""
ball,2,25.1,United States of America,AAA Amsterdam,AL Dodson,CW Perchard,0,0,"",""
ball,2,25.2,United States of America,AAA Amsterdam,AL Dodson,CW Perchard,0,0,"",""
ball,2,25.3,United States of America,AAA Amsterdam,AL Dodson,CW Perchard,3,0,"",""
ball,2,25.4,United States of America,AL Dodson,AAA Amsterdam,CW Perchard,0,0,"",""
ball,2,25.5,United States of America,AL Dodson,AAA Amsterdam,CW Perchard,2,0,"",""
ball,2,25.6,United States of America,AL Dodson,AAA Amsterdam,CW Perchard,0,0,"",""
ball,2,26.1,United States of America,AAA Amsterdam,AL Dodson,RJG Palmer,0,1,"",""
ball,2,26.2,United States of America,AL Dodson,AAA Amsterdam,RJG Palmer,0,0,"",""
ball,2,26.3,United States of America,AL Dodson,AAA Amsterdam,RJG Palmer,0,0,"",""
ball,2,26.4,United States of America,AL Dodson,AAA Amsterdam,RJG Palmer,0,0,"",""
ball,2,26.5,United States of America,AL Dodson,AAA Amsterdam,RJG Palmer,0,0,"",""
ball,2,26.6,United States of America,AL Dodson,AAA Amsterdam,RJG Palmer,0,0,"",""
ball,2,27.1,United States of America,AAA Amsterdam,AL Dodson,H Carlyon,2,0,"",""
ball,2,27.2,United States of America,AAA Amsterdam,AL Dodson,H Carlyon,1,0,"",""
ball,2,27.3,United States of America,AL Dodson,AAA Amsterdam,H Carlyon,0,0,"",""
ball,2,27.4,United States of America,AL Dodson,AAA Amsterdam,H Carlyon,0,0,"",""
ball,2,27.5,United States of America,AL Dodson,AAA Amsterdam,H Carlyon,0,0,"",""
ball,2,27.6,United States of America,AL Dodson,AAA Amsterdam,H Carlyon,0,0,"",""
ball,2,28.1,United States of America,AAA Amsterdam,AL Dodson,RJG Palmer,0,0,"",""
ball,2,28.2,United States of America,AAA Amsterdam,AL Dodson,RJG Palmer,1,0,"",""
ball,2,28.3,United States of America,AL Dodson,AAA Amsterdam,RJG Palmer,1,0,"",""
ball,2,28.4,United States of America,AAA Amsterdam,AL Dodson,RJG Palmer,1,0,"",""
ball,2,28.5,United States of America,AL Dodson,AAA Amsterdam,RJG Palmer,0,0,"",""
ball,2,28.6,United States of America,AL Dodson,AAA Amsterdam,RJG Palmer,0,0,"",""
ball,2,29.1,United States of America,AAA Amsterdam,AL Dodson,H Carlyon,1,0,"",""
ball,2,29.2,United States of America,AL Dodson,AAA Amsterdam,H Carlyon,1,0,"",""
ball,2,29.3,United States of America,AAA Amsterdam,AL Dodson,H Carlyon,0,0,"",""
ball,2,29.4,United States of America,AAA Amsterdam,AL Dodson,H Carlyon,0,0,"",""
ball,2,29.5,United States of America,AAA Amsterdam,AL Dodson,H Carlyon,1,0,"",""
ball,2,29.6,United States of America,AL Dodson,AAA Amsterdam,H Carlyon,0,0,"",""
ball,2,30.1,United States of America,AAA Amsterdam,AL Dodson,RJG Palmer,1,0,"",""
ball,2,30.2,United States of America,AL Dodson,AAA Amsterdam,RJG Palmer,0,0,"",""
ball,2,30.3,United States of America,AL Dodson,AAA Amsterdam,RJG Palmer,0,0,"",""
ball,2,30.4,United States of America,AL Dodson,AAA Amsterdam,RJG Palmer,0,0,"",""
ball,2,30.5,United States of America,AL Dodson,AAA Amsterdam,RJG Palmer,0,0,"",""
ball,2,30.6,United States of America,AL Dodson,AAA Amsterdam,RJG Palmer,0,0,"",""
ball,2,31.1,United States of America,AAA Amsterdam,AL Dodson,H Carlyon,2,0,"",""
ball,2,31.2,United States of America,AAA Amsterdam,AL Dodson,H Carlyon,0,0,"",""
ball,2,31.3,United States of America,AAA Amsterdam,AL Dodson,H Carlyon,0,0,"",""
ball,2,31.4,United States of America,AAA Amsterdam,AL Dodson,H Carlyon,1,0,"",""
ball,2,31.5,United States of America,AL Dodson,AAA Amsterdam,H Carlyon,0,0,"",""
ball,2,31.6,United States of America,AL Dodson,AAA Amsterdam,H Carlyon,0,0,"",""
ball,2,32.1,United States of America,AAA Amsterdam,AL Dodson,RJG Palmer,2,0,"",""
ball,2,32.2,United States of America,AAA Amsterdam,AL Dodson,RJG Palmer,1,0,"",""
ball,2,32.3,United States of America,AL Dodson,AAA Amsterdam,RJG Palmer,1,0,"",""
ball,2,32.4,United States of America,AAA Amsterdam,AL Dodson,RJG Palmer,1,0,"",""
ball,2,32.5,United States of America,AL Dodson,AAA Amsterdam,RJG Palmer,0,0,"",""
ball,2,32.6,United States of America,AL Dodson,AAA Amsterdam,RJG Palmer,0,0,"",""
ball,2,33.1,United States of America,AAA Amsterdam,AL Dodson,H Carlyon,4,0,"",""
ball,2,33.2,United States of America,AAA Amsterdam,AL Dodson,H Carlyon,2,0,"",""
ball,2,33.3,United States of America,AAA Amsterdam,AL Dodson,H Carlyon,0,0,"",""
ball,2,33.4,United States of America,AAA Amsterdam,AL Dodson,H Carlyon,0,0,"",""
ball,2,33.5,United States of America,AAA Amsterdam,AL Dodson,H Carlyon,1,0,"",""
ball,2,33.6,United States of America,AL Dodson,AAA Amsterdam,H Carlyon,0,0,"",""
ball,2,34.1,United States of America,AAA Amsterdam,AL Dodson,RJG Palmer,2,0,"",""
ball,2,34.2,United States of America,AAA Amsterdam,AL Dodson,RJG Palmer,3,0,"",""
ball,2,34.3,United States of America,AL Dodson,AAA Amsterdam,RJG Palmer,0,0,"",""
ball,2,34.4,United States of America,AL Dodson,AAA Amsterdam,RJG Palmer,0,0,"",""
ball,2,34.5,United States of America,AL Dodson,AAA Amsterdam,RJG Palmer,0,0,"",""
ball,2,34.6,United States of America,AL Dodson,AAA Amsterdam,RJG Palmer,0,0,"",""
ball,2,35.1,United States of America,AAA Amsterdam,AL Dodson,JW Jenner,0,0,"",""
ball,2,35.2,United States of America,AAA Amsterdam,AL Dodson,JW Jenner,0,0,"",""
ball,2,35.3,United States of America,AAA Amsterdam,AL Dodson,JW Jenner,2,0,"",""
ball,2,35.4,United States of America,AAA Amsterdam,AL Dodson,JW Jenner,1,0,"",""
ball,2,35.5,United States of America,AL Dodson,AAA Amsterdam,JW Jenner,0,0,"",""
ball,2,35.6,United States of America,AL Dodson,AAA Amsterdam,JW Jenner,0,0,"",""
ball,2,36.1,United States of America,AAA Amsterdam,AL Dodson,RJG Palmer,2,0,"",""
ball,2,36.2,United States of America,AAA Amsterdam,AL Dodson,RJG Palmer,0,0,"",""
ball,2,36.3,United States of America,AAA Amsterdam,AL Dodson,RJG Palmer,0,0,"",""
ball,2,36.4,United States of America,AAA Amsterdam,AL Dodson,RJG Palmer,1,0,"",""
ball,2,36.5,United States of America,AL Dodson,AAA Amsterdam,RJG Palmer,0,0,"",""
ball,2,36.6,United States of America,AL Dodson,AAA Amsterdam,RJG Palmer,0,0,"",""
ball,2,37.1,United States of America,AAA Amsterdam,AL Dodson,JW Jenner,4,0,"",""
ball,2,37.2,United States of America,AAA Amsterdam,AL Dodson,JW Jenner,2,0,"",""
ball,2,37.3,United States of America,AAA Amsterdam,AL Dodson,JW Jenner,1,0,"",""
ball,2,37.4,United States of America,AL Dodson,AAA Amsterdam,JW Jenner,1,0,"",""
ball,2,37.5,United States of America,AAA Amsterdam,AL Dodson,JW Jenner,1,0,"",""
ball,2,37.6,United States of America,AL Dodson,AAA Amsterdam,JW Jenner,1,0,"",""
ball,2,38.1,United States of America,AL Dodson,AAA Amsterdam,RJG Palmer,2,0,"",""
ball,2,38.2,United States of America,AL Dodson,AAA Amsterdam,RJG Palmer,0,0,"",""
ball,2,38.3,United States of America,AL Dodson,AAA Amsterdam,RJG Palmer,0,0,caught,AL Dodson
ball,2,38.4,United States of America,AAA Amsterdam,TP Allen,RJG Palmer,1,0,"",""
ball,2,38.5,United States of America,TP Allen,AAA Amsterdam,RJG Palmer,0,0,"",""
ball,2,38.6,United States of America,TP Allen,AAA Amsterdam,RJG Palmer,0,1,"",""
ball,2,38.7,United States of America,TP Allen,AAA Amsterdam,RJG Palmer,0,0,"",""
ball,2,39.1,United States of America,AAA Amsterdam,TP Allen,CW Perchard,1,0,"",""
ball,2,39.2,United States of America,TP Allen,AAA Amsterdam,CW Perchard,0,0,"",""
ball,2,39.3,United States of America,TP Allen,AAA Amsterdam,CW Perchard,0,0,"",""
ball,2,39.4,United States of America,TP Allen,AAA Amsterdam,CW Perchard,6,0,"",""
ball,2,39.5,United States of America,TP Allen,AAA Amsterdam,CW Perchard,1,0,"",""
ball,2,39.6,United States of America,AAA Amsterdam,TP Allen,CW Perchard,1,0,"",""
ball,2,40.1,United States of America,AAA Amsterdam,TP Allen,H Carlyon,1,0,"",""
ball,2,40.2,United States of America,TP Allen,AAA Amsterdam,H Carlyon,2,0,"",""
ball,2,40.3,United States of America,TP Allen,AAA Amsterdam,H Carlyon,1,0,"",""
ball,2,40.4,United States of America,AAA Amsterdam,TP Allen,H Carlyon,2,0,"",""
ball,2,40.5,United States of America,AAA Amsterdam,TP Allen,H Carlyon,0,0,"",""
ball,2,40.6,United States of America,AAA Amsterdam,TP Allen,H Carlyon,1,0,"",""
ball,2,41.1,United States of America,AAA Amsterdam,TP Allen,CW Perchard,0,0,"",""
ball,2,41.2,United States of America,AAA Amsterdam,TP Allen,CW Perchard,0,0,"",""
ball,2,41.3,United States of America,AAA Amsterdam,TP Allen,CW Perchard,1,0,"",""
ball,2,41.4,United States of America,TP Allen,AAA Amsterdam,CW Perchard,1,0,"",""
ball,2,41.5,United States of America,AAA Amsterdam,TP Allen,CW Perchard,0,0,"",""
ball,2,41.6,United States of America,AAA Amsterdam,TP Allen,CW Perchard,1,0,"",""
ball,2,42.1,United States of America,AAA Amsterdam,TP Allen,RJG Palmer,1,0,"",""
ball,2,42.2,United States of America,TP Allen,AAA Amsterdam,RJG Palmer,1,0,"",""
ball,2,42.3,United States of America,AAA Amsterdam,TP Allen,RJG Palmer,1,0,"",""
ball,2,42.4,United States of America,TP Allen,AAA Amsterdam,RJG Palmer,0,0,"",""
ball,2,42.5,United States of America,TP Allen,AAA Amsterdam,RJG Palmer,1,0,"",""
ball,2,42.6,United States of America,AAA Amsterdam,TP Allen,RJG Palmer,4,0,"",""
ball,2,43.1,United States of America,TP Allen,AAA Amsterdam,CW Perchard,2,0,"",""
ball,2,43.2,United States of America,TP Allen,AAA Amsterdam,CW Perchard,4,0,"",""
ball,2,43.3,United States of America,TP Allen,AAA Amsterdam,CW Perchard,0,0,"",""
ball,2,43.4,United States of America,TP Allen,AAA Amsterdam,CW Perchard,0,1,"",""
ball,2,43.5,United States of America,TP Allen,AAA Amsterdam,CW Perchard,1,0,"",""
ball,2,43.6,United States of America,AAA Amsterdam,TP Allen,CW Perchard,1,0,"",""
ball,2,43.7,United States of America,TP Allen,AAA Amsterdam,CW Perchard,1,0,"",""
ball,2,44.1,United States of America,TP Allen,AAA Amsterdam,H Carlyon,1,0,"",""
ball,2,44.2,United States of America,AAA Amsterdam,TP Allen,H Carlyon,4,0,"",""
ball,2,44.3,United States of America,AAA Amsterdam,TP Allen,H Carlyon,1,0,"",""
ball,2,44.4,United States of America,TP Allen,AAA Amsterdam,H Carlyon,1,0,"",""
ball,2,44.5,United States of America,AAA Amsterdam,TP Allen,H Carlyon,0,0,"",""
ball,2,44.6,United States of America,AAA Amsterdam,TP Allen,H Carlyon,1,0,"",""
ball,2,45.1,United States of America,AAA Amsterdam,TP Allen,R McBey,1,0,"",""
ball,2,45.2,United States of America,TP Allen,AAA Amsterdam,R McBey,0,1,"",""
ball,2,45.3,United States of America,TP Allen,AAA Amsterdam,R McBey,0,0,"",""
ball,2,45.4,United States of America,TP Allen,AAA Amsterdam,R McBey,1,0,"",""
ball,2,45.5,United States of America,AAA Amsterdam,TP Allen,R McBey,2,0,"",""
ball,2,45.6,United States of America,AAA Amsterdam,TP Allen,R McBey,0,0,"",""
ball,2,45.7,United States of America,AAA Amsterdam,TP Allen,R McBey,0,0,caught,AAA Amsterdam
ball,2,46.1,United States of America,TP Allen,NI Standford,H Carlyon,2,0,"",""
ball,2,46.2,United States of America,TP Allen,NI Standford,H Carlyon,2,0,"",""
ball,2,46.3,United States of America,TP Allen,NI Standford,H Carlyon,6,0,"",""
ball,2,46.4,United States of America,TP Allen,NI Standford,H Carlyon,1,0,"",""
ball,2,46.5,United States of America,NI Standford,TP Allen,H Carlyon,2,0,"",""
ball,2,46.6,United States of America,NI Standford,TP Allen,H Carlyon,4,0,"",""
ball,2,47.1,United States of America,TP Allen,NI Standford,CW Perchard,0,1,"",""
ball,2,47.2,United States of America,NI Standford,TP Allen,CW Perchard,0,0,"",""
ball,2,47.3,United States of America,NI Standford,TP Allen,CW Perchard,4,0,"",""
ball,2,47.4,United States of America,NI Standford,TP Allen,CW Perchard,0,3,"",""
ball,2,47.5,United States of America,TP Allen,NI Standford,CW Perchard,0,0,caught,TP Allen
ball,2,47.6,United States of America,EH Hutchinson,NI Standford,CW Perchard,0,0,"",""
ball,2,48.1,United States of America,NI Standford,EH Hutchinson,RJG Palmer,0,1,"",""
ball,2,48.2,United States of America,EH Hutchinson,NI Standford,RJG Palmer,1,0,"",""
ball,2,48.3,United States of America,NI Standford,EH Hutchinson,RJG Palmer,4,0,"",""
ball,2,48.4,United States of America,NI Standford,EH Hutchinson,RJG Palmer,1,0,"",""
ball,2,48.5,United States of America,EH Hutchinson,NI Standford,RJG Palmer,6,0,"",""
ball,2,48.6,United States of America,EH Hutchinson,NI Standford,RJG Palmer,6,0,"",""
ball,2,49.1,United States of America,NI Standford,EH Hutchinson,CW Perchard,0,0,caught,NI Standford
ball,2,49.2,United States of America,EH Hutchinson,P Nair,CW Perchard,1,0,"",""
ball,2,49.3,United States of America,P Nair,EH Hutchinson,CW Perchard,0,0,lbw,P Nair
ball,2,49.4,United States of America,TK Patel,EH Hutchinson,CW Perchard,1,0,"",""
ball,2,49.5,United States of America,EH Hutchinson,TK Patel,CW Perchard,0,0,"",""
ball,2,49.6,United States of America,EH Hutchinson,TK Patel,CW Perchard,2,0,"",""
