version,1.3.0
info,team,Bangladesh
info,team,India
info,gender,female
info,season,2016/17
info,date,2017/02/17
info,competition,ICC Women's World Cup Qualifier
info,match_number,25
info,venue,Nondescripts Cricket Club Ground
info,city,Colombo
info,neutralvenue,true
info,toss_winner,India
info,toss_decision,field
info,player_of_match,MR Meshram
info,umpire,M Hawthorne
info,umpire,RR Wimalasiri
info,reserve_umpire,S Redfern
info,winner,India
info,winner_wickets,9
ball,1,0.1,Bangladesh,Sharmin Sultana,Sharmin Akhter,S Pandey,0,0,"",""
ball,1,0.2,Bangladesh,Sharmin Sultana,Sharmin Akhter,S Pandey,0,0,"",""
ball,1,0.3,Bangladesh,Sharmin Sultana,Sharmin Akhter,S Pandey,0,0,"",""
ball,1,0.4,Bangladesh,Sharmin Sultana,Sharmin Akhter,S Pandey,0,0,"",""
ball,1,0.5,Bangladesh,Sharmin Sultana,Sharmin Akhter,S Pandey,0,0,"",""
ball,1,0.6,Bangladesh,Sharmin Sultana,Sharmin Akhter,S Pandey,0,0,"",""
ball,1,1.1,Bangladesh,Sharmin Akhter,Sharmin Sultana,M Joshi,0,0,"",""
ball,1,1.2,Bangladesh,Sharmin Akhter,Sharmin Sultana,M Joshi,0,0,"",""
ball,1,1.3,Bangladesh,Sharmin Akhter,Sharmin Sultana,M Joshi,0,0,"",""
ball,1,1.4,Bangladesh,Sharmin Akhter,Sharmin Sultana,M Joshi,0,0,"",""
ball,1,1.5,Bangladesh,Sharmin Akhter,Sharmin Sultana,M Joshi,3,0,"",""
ball,1,1.6,Bangladesh,Sharmin Sultana,Sharmin Akhter,M Joshi,0,0,"",""
ball,1,2.1,Bangladesh,Sharmin Akhter,Sharmin Sultana,S Pandey,0,0,"",""
ball,1,2.2,Bangladesh,Sharmin Akhter,Sharmin Sultana,S Pandey,1,0,"",""
ball,1,2.3,Bangladesh,Sharmin Sultana,Sharmin Akhter,S Pandey,1,0,"",""
ball,1,2.4,Bangladesh,Sharmin Akhter,Sharmin Sultana,S Pandey,0,0,"",""
ball,1,2.5,Bangladesh,Sharmin Akhter,Sharmin Sultana,S Pandey,0,0,"",""
ball,1,2.6,Bangladesh,Sharmin Akhter,Sharmin Sultana,S Pandey,0,0,"",""
ball,1,3.1,Bangladesh,Sharmin Sultana,Sharmin Akhter,M Joshi,4,0,"",""
ball,1,3.2,Bangladesh,Sharmin Sultana,Sharmin Akhter,M Joshi,0,0,"",""
ball,1,3.3,Bangladesh,Sharmin Sultana,Sharmin Akhter,M Joshi,1,0,"",""
ball,1,3.4,Bangladesh,Sharmin Akhter,Sharmin Sultana,M Joshi,0,0,"",""
ball,1,3.5,Bangladesh,Sharmin Akhter,Sharmin Sultana,M Joshi,0,0,"",""
ball,1,3.6,Bangladesh,Sharmin Akhter,Sharmin Sultana,M Joshi,0,0,"",""
ball,1,4.1,Bangladesh,Sharmin Sultana,Sharmin Akhter,S Pandey,0,0,"",""
ball,1,4.2,Bangladesh,Sharmin Sultana,Sharmin Akhter,S Pandey,0,0,"",""
ball,1,4.3,Bangladesh,Sharmin Sultana,Sharmin Akhter,S Pandey,0,0,"",""
ball,1,4.4,Bangladesh,Sharmin Sultana,Sharmin Akhter,S Pandey,0,0,"",""
ball,1,4.5,Bangladesh,Sharmin Sultana,Sharmin Akhter,S Pandey,0,0,"",""
ball,1,4.6,Bangladesh,Sharmin Sultana,Sharmin Akhter,S Pandey,0,0,"",""
ball,1,5.1,Bangladesh,Sharmin Akhter,Sharmin Sultana,M Joshi,0,0,"",""
ball,1,5.2,Bangladesh,Sharmin Akhter,Sharmin Sultana,M Joshi,0,0,"",""
ball,1,5.3,Bangladesh,Sharmin Akhter,Sharmin Sultana,M Joshi,0,0,"",""
ball,1,5.4,Bangladesh,Sharmin Akhter,Sharmin Sultana,M Joshi,0,0,"",""
ball,1,5.5,Bangladesh,Sharmin Akhter,Sharmin Sultana,M Joshi,0,0,"",""
ball,1,5.6,Bangladesh,Sharmin Akhter,Sharmin Sultana,M Joshi,0,0,"",""
ball,1,6.1,Bangladesh,Sharmin Sultana,Sharmin Akhter,S Pandey,0,0,"",""
ball,1,6.2,Bangladesh,Sharmin Sultana,Sharmin Akhter,S Pandey,0,0,"",""
ball,1,6.3,Bangladesh,Sharmin Sultana,Sharmin Akhter,S Pandey,1,0,"",""
ball,1,6.4,Bangladesh,Sharmin Akhter,Sharmin Sultana,S Pandey,0,0,"",""
ball,1,6.5,Bangladesh,Sharmin Akhter,Sharmin Sultana,S Pandey,0,0,"",""
ball,1,6.6,Bangladesh,Sharmin Akhter,Sharmin Sultana,S Pandey,0,0,"",""
ball,1,7.1,Bangladesh,Sharmin Sultana,Sharmin Akhter,M Joshi,0,0,"",""
ball,1,7.2,Bangladesh,Sharmin Sultana,Sharmin Akhter,M Joshi,0,0,caught,Sharmin Sultana
ball,1,7.3,Bangladesh,Sanjida Islam,Sharmin Akhter,M Joshi,0,0,"",""
ball,1,7.4,Bangladesh,Sanjida Islam,Sharmin Akhter,M Joshi,0,0,"",""
ball,1,7.5,Bangladesh,Sanjida Islam,Sharmin Akhter,M Joshi,1,0,"",""
ball,1,7.6,Bangladesh,Sharmin Akhter,Sanjida Islam,M Joshi,0,0,"",""
ball,1,8.1,Bangladesh,Sanjida Islam,Sharmin Akhter,S Pandey,0,1,"",""
ball,1,8.2,Bangladesh,Sanjida Islam,Sharmin Akhter,S Pandey,0,0,"",""
ball,1,8.3,Bangladesh,Sanjida Islam,Sharmin Akhter,S Pandey,0,0,"",""
ball,1,8.4,Bangladesh,Sanjida Islam,Sharmin Akhter,S Pandey,0,0,"",""
ball,1,8.5,Bangladesh,Sanjida Islam,Sharmin Akhter,S Pandey,0,0,"",""
ball,1,8.6,Bangladesh,Sanjida Islam,Sharmin Akhter,S Pandey,1,0,"",""
ball,1,8.7,Bangladesh,Sharmin Akhter,Sanjida Islam,S Pandey,0,0,"",""
ball,1,9.1,Bangladesh,Sanjida Islam,Sharmin Akhter,M Joshi,0,0,"",""
ball,1,9.2,Bangladesh,Sanjida Islam,Sharmin Akhter,M Joshi,0,0,"",""
ball,1,9.3,Bangladesh,Sanjida Islam,Sharmin Akhter,M Joshi,0,0,bowled,Sanjida Islam
ball,1,9.4,Bangladesh,Fargana Hoque,Sharmin Akhter,M Joshi,0,0,"",""
ball,1,9.5,Bangladesh,Fargana Hoque,Sharmin Akhter,M Joshi,0,0,"",""
ball,1,9.6,Bangladesh,Fargana Hoque,Sharmin Akhter,M Joshi,0,0,"",""
ball,1,10.1,Bangladesh,Sharmin Akhter,Fargana Hoque,DB Sharma,0,0,"",""
ball,1,10.2,Bangladesh,Sharmin Akhter,Fargana Hoque,DB Sharma,0,0,"",""
ball,1,10.3,Bangladesh,Sharmin Akhter,Fargana Hoque,DB Sharma,0,0,"",""
ball,1,10.4,Bangladesh,Sharmin Akhter,Fargana Hoque,DB Sharma,2,0,"",""
ball,1,10.5,Bangladesh,Sharmin Akhter,Fargana Hoque,DB Sharma,1,0,"",""
ball,1,10.6,Bangladesh,Fargana Hoque,Sharmin Akhter,DB Sharma,0,0,"",""
ball,1,11.1,Bangladesh,Sharmin Akhter,Fargana Hoque,M Joshi,0,0,"",""
ball,1,11.2,Bangladesh,Sharmin Akhter,Fargana Hoque,M Joshi,0,0,"",""
ball,1,11.3,Bangladesh,Sharmin Akhter,Fargana Hoque,M Joshi,1,0,"",""
ball,1,11.4,Bangladesh,Fargana Hoque,Sharmin Akhter,M Joshi,0,0,"",""
ball,1,11.5,Bangladesh,Fargana Hoque,Sharmin Akhter,M Joshi,0,0,"",""
ball,1,11.6,Bangladesh,Fargana Hoque,Sharmin Akhter,M Joshi,0,0,"",""
ball,1,12.1,Bangladesh,Sharmin Akhter,Fargana Hoque,DB Sharma,0,0,"",""
ball,1,12.2,Bangladesh,Sharmin Akhter,Fargana Hoque,DB Sharma,0,0,"",""
ball,1,12.3,Bangladesh,Sharmin Akhter,Fargana Hoque,DB Sharma,0,0,"",""
ball,1,12.4,Bangladesh,Sharmin Akhter,Fargana Hoque,DB Sharma,0,0,"",""
ball,1,12.5,Bangladesh,Sharmin Akhter,Fargana Hoque,DB Sharma,0,0,"",""
ball,1,12.6,Bangladesh,Sharmin Akhter,Fargana Hoque,DB Sharma,0,0,"",""
ball,1,13.1,Bangladesh,Fargana Hoque,Sharmin Akhter,Poonam Yadav,0,0,"",""
ball,1,13.2,Bangladesh,Fargana Hoque,Sharmin Akhter,Poonam Yadav,0,0,"",""
ball,1,13.3,Bangladesh,Fargana Hoque,Sharmin Akhter,Poonam Yadav,0,0,"",""
ball,1,13.4,Bangladesh,Fargana Hoque,Sharmin Akhter,Poonam Yadav,0,0,"",""
ball,1,13.5,Bangladesh,Fargana Hoque,Sharmin Akhter,Poonam Yadav,0,0,"",""
ball,1,13.6,Bangladesh,Fargana Hoque,Sharmin Akhter,Poonam Yadav,0,0,"",""
ball,1,14.1,Bangladesh,Sharmin Akhter,Fargana Hoque,DB Sharma,0,0,"",""
ball,1,14.2,Bangladesh,Sharmin Akhter,Fargana Hoque,DB Sharma,0,0,"",""
ball,1,14.3,Bangladesh,Sharmin Akhter,Fargana Hoque,DB Sharma,0,0,"",""
ball,1,14.4,Bangladesh,Sharmin Akhter,Fargana Hoque,DB Sharma,1,0,"",""
ball,1,14.5,Bangladesh,Fargana Hoque,Sharmin Akhter,DB Sharma,0,0,"",""
ball,1,14.6,Bangladesh,Fargana Hoque,Sharmin Akhter,DB Sharma,2,0,"",""
ball,1,15.1,Bangladesh,Sharmin Akhter,Fargana Hoque,Poonam Yadav,0,0,"",""
ball,1,15.2,Bangladesh,Sharmin Akhter,Fargana Hoque,Poonam Yadav,0,0,"",""
ball,1,15.3,Bangladesh,Sharmin Akhter,Fargana Hoque,Poonam Yadav,1,0,"",""
ball,1,15.4,Bangladesh,Fargana Hoque,Sharmin Akhter,Poonam Yadav,0,0,"",""
ball,1,15.5,Bangladesh,Fargana Hoque,Sharmin Akhter,Poonam Yadav,0,0,"",""
ball,1,15.6,Bangladesh,Fargana Hoque,Sharmin Akhter,Poonam Yadav,0,0,"",""
ball,1,16.1,Bangladesh,Sharmin Akhter,Fargana Hoque,DB Sharma,0,0,"",""
ball,1,16.2,Bangladesh,Sharmin Akhter,Fargana Hoque,DB Sharma,0,0,"",""
ball,1,16.3,Bangladesh,Sharmin Akhter,Fargana Hoque,DB Sharma,1,0,"",""
ball,1,16.4,Bangladesh,Fargana Hoque,Sharmin Akhter,DB Sharma,0,0,"",""
ball,1,16.5,Bangladesh,Fargana Hoque,Sharmin Akhter,DB Sharma,0,0,"",""
ball,1,16.6,Bangladesh,Fargana Hoque,Sharmin Akhter,DB Sharma,1,0,"",""
ball,1,17.1,Bangladesh,Fargana Hoque,Sharmin Akhter,Poonam Yadav,0,0,"",""
ball,1,17.2,Bangladesh,Fargana Hoque,Sharmin Akhter,Poonam Yadav,0,0,"",""
ball,1,17.3,Bangladesh,Fargana Hoque,Sharmin Akhter,Poonam Yadav,0,0,"",""
ball,1,17.4,Bangladesh,Fargana Hoque,Sharmin Akhter,Poonam Yadav,0,0,"",""
ball,1,17.5,Bangladesh,Fargana Hoque,Sharmin Akhter,Poonam Yadav,0,0,"",""
ball,1,17.6,Bangladesh,Fargana Hoque,Sharmin Akhter,Poonam Yadav,1,0,"",""
ball,1,18.1,Bangladesh,Fargana Hoque,Sharmin Akhter,RS Gayakwad,1,0,"",""
ball,1,18.2,Bangladesh,Sharmin Akhter,Fargana Hoque,RS Gayakwad,0,0,"",""
ball,1,18.3,Bangladesh,Sharmin Akhter,Fargana Hoque,RS Gayakwad,0,0,"",""
ball,1,18.4,Bangladesh,Sharmin Akhter,Fargana Hoque,RS Gayakwad,0,0,"",""
ball,1,18.5,Bangladesh,Sharmin Akhter,Fargana Hoque,RS Gayakwad,0,0,"",""
ball,1,18.6,Bangladesh,Sharmin Akhter,Fargana Hoque,RS Gayakwad,4,0,"",""
ball,1,19.1,Bangladesh,Fargana Hoque,Sharmin Akhter,Poonam Yadav,0,0,"",""
ball,1,19.2,Bangladesh,Fargana Hoque,Sharmin Akhter,Poonam Yadav,0,0,"",""
ball,1,19.3,Bangladesh,Fargana Hoque,Sharmin Akhter,Poonam Yadav,0,0,"",""
ball,1,19.4,Bangladesh,Fargana Hoque,Sharmin Akhter,Poonam Yadav,0,0,"",""
ball,1,19.5,Bangladesh,Fargana Hoque,Sharmin Akhter,Poonam Yadav,0,0,"",""
ball,1,19.6,Bangladesh,Fargana Hoque,Sharmin Akhter,Poonam Yadav,1,0,"",""
ball,1,20.1,Bangladesh,Fargana Hoque,Sharmin Akhter,RS Gayakwad,2,0,"",""
ball,1,20.2,Bangladesh,Fargana Hoque,Sharmin Akhter,RS Gayakwad,0,0,"",""
ball,1,20.3,Bangladesh,Fargana Hoque,Sharmin Akhter,RS Gayakwad,0,0,"",""
ball,1,20.4,Bangladesh,Fargana Hoque,Sharmin Akhter,RS Gayakwad,0,0,"",""
ball,1,20.5,Bangladesh,Fargana Hoque,Sharmin Akhter,RS Gayakwad,0,0,"",""
ball,1,20.6,Bangladesh,Fargana Hoque,Sharmin Akhter,RS Gayakwad,4,0,"",""
ball,1,21.1,Bangladesh,Sharmin Akhter,Fargana Hoque,Poonam Yadav,0,0,"",""
ball,1,21.2,Bangladesh,Sharmin Akhter,Fargana Hoque,Poonam Yadav,0,0,"",""
ball,1,21.3,Bangladesh,Sharmin Akhter,Fargana Hoque,Poonam Yadav,1,0,"",""
ball,1,21.4,Bangladesh,Fargana Hoque,Sharmin Akhter,Poonam Yadav,0,0,"",""
ball,1,21.5,Bangladesh,Fargana Hoque,Sharmin Akhter,Poonam Yadav,1,0,"",""
ball,1,21.6,Bangladesh,Sharmin Akhter,Fargana Hoque,Poonam Yadav,0,0,"",""
ball,1,22.1,Bangladesh,Fargana Hoque,Sharmin Akhter,S Pandey,0,0,"",""
ball,1,22.2,Bangladesh,Fargana Hoque,Sharmin Akhter,S Pandey,0,0,"",""
ball,1,22.3,Bangladesh,Fargana Hoque,Sharmin Akhter,S Pandey,1,0,"",""
ball,1,22.4,Bangladesh,Sharmin Akhter,Fargana Hoque,S Pandey,0,0,"",""
ball,1,22.5,Bangladesh,Sharmin Akhter,Fargana Hoque,S Pandey,0,0,"",""
ball,1,22.6,Bangladesh,Sharmin Akhter,Fargana Hoque,S Pandey,0,0,"",""
ball,1,23.1,Bangladesh,Fargana Hoque,Sharmin Akhter,RS Gayakwad,0,0,"",""
ball,1,23.2,Bangladesh,Fargana Hoque,Sharmin Akhter,RS Gayakwad,3,0,"",""
ball,1,23.3,Bangladesh,Sharmin Akhter,Fargana Hoque,RS Gayakwad,0,0,"",""
ball,1,23.4,Bangladesh,Sharmin Akhter,Fargana Hoque,RS Gayakwad,1,0,"",""
ball,1,23.5,Bangladesh,Fargana Hoque,Sharmin Akhter,RS Gayakwad,0,0,"",""
ball,1,23.6,Bangladesh,Fargana Hoque,Sharmin Akhter,RS Gayakwad,0,0,"",""
ball,1,24.1,Bangladesh,Sharmin Akhter,Fargana Hoque,S Pandey,0,0,"",""
ball,1,24.2,Bangladesh,Sharmin Akhter,Fargana Hoque,S Pandey,1,0,"",""
ball,1,24.3,Bangladesh,Fargana Hoque,Sharmin Akhter,S Pandey,0,0,"",""
ball,1,24.4,Bangladesh,Fargana Hoque,Sharmin Akhter,S Pandey,4,0,"",""
ball,1,24.5,Bangladesh,Fargana Hoque,Sharmin Akhter,S Pandey,0,0,"",""
ball,1,24.6,Bangladesh,Fargana Hoque,Sharmin Akhter,S Pandey,1,0,"",""
ball,1,25.1,Bangladesh,Fargana Hoque,Sharmin Akhter,RS Gayakwad,0,0,"",""
ball,1,25.2,Bangladesh,Fargana Hoque,Sharmin Akhter,RS Gayakwad,0,0,"",""
ball,1,25.3,Bangladesh,Fargana Hoque,Sharmin Akhter,RS Gayakwad,0,0,"",""
ball,1,25.4,Bangladesh,Fargana Hoque,Sharmin Akhter,RS Gayakwad,0,0,"",""
ball,1,25.5,Bangladesh,Fargana Hoque,Sharmin Akhter,RS Gayakwad,0,0,"",""
ball,1,25.6,Bangladesh,Fargana Hoque,Sharmin Akhter,RS Gayakwad,0,0,"",""
ball,1,26.1,Bangladesh,Sharmin Akhter,Fargana Hoque,DP Vaidya,1,0,"",""
ball,1,26.2,Bangladesh,Fargana Hoque,Sharmin Akhter,DP Vaidya,1,0,"",""
ball,1,26.3,Bangladesh,Sharmin Akhter,Fargana Hoque,DP Vaidya,0,0,"",""
ball,1,26.4,Bangladesh,Sharmin Akhter,Fargana Hoque,DP Vaidya,0,0,"",""
ball,1,26.5,Bangladesh,Sharmin Akhter,Fargana Hoque,DP Vaidya,0,0,"",""
ball,1,26.6,Bangladesh,Sharmin Akhter,Fargana Hoque,DP Vaidya,0,0,"",""
ball,1,27.1,Bangladesh,Fargana Hoque,Sharmin Akhter,RS Gayakwad,0,0,"",""
ball,1,27.2,Bangladesh,Fargana Hoque,Sharmin Akhter,RS Gayakwad,0,0,"",""
ball,1,27.3,Bangladesh,Fargana Hoque,Sharmin Akhter,RS Gayakwad,0,0,"",""
ball,1,27.4,Bangladesh,Fargana Hoque,Sharmin Akhter,RS Gayakwad,0,0,"",""
ball,1,27.5,Bangladesh,Fargana Hoque,Sharmin Akhter,RS Gayakwad,1,0,"",""
ball,1,27.6,Bangladesh,Sharmin Akhter,Fargana Hoque,RS Gayakwad,4,0,"",""
ball,1,28.1,Bangladesh,Fargana Hoque,Sharmin Akhter,DP Vaidya,0,0,"",""
ball,1,28.2,Bangladesh,Fargana Hoque,Sharmin Akhter,DP Vaidya,0,0,"",""
ball,1,28.3,Bangladesh,Fargana Hoque,Sharmin Akhter,DP Vaidya,1,0,"",""
ball,1,28.4,Bangladesh,Sharmin Akhter,Fargana Hoque,DP Vaidya,1,0,"",""
ball,1,28.5,Bangladesh,Fargana Hoque,Sharmin Akhter,DP Vaidya,1,0,"",""
ball,1,28.6,Bangladesh,Sharmin Akhter,Fargana Hoque,DP Vaidya,0,0,"",""
ball,1,29.1,Bangladesh,Fargana Hoque,Sharmin Akhter,DB Sharma,0,0,"",""
ball,1,29.2,Bangladesh,Fargana Hoque,Sharmin Akhter,DB Sharma,0,0,"",""
ball,1,29.3,Bangladesh,Fargana Hoque,Sharmin Akhter,DB Sharma,1,0,"",""
ball,1,29.4,Bangladesh,Sharmin Akhter,Fargana Hoque,DB Sharma,4,0,"",""
ball,1,29.5,Bangladesh,Sharmin Akhter,Fargana Hoque,DB Sharma,0,0,"",""
ball,1,29.6,Bangladesh,Sharmin Akhter,Fargana Hoque,DB Sharma,4,0,"",""
ball,1,30.1,Bangladesh,Fargana Hoque,Sharmin Akhter,DP Vaidya,0,0,"",""
ball,1,30.2,Bangladesh,Fargana Hoque,Sharmin Akhter,DP Vaidya,0,0,"",""
ball,1,30.3,Bangladesh,Fargana Hoque,Sharmin Akhter,DP Vaidya,0,0,"",""
ball,1,30.4,Bangladesh,Fargana Hoque,Sharmin Akhter,DP Vaidya,0,0,"",""
ball,1,30.5,Bangladesh,Fargana Hoque,Sharmin Akhter,DP Vaidya,1,0,"",""
ball,1,30.6,Bangladesh,Sharmin Akhter,Fargana Hoque,DP Vaidya,0,0,"",""
ball,1,31.1,Bangladesh,Fargana Hoque,Sharmin Akhter,Poonam Yadav,1,0,"",""
ball,1,31.2,Bangladesh,Sharmin Akhter,Fargana Hoque,Poonam Yadav,0,0,"",""
ball,1,31.3,Bangladesh,Sharmin Akhter,Fargana Hoque,Poonam Yadav,1,0,"",""
ball,1,31.4,Bangladesh,Fargana Hoque,Sharmin Akhter,Poonam Yadav,1,0,"",""
ball,1,31.5,Bangladesh,Sharmin Akhter,Fargana Hoque,Poonam Yadav,1,0,"",""
ball,1,31.6,Bangladesh,Fargana Hoque,Sharmin Akhter,Poonam Yadav,0,0,"",""
ball,1,32.1,Bangladesh,Sharmin Akhter,Fargana Hoque,DP Vaidya,1,0,"",""
ball,1,32.2,Bangladesh,Fargana Hoque,Sharmin Akhter,DP Vaidya,0,0,"",""
ball,1,32.3,Bangladesh,Fargana Hoque,Sharmin Akhter,DP Vaidya,1,0,"",""
ball,1,32.4,Bangladesh,Sharmin Akhter,Fargana Hoque,DP Vaidya,0,0,"",""
ball,1,32.5,Bangladesh,Sharmin Akhter,Fargana Hoque,DP Vaidya,0,0,stumped,Sharmin Akhter
ball,1,32.6,Bangladesh,Rumana Ahmed,Fargana Hoque,DP Vaidya,0,0,"",""
ball,1,33.1,Bangladesh,Fargana Hoque,Rumana Ahmed,Poonam Yadav,0,1,"",""
ball,1,33.2,Bangladesh,Rumana Ahmed,Fargana Hoque,Poonam Yadav,0,0,"",""
ball,1,33.3,Bangladesh,Rumana Ahmed,Fargana Hoque,Poonam Yadav,1,0,"",""
ball,1,33.4,Bangladesh,Fargana Hoque,Rumana Ahmed,Poonam Yadav,0,0,"",""
ball,1,33.5,Bangladesh,Fargana Hoque,Rumana Ahmed,Poonam Yadav,0,0,"",""
ball,1,33.6,Bangladesh,Fargana Hoque,Rumana Ahmed,Poonam Yadav,1,0,"",""
ball,1,34.1,Bangladesh,Fargana Hoque,Rumana Ahmed,DP Vaidya,1,0,"",""
ball,1,34.2,Bangladesh,Rumana Ahmed,Fargana Hoque,DP Vaidya,0,0,"",""
ball,1,34.3,Bangladesh,Rumana Ahmed,Fargana Hoque,DP Vaidya,0,0,"",""
ball,1,34.4,Bangladesh,Rumana Ahmed,Fargana Hoque,DP Vaidya,0,0,"",""
ball,1,34.5,Bangladesh,Rumana Ahmed,Fargana Hoque,DP Vaidya,0,0,"",""
ball,1,34.6,Bangladesh,Rumana Ahmed,Fargana Hoque,DP Vaidya,0,0,"",""
ball,1,35.1,Bangladesh,Fargana Hoque,Rumana Ahmed,S Pandey,1,0,"",""
ball,1,35.2,Bangladesh,Rumana Ahmed,Fargana Hoque,S Pandey,1,0,"",""
ball,1,35.3,Bangladesh,Fargana Hoque,Rumana Ahmed,S Pandey,0,0,"",""
ball,1,35.4,Bangladesh,Fargana Hoque,Rumana Ahmed,S Pandey,0,0,"",""
ball,1,35.5,Bangladesh,Fargana Hoque,Rumana Ahmed,S Pandey,1,0,"",""
ball,1,35.6,Bangladesh,Rumana Ahmed,Fargana Hoque,S Pandey,0,0,"",""
ball,1,36.1,Bangladesh,Fargana Hoque,Rumana Ahmed,M Joshi,0,0,"",""
ball,1,36.2,Bangladesh,Fargana Hoque,Rumana Ahmed,M Joshi,1,0,"",""
ball,1,36.3,Bangladesh,Rumana Ahmed,Fargana Hoque,M Joshi,0,0,"",""
ball,1,36.4,Bangladesh,Rumana Ahmed,Fargana Hoque,M Joshi,0,0,"",""
ball,1,36.5,Bangladesh,Rumana Ahmed,Fargana Hoque,M Joshi,1,0,"",""
ball,1,36.6,Bangladesh,Fargana Hoque,Rumana Ahmed,M Joshi,0,0,"",""
ball,1,37.1,Bangladesh,Rumana Ahmed,Fargana Hoque,S Pandey,0,0,"",""
ball,1,37.2,Bangladesh,Rumana Ahmed,Fargana Hoque,S Pandey,1,0,"",""
ball,1,37.3,Bangladesh,Fargana Hoque,Rumana Ahmed,S Pandey,0,0,"",""
ball,1,37.4,Bangladesh,Fargana Hoque,Rumana Ahmed,S Pandey,0,0,"",""
ball,1,37.5,Bangladesh,Fargana Hoque,Rumana Ahmed,S Pandey,0,0,"",""
ball,1,37.6,Bangladesh,Fargana Hoque,Rumana Ahmed,S Pandey,4,0,"",""
ball,1,38.1,Bangladesh,Rumana Ahmed,Fargana Hoque,M Joshi,0,0,"",""
ball,1,38.2,Bangladesh,Rumana Ahmed,Fargana Hoque,M Joshi,0,0,"",""
ball,1,38.3,Bangladesh,Rumana Ahmed,Fargana Hoque,M Joshi,1,0,"",""
ball,1,38.4,Bangladesh,Fargana Hoque,Rumana Ahmed,M Joshi,0,0,"",""
ball,1,38.5,Bangladesh,Fargana Hoque,Rumana Ahmed,M Joshi,0,0,"",""
ball,1,38.6,Bangladesh,Fargana Hoque,Rumana Ahmed,M Joshi,0,0,"",""
ball,1,39.1,Bangladesh,Rumana Ahmed,Fargana Hoque,S Pandey,4,0,"",""
ball,1,39.2,Bangladesh,Rumana Ahmed,Fargana Hoque,S Pandey,0,0,"",""
ball,1,39.3,Bangladesh,Rumana Ahmed,Fargana Hoque,S Pandey,0,0,"",""
ball,1,39.4,Bangladesh,Rumana Ahmed,Fargana Hoque,S Pandey,2,0,"",""
ball,1,39.5,Bangladesh,Rumana Ahmed,Fargana Hoque,S Pandey,0,0,caught,Rumana Ahmed
ball,1,39.6,Bangladesh,Fargana Hoque,Nigar Sultana,S Pandey,0,0,"",""
ball,1,40.1,Bangladesh,Nigar Sultana,Fargana Hoque,M Joshi,0,0,"",""
ball,1,40.2,Bangladesh,Nigar Sultana,Fargana Hoque,M Joshi,2,0,"",""
ball,1,40.3,Bangladesh,Nigar Sultana,Fargana Hoque,M Joshi,0,0,"",""
ball,1,40.4,Bangladesh,Nigar Sultana,Fargana Hoque,M Joshi,0,0,"",""
ball,1,40.5,Bangladesh,Nigar Sultana,Fargana Hoque,M Joshi,1,0,"",""
ball,1,40.6,Bangladesh,Fargana Hoque,Nigar Sultana,M Joshi,4,0,"",""
ball,1,41.1,Bangladesh,Nigar Sultana,Fargana Hoque,Poonam Yadav,0,0,"",""
ball,1,41.2,Bangladesh,Nigar Sultana,Fargana Hoque,Poonam Yadav,0,0,"",""
ball,1,41.3,Bangladesh,Nigar Sultana,Fargana Hoque,Poonam Yadav,0,0,"",""
ball,1,41.4,Bangladesh,Nigar Sultana,Fargana Hoque,Poonam Yadav,0,0,"",""
ball,1,41.5,Bangladesh,Nigar Sultana,Fargana Hoque,Poonam Yadav,1,0,"",""
ball,1,41.6,Bangladesh,Fargana Hoque,Nigar Sultana,Poonam Yadav,2,0,"",""
ball,1,42.1,Bangladesh,Nigar Sultana,Fargana Hoque,M Joshi,0,0,"",""
ball,1,42.2,Bangladesh,Nigar Sultana,Fargana Hoque,M Joshi,0,0,"",""
ball,1,42.3,Bangladesh,Nigar Sultana,Fargana Hoque,M Joshi,1,0,"",""
ball,1,42.4,Bangladesh,Fargana Hoque,Nigar Sultana,M Joshi,0,0,"",""
ball,1,42.5,Bangladesh,Fargana Hoque,Nigar Sultana,M Joshi,4,0,"",""
ball,1,42.6,Bangladesh,Fargana Hoque,Nigar Sultana,M Joshi,0,0,caught,Fargana Hoque
ball,1,43.1,Bangladesh,Nigar Sultana,Salma Khatun,Poonam Yadav,0,0,"",""
ball,1,43.2,Bangladesh,Nigar Sultana,Salma Khatun,Poonam Yadav,1,0,"",""
ball,1,43.3,Bangladesh,Salma Khatun,Nigar Sultana,Poonam Yadav,4,0,"",""
ball,1,43.4,Bangladesh,Salma Khatun,Nigar Sultana,Poonam Yadav,0,0,"",""
ball,1,43.5,Bangladesh,Salma Khatun,Nigar Sultana,Poonam Yadav,0,0,"",""
ball,1,43.6,Bangladesh,Salma Khatun,Nigar Sultana,Poonam Yadav,0,0,"",""
ball,1,44.1,Bangladesh,Nigar Sultana,Salma Khatun,RS Gayakwad,2,0,"",""
ball,1,44.2,Bangladesh,Nigar Sultana,Salma Khatun,RS Gayakwad,1,0,"",""
ball,1,44.3,Bangladesh,Salma Khatun,Nigar Sultana,RS Gayakwad,0,0,"",""
ball,1,44.4,Bangladesh,Salma Khatun,Nigar Sultana,RS Gayakwad,1,0,"",""
ball,1,44.5,Bangladesh,Nigar Sultana,Salma Khatun,RS Gayakwad,1,0,"",""
ball,1,44.6,Bangladesh,Salma Khatun,Nigar Sultana,RS Gayakwad,0,0,"",""
ball,1,45.1,Bangladesh,Nigar Sultana,Salma Khatun,Poonam Yadav,1,0,"",""
ball,1,45.2,Bangladesh,Salma Khatun,Nigar Sultana,Poonam Yadav,0,0,"",""
ball,1,45.3,Bangladesh,Salma Khatun,Nigar Sultana,Poonam Yadav,1,0,"",""
ball,1,45.4,Bangladesh,Nigar Sultana,Salma Khatun,Poonam Yadav,4,0,"",""
ball,1,45.5,Bangladesh,Nigar Sultana,Salma Khatun,Poonam Yadav,1,0,"",""
ball,1,45.6,Bangladesh,Salma Khatun,Nigar Sultana,Poonam Yadav,0,0,"",""
ball,1,46.1,Bangladesh,Nigar Sultana,Salma Khatun,RS Gayakwad,1,0,"",""
ball,1,46.2,Bangladesh,Salma Khatun,Nigar Sultana,RS Gayakwad,4,0,"",""
ball,1,46.3,Bangladesh,Salma Khatun,Nigar Sultana,RS Gayakwad,2,0,"",""
ball,1,46.4,Bangladesh,Salma Khatun,Nigar Sultana,RS Gayakwad,2,0,"",""
ball,1,46.5,Bangladesh,Salma Khatun,Nigar Sultana,RS Gayakwad,0,0,"",""
ball,1,46.6,Bangladesh,Salma Khatun,Nigar Sultana,RS Gayakwad,0,0,bowled,Salma Khatun
ball,1,47.1,Bangladesh,Nigar Sultana,Shaila Sharmin,DP Vaidya,1,0,"",""
ball,1,47.2,Bangladesh,Shaila Sharmin,Nigar Sultana,DP Vaidya,0,0,"",""
ball,1,47.3,Bangladesh,Shaila Sharmin,Nigar Sultana,DP Vaidya,1,0,"",""
ball,1,47.4,Bangladesh,Nigar Sultana,Shaila Sharmin,DP Vaidya,0,0,"",""
ball,1,47.5,Bangladesh,Nigar Sultana,Shaila Sharmin,DP Vaidya,0,0,run out,Nigar Sultana
ball,1,47.6,Bangladesh,Shaila Sharmin,Jahanara Alam,DP Vaidya,1,0,"",""
ball,1,48.1,Bangladesh,Shaila Sharmin,Jahanara Alam,DB Sharma,0,4,"",""
ball,1,48.2,Bangladesh,Shaila Sharmin,Jahanara Alam,DB Sharma,1,0,"",""
ball,1,48.3,Bangladesh,Jahanara Alam,Shaila Sharmin,DB Sharma,1,0,"",""
ball,1,48.4,Bangladesh,Shaila Sharmin,Jahanara Alam,DB Sharma,2,0,"",""
ball,1,48.5,Bangladesh,Shaila Sharmin,Jahanara Alam,DB Sharma,1,0,"",""
ball,1,48.6,Bangladesh,Jahanara Alam,Shaila Sharmin,DB Sharma,0,0,"",""
ball,1,49.1,Bangladesh,Shaila Sharmin,Jahanara Alam,DP Vaidya,2,0,"",""
ball,1,49.2,Bangladesh,Shaila Sharmin,Jahanara Alam,DP Vaidya,1,0,"",""
ball,1,49.3,Bangladesh,Jahanara Alam,Shaila Sharmin,DP Vaidya,0,0,"",""
ball,1,49.4,Bangladesh,Jahanara Alam,Shaila Sharmin,DP Vaidya,1,0,"",""
ball,1,49.5,Bangladesh,Shaila Sharmin,Jahanara Alam,DP Vaidya,1,0,"",""
ball,1,49.6,Bangladesh,Jahanara Alam,Shaila Sharmin,DP Vaidya,0,0,caught,Jahanara Alam
ball,2,0.1,India,MR Meshram,DB Sharma,Jahanara Alam,0,0,"",""
ball,2,0.2,India,MR Meshram,DB Sharma,Jahanara Alam,4,0,"",""
ball,2,0.3,India,MR Meshram,DB Sharma,Jahanara Alam,0,0,"",""
ball,2,0.4,India,MR Meshram,DB Sharma,Jahanara Alam,0,0,"",""
ball,2,0.5,India,MR Meshram,DB Sharma,Jahanara Alam,0,0,"",""
ball,2,0.6,India,MR Meshram,DB Sharma,Jahanara Alam,0,0,"",""
ball,2,1.1,India,DB Sharma,MR Meshram,Panna Ghosh,0,0,"",""
ball,2,1.2,India,DB Sharma,MR Meshram,Panna Ghosh,0,0,"",""
ball,2,1.3,India,DB Sharma,MR Meshram,Panna Ghosh,0,0,"",""
ball,2,1.4,India,DB Sharma,MR Meshram,Panna Ghosh,0,0,"",""
ball,2,1.5,India,DB Sharma,MR Meshram,Panna Ghosh,0,0,"",""
ball,2,1.6,India,DB Sharma,MR Meshram,Panna Ghosh,0,0,"",""
ball,2,2.1,India,MR Meshram,DB Sharma,Jahanara Alam,0,0,"",""
ball,2,2.2,India,MR Meshram,DB Sharma,Jahanara Alam,0,0,"",""
ball,2,2.3,India,MR Meshram,DB Sharma,Jahanara Alam,0,0,"",""
ball,2,2.4,India,MR Meshram,DB Sharma,Jahanara Alam,0,0,"",""
ball,2,2.5,India,MR Meshram,DB Sharma,Jahanara Alam,4,0,"",""
ball,2,2.6,India,MR Meshram,DB Sharma,Jahanara Alam,4,0,"",""
ball,2,3.1,India,DB Sharma,MR Meshram,Panna Ghosh,0,0,"",""
ball,2,3.2,India,DB Sharma,MR Meshram,Panna Ghosh,1,0,"",""
ball,2,3.3,India,MR Meshram,DB Sharma,Panna Ghosh,0,1,"",""
ball,2,3.4,India,MR Meshram,DB Sharma,Panna Ghosh,0,0,"",""
ball,2,3.5,India,MR Meshram,DB Sharma,Panna Ghosh,0,0,"",""
ball,2,3.6,India,MR Meshram,DB Sharma,Panna Ghosh,0,1,"",""
ball,2,3.7,India,DB Sharma,MR Meshram,Panna Ghosh,0,0,"",""
ball,2,4.1,India,MR Meshram,DB Sharma,Jahanara Alam,0,0,"",""
ball,2,4.2,India,MR Meshram,DB Sharma,Jahanara Alam,1,0,"",""
ball,2,4.3,India,DB Sharma,MR Meshram,Jahanara Alam,0,0,"",""
ball,2,4.4,India,DB Sharma,MR Meshram,Jahanara Alam,0,0,"",""
ball,2,4.5,India,DB Sharma,MR Meshram,Jahanara Alam,0,0,"",""
ball,2,4.6,India,DB Sharma,MR Meshram,Jahanara Alam,0,1,"",""
ball,2,4.7,India,DB Sharma,MR Meshram,Jahanara Alam,0,1,"",""
ball,2,4.8,India,DB Sharma,MR Meshram,Jahanara Alam,0,0,"",""
ball,2,5.1,India,MR Meshram,DB Sharma,Panna Ghosh,4,0,"",""
ball,2,5.2,India,MR Meshram,DB Sharma,Panna Ghosh,0,0,"",""
ball,2,5.3,India,MR Meshram,DB Sharma,Panna Ghosh,0,0,"",""
ball,2,5.4,India,MR Meshram,DB Sharma,Panna Ghosh,0,0,"",""
ball,2,5.5,India,MR Meshram,DB Sharma,Panna Ghosh,0,0,"",""
ball,2,5.6,India,MR Meshram,DB Sharma,Panna Ghosh,0,0,"",""
ball,2,6.1,India,DB Sharma,MR Meshram,Khadija Tul Kubra,0,0,"",""
ball,2,6.2,India,DB Sharma,MR Meshram,Khadija Tul Kubra,0,0,"",""
ball,2,6.3,India,DB Sharma,MR Meshram,Khadija Tul Kubra,0,0,"",""
ball,2,6.4,India,DB Sharma,MR Meshram,Khadija Tul Kubra,0,0,"",""
ball,2,6.5,India,DB Sharma,MR Meshram,Khadija Tul Kubra,0,0,"",""
ball,2,6.6,India,DB Sharma,MR Meshram,Khadija Tul Kubra,0,0,"",""
ball,2,7.1,India,MR Meshram,DB Sharma,Panna Ghosh,0,0,"",""
ball,2,7.2,India,MR Meshram,DB Sharma,Panna Ghosh,0,0,"",""
ball,2,7.3,India,MR Meshram,DB Sharma,Panna Ghosh,0,0,"",""
ball,2,7.4,India,MR Meshram,DB Sharma,Panna Ghosh,0,0,"",""
ball,2,7.5,India,MR Meshram,DB Sharma,Panna Ghosh,0,0,"",""
ball,2,7.6,India,MR Meshram,DB Sharma,Panna Ghosh,0,0,"",""
ball,2,8.1,India,DB Sharma,MR Meshram,Khadija Tul Kubra,0,0,"",""
ball,2,8.2,India,DB Sharma,MR Meshram,Khadija Tul Kubra,0,0,"",""
ball,2,8.3,India,DB Sharma,MR Meshram,Khadija Tul Kubra,0,0,caught and bowled,DB Sharma
ball,2,8.4,India,M Raj,MR Meshram,Khadija Tul Kubra,0,0,"",""
ball,2,8.5,India,M Raj,MR Meshram,Khadija Tul Kubra,0,0,"",""
ball,2,8.6,India,M Raj,MR Meshram,Khadija Tul Kubra,0,0,"",""
ball,2,9.1,India,MR Meshram,M Raj,Panna Ghosh,0,0,"",""
ball,2,9.2,India,MR Meshram,M Raj,Panna Ghosh,0,0,"",""
ball,2,9.3,India,MR Meshram,M Raj,Panna Ghosh,0,0,"",""
ball,2,9.4,India,MR Meshram,M Raj,Panna Ghosh,0,0,"",""
ball,2,9.5,India,MR Meshram,M Raj,Panna Ghosh,0,0,"",""
ball,2,9.6,India,MR Meshram,M Raj,Panna Ghosh,0,0,"",""
ball,2,10.1,India,M Raj,MR Meshram,Khadija Tul Kubra,0,0,"",""
ball,2,10.2,India,M Raj,MR Meshram,Khadija Tul Kubra,1,0,"",""
ball,2,10.3,India,MR Meshram,M Raj,Khadija Tul Kubra,2,0,"",""
ball,2,10.4,India,MR Meshram,M Raj,Khadija Tul Kubra,1,0,"",""
ball,2,10.5,India,M Raj,MR Meshram,Khadija Tul Kubra,0,0,"",""
ball,2,10.6,India,M Raj,MR Meshram,Khadija Tul Kubra,1,0,"",""
ball,2,11.1,India,M Raj,MR Meshram,Panna Ghosh,4,0,"",""
ball,2,11.2,India,M Raj,MR Meshram,Panna Ghosh,0,0,"",""
ball,2,11.3,India,M Raj,MR Meshram,Panna Ghosh,1,0,"",""
ball,2,11.4,India,MR Meshram,M Raj,Panna Ghosh,0,0,"",""
ball,2,11.5,India,MR Meshram,M Raj,Panna Ghosh,0,0,"",""
ball,2,11.6,India,MR Meshram,M Raj,Panna Ghosh,4,0,"",""
ball,2,12.1,India,M Raj,MR Meshram,Khadija Tul Kubra,0,0,"",""
ball,2,12.2,India,M Raj,MR Meshram,Khadija Tul Kubra,0,0,"",""
ball,2,12.3,India,M Raj,MR Meshram,Khadija Tul Kubra,0,0,"",""
ball,2,12.4,India,M Raj,MR Meshram,Khadija Tul Kubra,1,0,"",""
ball,2,12.5,India,MR Meshram,M Raj,Khadija Tul Kubra,0,0,"",""
ball,2,12.6,India,MR Meshram,M Raj,Khadija Tul Kubra,0,0,"",""
ball,2,13.1,India,M Raj,MR Meshram,Salma Khatun,0,0,"",""
ball,2,13.2,India,M Raj,MR Meshram,Salma Khatun,0,0,"",""
ball,2,13.3,India,M Raj,MR Meshram,Salma Khatun,0,0,"",""
ball,2,13.4,India,M Raj,MR Meshram,Salma Khatun,1,0,"",""
ball,2,13.5,India,MR Meshram,M Raj,Salma Khatun,0,0,"",""
ball,2,13.6,India,MR Meshram,M Raj,Salma Khatun,0,0,"",""
ball,2,14.1,India,M Raj,MR Meshram,Khadija Tul Kubra,4,0,"",""
ball,2,14.2,India,M Raj,MR Meshram,Khadija Tul Kubra,0,0,"",""
ball,2,14.3,India,M Raj,MR Meshram,Khadija Tul Kubra,4,0,"",""
ball,2,14.4,India,M Raj,MR Meshram,Khadija Tul Kubra,1,0,"",""
ball,2,14.5,India,MR Meshram,M Raj,Khadija Tul Kubra,0,0,"",""
ball,2,14.6,India,MR Meshram,M Raj,Khadija Tul Kubra,0,0,"",""
ball,2,15.1,India,M Raj,MR Meshram,Salma Khatun,4,0,"",""
ball,2,15.2,India,M Raj,MR Meshram,Salma Khatun,0,0,"",""
ball,2,15.3,India,M Raj,MR Meshram,Salma Khatun,0,0,"",""
ball,2,15.4,India,M Raj,MR Meshram,Salma Khatun,0,0,"",""
ball,2,15.5,India,M Raj,MR Meshram,Salma Khatun,4,0,"",""
ball,2,15.6,India,M Raj,MR Meshram,Salma Khatun,0,0,"",""
ball,2,16.1,India,MR Meshram,M Raj,Rumana Ahmed,0,0,"",""
ball,2,16.2,India,MR Meshram,M Raj,Rumana Ahmed,1,0,"",""
ball,2,16.3,India,M Raj,MR Meshram,Rumana Ahmed,0,0,"",""
ball,2,16.4,India,M Raj,MR Meshram,Rumana Ahmed,1,0,"",""
ball,2,16.5,India,MR Meshram,M Raj,Rumana Ahmed,2,0,"",""
ball,2,16.6,India,MR Meshram,M Raj,Rumana Ahmed,0,0,"",""
ball,2,17.1,India,M Raj,MR Meshram,Salma Khatun,0,0,"",""
ball,2,17.2,India,M Raj,MR Meshram,Salma Khatun,1,0,"",""
ball,2,17.3,India,MR Meshram,M Raj,Salma Khatun,1,0,"",""
ball,2,17.4,India,M Raj,MR Meshram,Salma Khatun,0,0,"",""
ball,2,17.5,India,M Raj,MR Meshram,Salma Khatun,0,0,"",""
ball,2,17.6,India,M Raj,MR Meshram,Salma Khatun,1,0,"",""
ball,2,18.1,India,M Raj,MR Meshram,Rumana Ahmed,0,0,"",""
ball,2,18.2,India,M Raj,MR Meshram,Rumana Ahmed,0,0,"",""
ball,2,18.3,India,M Raj,MR Meshram,Rumana Ahmed,0,0,"",""
ball,2,18.4,India,M Raj,MR Meshram,Rumana Ahmed,0,0,"",""
ball,2,18.5,India,M Raj,MR Meshram,Rumana Ahmed,0,0,"",""
ball,2,18.6,India,M Raj,MR Meshram,Rumana Ahmed,0,0,"",""
ball,2,19.1,India,MR Meshram,M Raj,Salma Khatun,1,0,"",""
ball,2,19.2,India,M Raj,MR Meshram,Salma Khatun,1,0,"",""
ball,2,19.3,India,MR Meshram,M Raj,Salma Khatun,1,0,"",""
ball,2,19.4,India,M Raj,MR Meshram,Salma Khatun,1,0,"",""
ball,2,19.5,India,MR Meshram,M Raj,Salma Khatun,4,0,"",""
ball,2,19.6,India,MR Meshram,M Raj,Salma Khatun,0,0,"",""
ball,2,20.1,India,M Raj,MR Meshram,Rumana Ahmed,0,0,"",""
ball,2,20.2,India,M Raj,MR Meshram,Rumana Ahmed,1,0,"",""
ball,2,20.3,India,MR Meshram,M Raj,Rumana Ahmed,1,0,"",""
ball,2,20.4,India,M Raj,MR Meshram,Rumana Ahmed,0,0,"",""
ball,2,20.5,India,M Raj,MR Meshram,Rumana Ahmed,1,0,"",""
ball,2,20.6,India,MR Meshram,M Raj,Rumana Ahmed,1,0,"",""
ball,2,21.1,India,MR Meshram,M Raj,Khadija Tul Kubra,1,0,"",""
ball,2,21.2,India,M Raj,MR Meshram,Khadija Tul Kubra,0,0,"",""
ball,2,21.3,India,M Raj,MR Meshram,Khadija Tul Kubra,0,0,"",""
ball,2,21.4,India,M Raj,MR Meshram,Khadija Tul Kubra,0,0,"",""
ball,2,21.5,India,M Raj,MR Meshram,Khadija Tul Kubra,0,0,"",""
ball,2,21.6,India,M Raj,MR Meshram,Khadija Tul Kubra,1,0,"",""
ball,2,22.1,India,M Raj,MR Meshram,Rumana Ahmed,4,0,"",""
ball,2,22.2,India,M Raj,MR Meshram,Rumana Ahmed,4,0,"",""
ball,2,22.3,India,M Raj,MR Meshram,Rumana Ahmed,1,0,"",""
ball,2,22.4,India,MR Meshram,M Raj,Rumana Ahmed,1,0,"",""
ball,2,22.5,India,M Raj,MR Meshram,Rumana Ahmed,0,0,"",""
ball,2,22.6,India,M Raj,MR Meshram,Rumana Ahmed,1,0,"",""
ball,2,23.1,India,M Raj,MR Meshram,Jahanara Alam,0,0,"",""
ball,2,23.2,India,M Raj,MR Meshram,Jahanara Alam,0,0,"",""
ball,2,23.3,India,M Raj,MR Meshram,Jahanara Alam,1,0,"",""
ball,2,23.4,India,MR Meshram,M Raj,Jahanara Alam,4,0,"",""
ball,2,23.5,India,MR Meshram,M Raj,Jahanara Alam,0,0,"",""
ball,2,23.6,India,MR Meshram,M Raj,Jahanara Alam,4,0,"",""
ball,2,24.1,India,M Raj,MR Meshram,Rumana Ahmed,1,0,"",""
ball,2,24.2,India,MR Meshram,M Raj,Rumana Ahmed,0,0,"",""
ball,2,24.3,India,MR Meshram,M Raj,Rumana Ahmed,0,0,"",""
ball,2,24.4,India,MR Meshram,M Raj,Rumana Ahmed,0,0,"",""
ball,2,24.5,India,MR Meshram,M Raj,Rumana Ahmed,0,0,"",""
ball,2,24.6,India,MR Meshram,M Raj,Rumana Ahmed,2,0,"",""
ball,2,25.1,India,M Raj,MR Meshram,Jahanara Alam,0,0,"",""
ball,2,25.2,India,M Raj,MR Meshram,Jahanara Alam,0,1,"",""
ball,2,25.3,India,MR Meshram,M Raj,Jahanara Alam,0,0,"",""
ball,2,25.4,India,MR Meshram,M Raj,Jahanara Alam,1,0,"",""
ball,2,25.5,India,M Raj,MR Meshram,Jahanara Alam,0,0,"",""
ball,2,25.6,India,M Raj,MR Meshram,Jahanara Alam,0,0,"",""
ball,2,26.1,India,MR Meshram,M Raj,Rumana Ahmed,1,0,"",""
ball,2,26.2,India,M Raj,MR Meshram,Rumana Ahmed,0,0,"",""
ball,2,26.3,India,M Raj,MR Meshram,Rumana Ahmed,4,0,"",""
ball,2,26.4,India,M Raj,MR Meshram,Rumana Ahmed,0,0,"",""
ball,2,26.5,India,M Raj,MR Meshram,Rumana Ahmed,0,0,"",""
ball,2,26.6,India,M Raj,MR Meshram,Rumana Ahmed,0,0,"",""
ball,2,27.1,India,MR Meshram,M Raj,Jahanara Alam,4,0,"",""
ball,2,27.2,India,MR Meshram,M Raj,Jahanara Alam,4,0,"",""
ball,2,27.3,India,MR Meshram,M Raj,Jahanara Alam,0,1,"",""
ball,2,27.4,India,MR Meshram,M Raj,Jahanara Alam,0,0,"",""
ball,2,27.5,India,MR Meshram,M Raj,Jahanara Alam,0,0,"",""
ball,2,27.6,India,MR Meshram,M Raj,Jahanara Alam,0,0,"",""
ball,2,27.7,India,MR Meshram,M Raj,Jahanara Alam,1,0,"",""
ball,2,28.1,India,MR Meshram,M Raj,Khadija Tul Kubra,2,0,"",""
ball,2,28.2,India,MR Meshram,M Raj,Khadija Tul Kubra,1,0,"",""
ball,2,28.3,India,M Raj,MR Meshram,Khadija Tul Kubra,0,0,"",""
ball,2,28.4,India,M Raj,MR Meshram,Khadija Tul Kubra,1,0,"",""
ball,2,28.5,India,MR Meshram,M Raj,Khadija Tul Kubra,1,0,"",""
ball,2,28.6,India,M Raj,MR Meshram,Khadija Tul Kubra,1,0,"",""
ball,2,29.1,India,M Raj,MR Meshram,Salma Khatun,2,0,"",""
ball,2,29.2,India,M Raj,MR Meshram,Salma Khatun,4,0,"",""
ball,2,29.3,India,M Raj,MR Meshram,Salma Khatun,0,0,"",""
ball,2,29.4,India,M Raj,MR Meshram,Salma Khatun,1,0,"",""
ball,2,29.5,India,MR Meshram,M Raj,Salma Khatun,1,0,"",""
ball,2,29.6,India,M Raj,MR Meshram,Salma Khatun,1,0,"",""
ball,2,30.1,India,M Raj,MR Meshram,Rumana Ahmed,1,0,"",""
ball,2,30.2,India,MR Meshram,M Raj,Rumana Ahmed,4,0,"",""
ball,2,30.3,India,MR Meshram,M Raj,Rumana Ahmed,1,0,"",""
ball,2,30.4,India,M Raj,MR Meshram,Rumana Ahmed,1,0,"",""
ball,2,30.5,India,MR Meshram,M Raj,Rumana Ahmed,1,0,"",""
ball,2,30.6,India,M Raj,MR Meshram,Rumana Ahmed,4,0,"",""
ball,2,31.1,India,MR Meshram,M Raj,Khadija Tul Kubra,1,0,"",""
ball,2,31.2,India,M Raj,MR Meshram,Khadija Tul Kubra,1,0,"",""
ball,2,31.3,India,MR Meshram,M Raj,Khadija Tul Kubra,1,0,"",""
ball,2,31.4,India,M Raj,MR Meshram,Khadija Tul Kubra,0,0,"",""
ball,2,31.5,India,M Raj,MR Meshram,Khadija Tul Kubra,0,0,"",""
ball,2,31.6,India,M Raj,MR Meshram,Khadija Tul Kubra,0,0,"",""
ball,2,32.1,India,MR Meshram,M Raj,Panna Ghosh,0,0,"",""
ball,2,32.2,India,MR Meshram,M Raj,Panna Ghosh,0,0,"",""
ball,2,32.3,India,MR Meshram,M Raj,Panna Ghosh,0,0,"",""
ball,2,32.4,India,MR Meshram,M Raj,Panna Ghosh,0,0,"",""
ball,2,32.5,India,MR Meshram,M Raj,Panna Ghosh,1,0,"",""
ball,2,32.6,India,M Raj,MR Meshram,Panna Ghosh,0,0,"",""
ball,2,33.1,India,MR Meshram,M Raj,Khadija Tul Kubra,4,0,"",""
ball,2,33.2,India,MR Meshram,M Raj,Khadija Tul Kubra,1,0,"",""
ball,2,33.3,India,M Raj,MR Meshram,Khadija Tul Kubra,6,0,"",""
