version,1.3.0
info,team,Papua New Guinea
info,team,Pakistan
info,gender,female
info,season,2016/17
info,date,2017/02/10
info,competition,ICC Women's World Cup Qualifier
info,match_number,9
info,venue,Nondescripts Cricket Club Ground
info,city,Colombo
info,neutralvenue,true
info,toss_winner,Pakistan
info,toss_decision,bat
info,player_of_match,Ayesha Zafar
info,umpire,LS Reifer
info,umpire,JM Williams
info,reserve_umpire,ID Gunawardene
info,winner,Pakistan
info,winner_runs,236
ball,1,0.1,Pakistan,Ayesha Zafar,Javeria Khan,R Oa,0,0,"",""
ball,1,0.2,Pakistan,Ayesha Zafar,Javeria Khan,R Oa,0,0,"",""
ball,1,0.3,Pakistan,Ayesha Zafar,Javeria Khan,R Oa,0,0,"",""
ball,1,0.4,Pakistan,Ayesha Zafar,Javeria Khan,R Oa,1,0,"",""
ball,1,0.5,Pakistan,Javeria Khan,Ayesha Zafar,R Oa,0,0,"",""
ball,1,0.6,Pakistan,Javeria Khan,Ayesha Zafar,R Oa,0,0,"",""
ball,1,1.1,Pakistan,Ayesha Zafar,Javeria Khan,M Tom,1,0,"",""
ball,1,1.2,Pakistan,Javeria Khan,Ayesha Zafar,M Tom,0,0,"",""
ball,1,1.3,Pakistan,Javeria Khan,Ayesha Zafar,M Tom,0,0,"",""
ball,1,1.4,Pakistan,Javeria Khan,Ayesha Zafar,M Tom,4,0,"",""
ball,1,1.5,Pakistan,Javeria Khan,Ayesha Zafar,M Tom,0,0,"",""
ball,1,1.6,Pakistan,Javeria Khan,Ayesha Zafar,M Tom,1,0,"",""
ball,1,2.1,Pakistan,Javeria Khan,Ayesha Zafar,R Oa,1,0,"",""
ball,1,2.2,Pakistan,Ayesha Zafar,Javeria Khan,R Oa,1,0,"",""
ball,1,2.3,Pakistan,Javeria Khan,Ayesha Zafar,R Oa,0,0,"",""
ball,1,2.4,Pakistan,Javeria Khan,Ayesha Zafar,R Oa,0,0,"",""
ball,1,2.5,Pakistan,Javeria Khan,Ayesha Zafar,R Oa,0,0,"",""
ball,1,2.6,Pakistan,Javeria Khan,Ayesha Zafar,R Oa,0,0,"",""
ball,1,3.1,Pakistan,Ayesha Zafar,Javeria Khan,M Tom,0,0,"",""
ball,1,3.2,Pakistan,Ayesha Zafar,Javeria Khan,M Tom,4,0,"",""
ball,1,3.3,Pakistan,Ayesha Zafar,Javeria Khan,M Tom,1,0,"",""
ball,1,3.4,Pakistan,Javeria Khan,Ayesha Zafar,M Tom,1,0,"",""
ball,1,3.5,Pakistan,Ayesha Zafar,Javeria Khan,M Tom,0,0,"",""
ball,1,3.6,Pakistan,Ayesha Zafar,Javeria Khan,M Tom,4,0,"",""
ball,1,4.1,Pakistan,Javeria Khan,Ayesha Zafar,R Oa,0,0,"",""
ball,1,4.2,Pakistan,Javeria Khan,Ayesha Zafar,R Oa,0,0,"",""
ball,1,4.3,Pakistan,Javeria Khan,Ayesha Zafar,R Oa,0,0,"",""
ball,1,4.4,Pakistan,Javeria Khan,Ayesha Zafar,R Oa,0,0,"",""
ball,1,4.5,Pakistan,Javeria Khan,Ayesha Zafar,R Oa,0,0,"",""
ball,1,4.6,Pakistan,Javeria Khan,Ayesha Zafar,R Oa,0,0,"",""
ball,1,5.1,Pakistan,Ayesha Zafar,Javeria Khan,M Tom,4,0,"",""
ball,1,5.2,Pakistan,Ayesha Zafar,Javeria Khan,M Tom,1,0,"",""
ball,1,5.3,Pakistan,Javeria Khan,Ayesha Zafar,M Tom,0,0,"",""
ball,1,5.4,Pakistan,Javeria Khan,Ayesha Zafar,M Tom,0,1,"",""
ball,1,5.5,Pakistan,Javeria Khan,Ayesha Zafar,M Tom,0,0,"",""
ball,1,5.6,Pakistan,Javeria Khan,Ayesha Zafar,M Tom,0,0,"",""
ball,1,5.7,Pakistan,Javeria Khan,Ayesha Zafar,M Tom,0,0,"",""
ball,1,6.1,Pakistan,Ayesha Zafar,Javeria Khan,R Oa,0,0,"",""
ball,1,6.2,Pakistan,Ayesha Zafar,Javeria Khan,R Oa,0,0,"",""
ball,1,6.3,Pakistan,Ayesha Zafar,Javeria Khan,R Oa,0,0,"",""
ball,1,6.4,Pakistan,Ayesha Zafar,Javeria Khan,R Oa,0,0,"",""
ball,1,6.5,Pakistan,Ayesha Zafar,Javeria Khan,R Oa,4,0,"",""
ball,1,6.6,Pakistan,Ayesha Zafar,Javeria Khan,R Oa,1,0,"",""
ball,1,7.1,Pakistan,Ayesha Zafar,Javeria Khan,S Jimmy,0,0,"",""
ball,1,7.2,Pakistan,Ayesha Zafar,Javeria Khan,S Jimmy,0,0,"",""
ball,1,7.3,Pakistan,Ayesha Zafar,Javeria Khan,S Jimmy,4,0,"",""
ball,1,7.4,Pakistan,Ayesha Zafar,Javeria Khan,S Jimmy,0,0,"",""
ball,1,7.5,Pakistan,Ayesha Zafar,Javeria Khan,S Jimmy,0,0,"",""
ball,1,7.6,Pakistan,Ayesha Zafar,Javeria Khan,S Jimmy,0,0,"",""
ball,1,8.1,Pakistan,Javeria Khan,Ayesha Zafar,R Oa,0,0,"",""
ball,1,8.2,Pakistan,Javeria Khan,Ayesha Zafar,R Oa,0,0,"",""
ball,1,8.3,Pakistan,Javeria Khan,Ayesha Zafar,R Oa,0,0,"",""
ball,1,8.4,Pakistan,Javeria Khan,Ayesha Zafar,R Oa,2,0,"",""
ball,1,8.5,Pakistan,Javeria Khan,Ayesha Zafar,R Oa,1,0,"",""
ball,1,8.6,Pakistan,Ayesha Zafar,Javeria Khan,R Oa,4,0,"",""
ball,1,9.1,Pakistan,Javeria Khan,Ayesha Zafar,S Jimmy,0,1,"",""
ball,1,9.2,Pakistan,Javeria Khan,Ayesha Zafar,S Jimmy,0,0,"",""
ball,1,9.3,Pakistan,Javeria Khan,Ayesha Zafar,S Jimmy,0,0,"",""
ball,1,9.4,Pakistan,Javeria Khan,Ayesha Zafar,S Jimmy,1,0,"",""
ball,1,9.5,Pakistan,Ayesha Zafar,Javeria Khan,S Jimmy,0,0,"",""
ball,1,9.6,Pakistan,Ayesha Zafar,Javeria Khan,S Jimmy,1,0,"",""
ball,1,9.7,Pakistan,Javeria Khan,Ayesha Zafar,S Jimmy,2,0,"",""
ball,1,10.1,Pakistan,Ayesha Zafar,Javeria Khan,N Ovasuru,1,0,"",""
ball,1,10.2,Pakistan,Javeria Khan,Ayesha Zafar,N Ovasuru,1,0,"",""
ball,1,10.3,Pakistan,Ayesha Zafar,Javeria Khan,N Ovasuru,0,0,"",""
ball,1,10.4,Pakistan,Ayesha Zafar,Javeria Khan,N Ovasuru,1,0,"",""
ball,1,10.5,Pakistan,Javeria Khan,Ayesha Zafar,N Ovasuru,1,0,"",""
ball,1,10.6,Pakistan,Ayesha Zafar,Javeria Khan,N Ovasuru,0,0,"",""
ball,1,11.1,Pakistan,Javeria Khan,Ayesha Zafar,S Jimmy,4,0,"",""
ball,1,11.2,Pakistan,Javeria Khan,Ayesha Zafar,S Jimmy,0,0,"",""
ball,1,11.3,Pakistan,Javeria Khan,Ayesha Zafar,S Jimmy,0,0,"",""
ball,1,11.4,Pakistan,Javeria Khan,Ayesha Zafar,S Jimmy,4,0,"",""
ball,1,11.5,Pakistan,Javeria Khan,Ayesha Zafar,S Jimmy,1,0,"",""
ball,1,11.6,Pakistan,Ayesha Zafar,Javeria Khan,S Jimmy,0,0,"",""
ball,1,12.1,Pakistan,Javeria Khan,Ayesha Zafar,N Ovasuru,1,0,"",""
ball,1,12.2,Pakistan,Ayesha Zafar,Javeria Khan,N Ovasuru,0,0,"",""
ball,1,12.3,Pakistan,Ayesha Zafar,Javeria Khan,N Ovasuru,0,0,"",""
ball,1,12.4,Pakistan,Ayesha Zafar,Javeria Khan,N Ovasuru,4,0,"",""
ball,1,12.5,Pakistan,Ayesha Zafar,Javeria Khan,N Ovasuru,1,0,"",""
ball,1,12.6,Pakistan,Javeria Khan,Ayesha Zafar,N Ovasuru,0,0,"",""
ball,1,13.1,Pakistan,Ayesha Zafar,Javeria Khan,K Oala,0,0,"",""
ball,1,13.2,Pakistan,Ayesha Zafar,Javeria Khan,K Oala,1,0,"",""
ball,1,13.3,Pakistan,Javeria Khan,Ayesha Zafar,K Oala,2,0,"",""
ball,1,13.4,Pakistan,Javeria Khan,Ayesha Zafar,K Oala,4,0,"",""
ball,1,13.5,Pakistan,Javeria Khan,Ayesha Zafar,K Oala,1,0,"",""
ball,1,13.6,Pakistan,Ayesha Zafar,Javeria Khan,K Oala,1,0,"",""
ball,1,14.1,Pakistan,Ayesha Zafar,Javeria Khan,N Ovasuru,0,0,"",""
ball,1,14.2,Pakistan,Ayesha Zafar,Javeria Khan,N Ovasuru,1,0,"",""
ball,1,14.3,Pakistan,Javeria Khan,Ayesha Zafar,N Ovasuru,0,0,"",""
ball,1,14.4,Pakistan,Javeria Khan,Ayesha Zafar,N Ovasuru,1,0,"",""
ball,1,14.5,Pakistan,Ayesha Zafar,Javeria Khan,N Ovasuru,1,0,"",""
ball,1,14.6,Pakistan,Javeria Khan,Ayesha Zafar,N Ovasuru,1,0,"",""
ball,1,15.1,Pakistan,Javeria Khan,Ayesha Zafar,K Oala,0,0,"",""
ball,1,15.2,Pakistan,Javeria Khan,Ayesha Zafar,K Oala,0,0,"",""
ball,1,15.3,Pakistan,Javeria Khan,Ayesha Zafar,K Oala,0,0,"",""
ball,1,15.4,Pakistan,Javeria Khan,Ayesha Zafar,K Oala,0,0,"",""
ball,1,15.5,Pakistan,Javeria Khan,Ayesha Zafar,K Oala,0,0,"",""
ball,1,15.6,Pakistan,Javeria Khan,Ayesha Zafar,K Oala,1,0,"",""
ball,1,16.1,Pakistan,Javeria Khan,Ayesha Zafar,N Ovasuru,0,0,"",""
ball,1,16.2,Pakistan,Javeria Khan,Ayesha Zafar,N Ovasuru,1,0,"",""
ball,1,16.3,Pakistan,Ayesha Zafar,Javeria Khan,N Ovasuru,0,0,"",""
ball,1,16.4,Pakistan,Ayesha Zafar,Javeria Khan,N Ovasuru,1,0,"",""
ball,1,16.5,Pakistan,Javeria Khan,Ayesha Zafar,N Ovasuru,1,0,"",""
ball,1,16.6,Pakistan,Ayesha Zafar,Javeria Khan,N Ovasuru,0,0,"",""
ball,1,17.1,Pakistan,Javeria Khan,Ayesha Zafar,K Oala,4,0,"",""
ball,1,17.2,Pakistan,Javeria Khan,Ayesha Zafar,K Oala,0,0,"",""
ball,1,17.3,Pakistan,Javeria Khan,Ayesha Zafar,K Oala,0,0,"",""
ball,1,17.4,Pakistan,Javeria Khan,Ayesha Zafar,K Oala,0,0,"",""
ball,1,17.5,Pakistan,Javeria Khan,Ayesha Zafar,K Oala,0,0,"",""
ball,1,17.6,Pakistan,Javeria Khan,Ayesha Zafar,K Oala,0,0,"",""
ball,1,18.1,Pakistan,Ayesha Zafar,Javeria Khan,N Ovasuru,0,0,"",""
ball,1,18.2,Pakistan,Ayesha Zafar,Javeria Khan,N Ovasuru,0,0,"",""
ball,1,18.3,Pakistan,Ayesha Zafar,Javeria Khan,N Ovasuru,0,0,"",""
ball,1,18.4,Pakistan,Ayesha Zafar,Javeria Khan,N Ovasuru,0,0,"",""
ball,1,18.5,Pakistan,Ayesha Zafar,Javeria Khan,N Ovasuru,1,0,"",""
ball,1,18.6,Pakistan,Javeria Khan,Ayesha Zafar,N Ovasuru,0,0,"",""
ball,1,19.1,Pakistan,Ayesha Zafar,Javeria Khan,K Oala,0,0,"",""
ball,1,19.2,Pakistan,Ayesha Zafar,Javeria Khan,K Oala,1,0,"",""
ball,1,19.3,Pakistan,Javeria Khan,Ayesha Zafar,K Oala,1,0,"",""
ball,1,19.4,Pakistan,Ayesha Zafar,Javeria Khan,K Oala,4,0,"",""
ball,1,19.5,Pakistan,Ayesha Zafar,Javeria Khan,K Oala,0,0,"",""
ball,1,19.6,Pakistan,Ayesha Zafar,Javeria Khan,K Oala,4,0,"",""
ball,1,20.1,Pakistan,Javeria Khan,Ayesha Zafar,N Ovasuru,0,0,"",""
ball,1,20.2,Pakistan,Javeria Khan,Ayesha Zafar,N Ovasuru,0,0,"",""
ball,1,20.3,Pakistan,Javeria Khan,Ayesha Zafar,N Ovasuru,1,0,"",""
ball,1,20.4,Pakistan,Ayesha Zafar,Javeria Khan,N Ovasuru,0,0,"",""
ball,1,20.5,Pakistan,Ayesha Zafar,Javeria Khan,N Ovasuru,1,0,"",""
ball,1,20.6,Pakistan,Javeria Khan,Ayesha Zafar,N Ovasuru,1,0,"",""
ball,1,21.1,Pakistan,Javeria Khan,Ayesha Zafar,T Ruma,0,0,"",""
ball,1,21.2,Pakistan,Javeria Khan,Ayesha Zafar,T Ruma,0,1,"",""
ball,1,21.3,Pakistan,Javeria Khan,Ayesha Zafar,T Ruma,4,0,"",""
ball,1,21.4,Pakistan,Javeria Khan,Ayesha Zafar,T Ruma,0,0,"",""
ball,1,21.5,Pakistan,Javeria Khan,Ayesha Zafar,T Ruma,0,0,"",""
ball,1,21.6,Pakistan,Javeria Khan,Ayesha Zafar,T Ruma,1,0,"",""
ball,1,21.7,Pakistan,Ayesha Zafar,Javeria Khan,T Ruma,0,0,"",""
ball,1,22.1,Pakistan,Javeria Khan,Ayesha Zafar,N Ovasuru,1,0,"",""
ball,1,22.2,Pakistan,Ayesha Zafar,Javeria Khan,N Ovasuru,4,0,"",""
ball,1,22.3,Pakistan,Ayesha Zafar,Javeria Khan,N Ovasuru,0,0,"",""
ball,1,22.4,Pakistan,Ayesha Zafar,Javeria Khan,N Ovasuru,1,0,"",""
ball,1,22.5,Pakistan,Javeria Khan,Ayesha Zafar,N Ovasuru,1,0,"",""
ball,1,22.6,Pakistan,Ayesha Zafar,Javeria Khan,N Ovasuru,4,0,"",""
ball,1,23.1,Pakistan,Javeria Khan,Ayesha Zafar,T Ruma,0,0,"",""
ball,1,23.2,Pakistan,Javeria Khan,Ayesha Zafar,T Ruma,0,0,"",""
ball,1,23.3,Pakistan,Javeria Khan,Ayesha Zafar,T Ruma,0,0,"",""
ball,1,23.4,Pakistan,Javeria Khan,Ayesha Zafar,T Ruma,0,0,"",""
ball,1,23.5,Pakistan,Javeria Khan,Ayesha Zafar,T Ruma,0,0,"",""
ball,1,23.6,Pakistan,Javeria Khan,Ayesha Zafar,T Ruma,0,0,"",""
ball,1,24.1,Pakistan,Ayesha Zafar,Javeria Khan,N Ovasuru,0,0,"",""
ball,1,24.2,Pakistan,Ayesha Zafar,Javeria Khan,N Ovasuru,1,0,"",""
ball,1,24.3,Pakistan,Javeria Khan,Ayesha Zafar,N Ovasuru,1,0,"",""
ball,1,24.4,Pakistan,Ayesha Zafar,Javeria Khan,N Ovasuru,2,0,"",""
ball,1,24.5,Pakistan,Ayesha Zafar,Javeria Khan,N Ovasuru,0,0,"",""
ball,1,24.6,Pakistan,Ayesha Zafar,Javeria Khan,N Ovasuru,0,0,"",""
ball,1,25.1,Pakistan,Javeria Khan,Ayesha Zafar,T Ruma,0,0,"",""
ball,1,25.2,Pakistan,Javeria Khan,Ayesha Zafar,T Ruma,1,0,"",""
ball,1,25.3,Pakistan,Ayesha Zafar,Javeria Khan,T Ruma,0,0,"",""
ball,1,25.4,Pakistan,Ayesha Zafar,Javeria Khan,T Ruma,4,0,"",""
ball,1,25.5,Pakistan,Ayesha Zafar,Javeria Khan,T Ruma,0,0,"",""
ball,1,25.6,Pakistan,Ayesha Zafar,Javeria Khan,T Ruma,4,0,"",""
ball,1,26.1,Pakistan,Javeria Khan,Ayesha Zafar,N Ovasuru,1,0,"",""
ball,1,26.2,Pakistan,Ayesha Zafar,Javeria Khan,N Ovasuru,1,0,"",""
ball,1,26.3,Pakistan,Javeria Khan,Ayesha Zafar,N Ovasuru,0,0,"",""
ball,1,26.4,Pakistan,Javeria Khan,Ayesha Zafar,N Ovasuru,4,0,"",""
ball,1,26.5,Pakistan,Javeria Khan,Ayesha Zafar,N Ovasuru,0,0,"",""
ball,1,26.6,Pakistan,Javeria Khan,Ayesha Zafar,N Ovasuru,1,0,"",""
ball,1,27.1,Pakistan,Javeria Khan,Ayesha Zafar,K Arua,0,0,"",""
ball,1,27.2,Pakistan,Javeria Khan,Ayesha Zafar,K Arua,0,0,"",""
ball,1,27.3,Pakistan,Javeria Khan,Ayesha Zafar,K Arua,2,0,"",""
ball,1,27.4,Pakistan,Javeria Khan,Ayesha Zafar,K Arua,0,0,"",""
ball,1,27.5,Pakistan,Javeria Khan,Ayesha Zafar,K Arua,0,0,"",""
ball,1,27.6,Pakistan,Javeria Khan,Ayesha Zafar,K Arua,0,0,"",""
ball,1,28.1,Pakistan,Ayesha Zafar,Javeria Khan,N Ovasuru,1,0,"",""
ball,1,28.2,Pakistan,Javeria Khan,Ayesha Zafar,N Ovasuru,0,0,"",""
ball,1,28.3,Pakistan,Javeria Khan,Ayesha Zafar,N Ovasuru,0,0,"",""
ball,1,28.4,Pakistan,Javeria Khan,Ayesha Zafar,N Ovasuru,2,0,"",""
ball,1,28.5,Pakistan,Javeria Khan,Ayesha Zafar,N Ovasuru,0,0,"",""
ball,1,28.6,Pakistan,Javeria Khan,Ayesha Zafar,N Ovasuru,1,0,"",""
ball,1,29.1,Pakistan,Javeria Khan,Ayesha Zafar,K Arua,0,0,"",""
ball,1,29.2,Pakistan,Javeria Khan,Ayesha Zafar,K Arua,0,0,"",""
ball,1,29.3,Pakistan,Javeria Khan,Ayesha Zafar,K Arua,2,0,"",""
ball,1,29.4,Pakistan,Javeria Khan,Ayesha Zafar,K Arua,1,0,"",""
ball,1,29.5,Pakistan,Ayesha Zafar,Javeria Khan,K Arua,1,0,"",""
ball,1,29.6,Pakistan,Javeria Khan,Ayesha Zafar,K Arua,1,0,"",""
ball,1,30.1,Pakistan,Javeria Khan,Ayesha Zafar,P Siaka,0,0,"",""
ball,1,30.2,Pakistan,Javeria Khan,Ayesha Zafar,P Siaka,0,0,"",""
ball,1,30.3,Pakistan,Javeria Khan,Ayesha Zafar,P Siaka,0,0,"",""
ball,1,30.4,Pakistan,Javeria Khan,Ayesha Zafar,P Siaka,0,0,"",""
ball,1,30.5,Pakistan,Javeria Khan,Ayesha Zafar,P Siaka,0,0,"",""
ball,1,30.6,Pakistan,Javeria Khan,Ayesha Zafar,P Siaka,1,0,"",""
ball,1,31.1,Pakistan,Javeria Khan,Ayesha Zafar,K Arua,0,0,"",""
ball,1,31.2,Pakistan,Javeria Khan,Ayesha Zafar,K Arua,1,0,"",""
ball,1,31.3,Pakistan,Ayesha Zafar,Javeria Khan,K Arua,4,0,"",""
ball,1,31.4,Pakistan,Ayesha Zafar,Javeria Khan,K Arua,4,0,"",""
ball,1,31.5,Pakistan,Ayesha Zafar,Javeria Khan,K Arua,1,0,"",""
ball,1,31.6,Pakistan,Javeria Khan,Ayesha Zafar,K Arua,0,0,"",""
ball,1,32.1,Pakistan,Ayesha Zafar,Javeria Khan,P Siaka,0,0,"",""
ball,1,32.2,Pakistan,Ayesha Zafar,Javeria Khan,P Siaka,0,0,"",""
ball,1,32.3,Pakistan,Ayesha Zafar,Javeria Khan,P Siaka,0,0,"",""
ball,1,32.4,Pakistan,Ayesha Zafar,Javeria Khan,P Siaka,0,0,"",""
ball,1,32.5,Pakistan,Ayesha Zafar,Javeria Khan,P Siaka,4,0,"",""
ball,1,32.6,Pakistan,Ayesha Zafar,Javeria Khan,P Siaka,0,1,"",""
ball,1,32.7,Pakistan,Ayesha Zafar,Javeria Khan,P Siaka,0,0,"",""
ball,1,33.1,Pakistan,Javeria Khan,Ayesha Zafar,K Arua,1,0,"",""
ball,1,33.2,Pakistan,Ayesha Zafar,Javeria Khan,K Arua,0,0,"",""
ball,1,33.3,Pakistan,Ayesha Zafar,Javeria Khan,K Arua,2,0,"",""
ball,1,33.4,Pakistan,Ayesha Zafar,Javeria Khan,K Arua,0,1,"",""
ball,1,33.5,Pakistan,Ayesha Zafar,Javeria Khan,K Arua,1,0,"",""
ball,1,33.6,Pakistan,Javeria Khan,Ayesha Zafar,K Arua,0,1,"",""
ball,1,33.7,Pakistan,Javeria Khan,Ayesha Zafar,K Arua,1,0,"",""
ball,1,33.8,Pakistan,Ayesha Zafar,Javeria Khan,K Arua,0,0,"",""
ball,1,34.1,Pakistan,Javeria Khan,Ayesha Zafar,P Siaka,0,0,"",""
ball,1,34.2,Pakistan,Javeria Khan,Ayesha Zafar,P Siaka,1,0,"",""
ball,1,34.3,Pakistan,Ayesha Zafar,Javeria Khan,P Siaka,0,0,"",""
ball,1,34.4,Pakistan,Ayesha Zafar,Javeria Khan,P Siaka,1,0,"",""
ball,1,34.5,Pakistan,Javeria Khan,Ayesha Zafar,P Siaka,1,0,"",""
ball,1,34.6,Pakistan,Ayesha Zafar,Javeria Khan,P Siaka,0,0,"",""
ball,1,35.1,Pakistan,Javeria Khan,Ayesha Zafar,K Arua,0,0,"",""
ball,1,35.2,Pakistan,Javeria Khan,Ayesha Zafar,K Arua,2,0,"",""
ball,1,35.3,Pakistan,Javeria Khan,Ayesha Zafar,K Arua,0,0,"",""
ball,1,35.4,Pakistan,Javeria Khan,Ayesha Zafar,K Arua,4,0,"",""
ball,1,35.5,Pakistan,Javeria Khan,Ayesha Zafar,K Arua,4,0,"",""
ball,1,35.6,Pakistan,Javeria Khan,Ayesha Zafar,K Arua,0,0,"",""
ball,1,36.1,Pakistan,Ayesha Zafar,Javeria Khan,P Siaka,1,0,"",""
ball,1,36.2,Pakistan,Javeria Khan,Ayesha Zafar,P Siaka,0,0,"",""
ball,1,36.3,Pakistan,Javeria Khan,Ayesha Zafar,P Siaka,0,0,"",""
ball,1,36.4,Pakistan,Javeria Khan,Ayesha Zafar,P Siaka,2,0,"",""
ball,1,36.5,Pakistan,Javeria Khan,Ayesha Zafar,P Siaka,4,0,"",""
ball,1,36.6,Pakistan,Javeria Khan,Ayesha Zafar,P Siaka,0,0,"",""
ball,1,37.1,Pakistan,Ayesha Zafar,Javeria Khan,T Ruma,4,0,"",""
ball,1,37.2,Pakistan,Ayesha Zafar,Javeria Khan,T Ruma,0,1,"",""
ball,1,37.3,Pakistan,Ayesha Zafar,Javeria Khan,T Ruma,0,0,"",""
ball,1,37.4,Pakistan,Ayesha Zafar,Javeria Khan,T Ruma,4,0,"",""
ball,1,37.5,Pakistan,Ayesha Zafar,Javeria Khan,T Ruma,4,0,"",""
ball,1,37.6,Pakistan,Ayesha Zafar,Javeria Khan,T Ruma,4,0,"",""
ball,1,37.7,Pakistan,Ayesha Zafar,Javeria Khan,T Ruma,4,0,retired out,Ayesha Zafar
ball,1,38.1,Pakistan,Javeria Khan,Rabiya Shah,P Siaka,0,0,"",""
ball,1,38.2,Pakistan,Javeria Khan,Rabiya Shah,P Siaka,1,0,"",""
ball,1,38.3,Pakistan,Rabiya Shah,Javeria Khan,P Siaka,0,1,"",""
ball,1,38.4,Pakistan,Rabiya Shah,Javeria Khan,P Siaka,0,2,"",""
ball,1,38.5,Pakistan,Rabiya Shah,Javeria Khan,P Siaka,0,0,"",""
ball,1,38.6,Pakistan,Rabiya Shah,Javeria Khan,P Siaka,0,0,"",""
ball,1,38.7,Pakistan,Rabiya Shah,Javeria Khan,P Siaka,0,0,"",""
ball,1,39.1,Pakistan,Javeria Khan,Rabiya Shah,R Oa,0,0,"",""
ball,1,39.2,Pakistan,Javeria Khan,Rabiya Shah,R Oa,0,1,"",""
ball,1,39.3,Pakistan,Javeria Khan,Rabiya Shah,R Oa,0,0,"",""
ball,1,39.4,Pakistan,Javeria Khan,Rabiya Shah,R Oa,0,0,"",""
ball,1,39.5,Pakistan,Javeria Khan,Rabiya Shah,R Oa,2,0,"",""
ball,1,39.6,Pakistan,Javeria Khan,Rabiya Shah,R Oa,4,0,"",""
ball,1,39.7,Pakistan,Javeria Khan,Rabiya Shah,R Oa,0,0,"",""
ball,1,40.1,Pakistan,Rabiya Shah,Javeria Khan,P Siaka,0,0,"",""
ball,1,40.2,Pakistan,Rabiya Shah,Javeria Khan,P Siaka,1,0,"",""
ball,1,40.3,Pakistan,Javeria Khan,Rabiya Shah,P Siaka,1,0,"",""
ball,1,40.4,Pakistan,Rabiya Shah,Javeria Khan,P Siaka,0,0,"",""
ball,1,40.5,Pakistan,Rabiya Shah,Javeria Khan,P Siaka,1,0,"",""
ball,1,40.6,Pakistan,Javeria Khan,Rabiya Shah,P Siaka,0,0,"",""
ball,1,41.1,Pakistan,Rabiya Shah,Javeria Khan,R Oa,1,0,"",""
ball,1,41.2,Pakistan,Javeria Khan,Rabiya Shah,R Oa,0,0,"",""
ball,1,41.3,Pakistan,Javeria Khan,Rabiya Shah,R Oa,0,0,"",""
ball,1,41.4,Pakistan,Javeria Khan,Rabiya Shah,R Oa,1,0,"",""
ball,1,41.5,Pakistan,Rabiya Shah,Javeria Khan,R Oa,0,0,"",""
ball,1,41.6,Pakistan,Rabiya Shah,Javeria Khan,R Oa,0,1,"",""
ball,1,41.7,Pakistan,Rabiya Shah,Javeria Khan,R Oa,0,0,"",""
ball,1,42.1,Pakistan,Javeria Khan,Rabiya Shah,P Siaka,1,0,"",""
ball,1,42.2,Pakistan,Rabiya Shah,Javeria Khan,P Siaka,0,0,"",""
ball,1,42.3,Pakistan,Rabiya Shah,Javeria Khan,P Siaka,0,0,"",""
ball,1,42.4,Pakistan,Rabiya Shah,Javeria Khan,P Siaka,2,0,"",""
ball,1,42.5,Pakistan,Rabiya Shah,Javeria Khan,P Siaka,0,0,"",""
ball,1,42.6,Pakistan,Rabiya Shah,Javeria Khan,P Siaka,0,0,"",""
ball,1,43.1,Pakistan,Javeria Khan,Rabiya Shah,R Oa,0,0,"",""
ball,1,43.2,Pakistan,Javeria Khan,Rabiya Shah,R Oa,0,0,bowled,Javeria Khan
ball,1,43.3,Pakistan,Muneeba Ali,Rabiya Shah,R Oa,0,0,"",""
ball,1,43.4,Pakistan,Muneeba Ali,Rabiya Shah,R Oa,1,0,"",""
ball,1,43.5,Pakistan,Rabiya Shah,Muneeba Ali,R Oa,0,0,"",""
ball,1,43.6,Pakistan,Rabiya Shah,Muneeba Ali,R Oa,4,0,"",""
ball,1,44.1,Pakistan,Muneeba Ali,Rabiya Shah,P Siaka,0,0,run out,Rabiya Shah
ball,1,44.2,Pakistan,Aliya Riaz,Muneeba Ali,P Siaka,0,0,"",""
ball,1,44.3,Pakistan,Aliya Riaz,Muneeba Ali,P Siaka,0,0,"",""
ball,1,44.4,Pakistan,Aliya Riaz,Muneeba Ali,P Siaka,0,0,"",""
ball,1,44.5,Pakistan,Aliya Riaz,Muneeba Ali,P Siaka,0,0,"",""
ball,1,44.6,Pakistan,Aliya Riaz,Muneeba Ali,P Siaka,0,0,"",""
ball,1,45.1,Pakistan,Muneeba Ali,Aliya Riaz,R Oa,1,0,"",""
ball,1,45.2,Pakistan,Aliya Riaz,Muneeba Ali,R Oa,1,0,"",""
ball,1,45.3,Pakistan,Muneeba Ali,Aliya Riaz,R Oa,4,0,"",""
ball,1,45.4,Pakistan,Muneeba Ali,Aliya Riaz,R Oa,0,0,"",""
ball,1,45.5,Pakistan,Muneeba Ali,Aliya Riaz,R Oa,1,0,"",""
ball,1,45.6,Pakistan,Aliya Riaz,Muneeba Ali,R Oa,4,0,"",""
ball,1,46.1,Pakistan,Muneeba Ali,Aliya Riaz,P Siaka,1,0,"",""
ball,1,46.2,Pakistan,Aliya Riaz,Muneeba Ali,P Siaka,1,0,"",""
ball,1,46.3,Pakistan,Muneeba Ali,Aliya Riaz,P Siaka,1,0,"",""
ball,1,46.4,Pakistan,Aliya Riaz,Muneeba Ali,P Siaka,1,0,"",""
ball,1,46.5,Pakistan,Muneeba Ali,Aliya Riaz,P Siaka,1,0,"",""
ball,1,46.6,Pakistan,Aliya Riaz,Muneeba Ali,P Siaka,0,1,"",""
ball,1,46.7,Pakistan,Aliya Riaz,Muneeba Ali,P Siaka,0,0,"",""
ball,1,47.1,Pakistan,Muneeba Ali,Aliya Riaz,R Oa,4,0,"",""
ball,1,47.2,Pakistan,Muneeba Ali,Aliya Riaz,R Oa,1,0,"",""
ball,1,47.3,Pakistan,Aliya Riaz,Muneeba Ali,R Oa,1,0,"",""
ball,1,47.4,Pakistan,Muneeba Ali,Aliya Riaz,R Oa,0,0,"",""
ball,1,47.5,Pakistan,Muneeba Ali,Aliya Riaz,R Oa,2,0,"",""
ball,1,47.6,Pakistan,Muneeba Ali,Aliya Riaz,R Oa,0,0,"",""
ball,1,48.1,Pakistan,Aliya Riaz,Muneeba Ali,P Siaka,0,0,caught,Aliya Riaz
ball,1,48.2,Pakistan,Aiman Anwer,Muneeba Ali,P Siaka,1,0,"",""
ball,1,48.3,Pakistan,Muneeba Ali,Aiman Anwer,P Siaka,1,0,"",""
ball,1,48.4,Pakistan,Aiman Anwer,Muneeba Ali,P Siaka,0,0,bowled,Aiman Anwer
ball,1,48.5,Pakistan,Nain Abidi,Muneeba Ali,P Siaka,1,0,"",""
ball,1,48.6,Pakistan,Muneeba Ali,Nain Abidi,P Siaka,1,0,"",""
ball,1,49.1,Pakistan,Muneeba Ali,Nain Abidi,M Tom,0,1,"",""
ball,1,49.2,Pakistan,Muneeba Ali,Nain Abidi,M Tom,2,0,"",""
ball,1,49.3,Pakistan,Muneeba Ali,Nain Abidi,M Tom,4,0,"",""
ball,1,49.4,Pakistan,Muneeba Ali,Nain Abidi,M Tom,0,0,"",""
ball,1,49.5,Pakistan,Muneeba Ali,Nain Abidi,M Tom,0,0,"",""
ball,1,49.6,Pakistan,Muneeba Ali,Nain Abidi,M Tom,0,1,"",""
ball,1,49.7,Pakistan,Nain Abidi,Muneeba Ali,M Tom,0,1,"",""
ball,1,49.8,Pakistan,Nain Abidi,Muneeba Ali,M Tom,1,0,"",""
ball,2,0.1,Papua New Guinea,N Ovasuru,B Tau,Maham Tariq,0,0,"",""
ball,2,0.2,Papua New Guinea,N Ovasuru,B Tau,Maham Tariq,0,0,"",""
ball,2,0.3,Papua New Guinea,N Ovasuru,B Tau,Maham Tariq,1,0,"",""
ball,2,0.4,Papua New Guinea,B Tau,N Ovasuru,Maham Tariq,0,0,"",""
ball,2,0.5,Papua New Guinea,B Tau,N Ovasuru,Maham Tariq,0,0,"",""
ball,2,0.6,Papua New Guinea,B Tau,N Ovasuru,Maham Tariq,0,0,"",""
ball,2,1.1,Papua New Guinea,N Ovasuru,B Tau,Aiman Anwer,0,0,"",""
ball,2,1.2,Papua New Guinea,N Ovasuru,B Tau,Aiman Anwer,0,0,"",""
ball,2,1.3,Papua New Guinea,N Ovasuru,B Tau,Aiman Anwer,1,0,"",""
ball,2,1.4,Papua New Guinea,B Tau,N Ovasuru,Aiman Anwer,0,0,"",""
ball,2,1.5,Papua New Guinea,B Tau,N Ovasuru,Aiman Anwer,0,0,"",""
ball,2,1.6,Papua New Guinea,B Tau,N Ovasuru,Aiman Anwer,0,0,"",""
ball,2,2.1,Papua New Guinea,N Ovasuru,B Tau,Maham Tariq,2,0,"",""
ball,2,2.2,Papua New Guinea,N Ovasuru,B Tau,Maham Tariq,0,0,"",""
ball,2,2.3,Papua New Guinea,N Ovasuru,B Tau,Maham Tariq,0,0,"",""
ball,2,2.4,Papua New Guinea,N Ovasuru,B Tau,Maham Tariq,0,0,"",""
ball,2,2.5,Papua New Guinea,N Ovasuru,B Tau,Maham Tariq,0,0,"",""
ball,2,2.6,Papua New Guinea,N Ovasuru,B Tau,Maham Tariq,0,0,"",""
ball,2,3.1,Papua New Guinea,B Tau,N Ovasuru,Aiman Anwer,0,0,"",""
ball,2,3.2,Papua New Guinea,B Tau,N Ovasuru,Aiman Anwer,1,0,"",""
ball,2,3.3,Papua New Guinea,N Ovasuru,B Tau,Aiman Anwer,0,0,"",""
ball,2,3.4,Papua New Guinea,N Ovasuru,B Tau,Aiman Anwer,1,0,"",""
ball,2,3.5,Papua New Guinea,B Tau,N Ovasuru,Aiman Anwer,0,0,"",""
ball,2,3.6,Papua New Guinea,B Tau,N Ovasuru,Aiman Anwer,0,0,"",""
ball,2,4.1,Papua New Guinea,N Ovasuru,B Tau,Maham Tariq,0,0,"",""
ball,2,4.2,Papua New Guinea,N Ovasuru,B Tau,Maham Tariq,0,0,"",""
ball,2,4.3,Papua New Guinea,N Ovasuru,B Tau,Maham Tariq,0,0,"",""
ball,2,4.4,Papua New Guinea,N Ovasuru,B Tau,Maham Tariq,0,0,"",""
ball,2,4.5,Papua New Guinea,N Ovasuru,B Tau,Maham Tariq,0,0,"",""
ball,2,4.6,Papua New Guinea,N Ovasuru,B Tau,Maham Tariq,0,0,caught,N Ovasuru
ball,2,5.1,Papua New Guinea,B Tau,T Ruma,Aiman Anwer,0,0,"",""
ball,2,5.2,Papua New Guinea,B Tau,T Ruma,Aiman Anwer,0,0,"",""
ball,2,5.3,Papua New Guinea,B Tau,T Ruma,Aiman Anwer,0,0,"",""
ball,2,5.4,Papua New Guinea,B Tau,T Ruma,Aiman Anwer,0,0,"",""
ball,2,5.5,Papua New Guinea,B Tau,T Ruma,Aiman Anwer,2,0,"",""
ball,2,5.6,Papua New Guinea,B Tau,T Ruma,Aiman Anwer,0,0,"",""
ball,2,6.1,Papua New Guinea,T Ruma,B Tau,Maham Tariq,0,0,"",""
ball,2,6.2,Papua New Guinea,T Ruma,B Tau,Maham Tariq,0,0,"",""
ball,2,6.3,Papua New Guinea,T Ruma,B Tau,Maham Tariq,0,0,"",""
ball,2,6.4,Papua New Guinea,T Ruma,B Tau,Maham Tariq,0,0,"",""
ball,2,6.5,Papua New Guinea,T Ruma,B Tau,Maham Tariq,0,0,"",""
ball,2,6.6,Papua New Guinea,T Ruma,B Tau,Maham Tariq,0,0,"",""
ball,2,7.1,Papua New Guinea,B Tau,T Ruma,Aiman Anwer,0,0,"",""
ball,2,7.2,Papua New Guinea,B Tau,T Ruma,Aiman Anwer,0,0,"",""
ball,2,7.3,Papua New Guinea,B Tau,T Ruma,Aiman Anwer,0,0,"",""
ball,2,7.4,Papua New Guinea,B Tau,T Ruma,Aiman Anwer,4,0,"",""
ball,2,7.5,Papua New Guinea,B Tau,T Ruma,Aiman Anwer,0,0,"",""
ball,2,7.6,Papua New Guinea,B Tau,T Ruma,Aiman Anwer,0,0,"",""
ball,2,8.1,Papua New Guinea,T Ruma,B Tau,Maham Tariq,0,0,caught,T Ruma
ball,2,8.2,Papua New Guinea,P Siaka,B Tau,Maham Tariq,0,0,"",""
ball,2,8.3,Papua New Guinea,P Siaka,B Tau,Maham Tariq,0,0,"",""
ball,2,8.4,Papua New Guinea,P Siaka,B Tau,Maham Tariq,0,0,"",""
ball,2,8.5,Papua New Guinea,P Siaka,B Tau,Maham Tariq,1,0,"",""
ball,2,8.6,Papua New Guinea,B Tau,P Siaka,Maham Tariq,0,0,"",""
ball,2,9.1,Papua New Guinea,P Siaka,B Tau,Aiman Anwer,0,0,"",""
ball,2,9.2,Papua New Guinea,P Siaka,B Tau,Aiman Anwer,4,0,"",""
ball,2,9.3,Papua New Guinea,P Siaka,B Tau,Aiman Anwer,0,0,"",""
ball,2,9.4,Papua New Guinea,P Siaka,B Tau,Aiman Anwer,0,0,bowled,P Siaka
ball,2,9.5,Papua New Guinea,K Oala,B Tau,Aiman Anwer,0,0,"",""
ball,2,9.6,Papua New Guinea,K Oala,B Tau,Aiman Anwer,0,0,"",""
ball,2,10.1,Papua New Guinea,B Tau,K Oala,Maham Tariq,0,0,"",""
ball,2,10.2,Papua New Guinea,B Tau,K Oala,Maham Tariq,0,1,"",""
ball,2,10.3,Papua New Guinea,B Tau,K Oala,Maham Tariq,0,0,"",""
ball,2,10.4,Papua New Guinea,B Tau,K Oala,Maham Tariq,0,0,"",""
ball,2,10.5,Papua New Guinea,B Tau,K Oala,Maham Tariq,0,0,"",""
ball,2,10.6,Papua New Guinea,B Tau,K Oala,Maham Tariq,0,0,"",""
ball,2,10.7,Papua New Guinea,B Tau,K Oala,Maham Tariq,0,0,"",""
ball,2,11.1,Papua New Guinea,K Oala,B Tau,Aiman Anwer,0,0,"",""
ball,2,11.2,Papua New Guinea,K Oala,B Tau,Aiman Anwer,0,0,"",""
ball,2,11.3,Papua New Guinea,K Oala,B Tau,Aiman Anwer,0,0,"",""
ball,2,11.4,Papua New Guinea,K Oala,B Tau,Aiman Anwer,0,0,"",""
ball,2,11.5,Papua New Guinea,K Oala,B Tau,Aiman Anwer,0,0,"",""
ball,2,11.6,Papua New Guinea,K Oala,B Tau,Aiman Anwer,2,0,"",""
ball,2,12.1,Papua New Guinea,B Tau,K Oala,Aliya Riaz,1,1,"",""
ball,2,12.2,Papua New Guinea,K Oala,B Tau,Aliya Riaz,2,0,"",""
ball,2,12.3,Papua New Guinea,K Oala,B Tau,Aliya Riaz,0,0,"",""
ball,2,12.4,Papua New Guinea,K Oala,B Tau,Aliya Riaz,0,0,"",""
ball,2,12.5,Papua New Guinea,K Oala,B Tau,Aliya Riaz,0,0,"",""
ball,2,12.6,Papua New Guinea,K Oala,B Tau,Aliya Riaz,0,0,"",""
ball,2,12.7,Papua New Guinea,K Oala,B Tau,Aliya Riaz,0,0,"",""
ball,2,13.1,Papua New Guinea,B Tau,K Oala,Nashra Sandhu,0,0,caught,B Tau
ball,2,13.2,Papua New Guinea,V Frank,K Oala,Nashra Sandhu,0,0,"",""
ball,2,13.3,Papua New Guinea,V Frank,K Oala,Nashra Sandhu,0,0,"",""
ball,2,13.4,Papua New Guinea,V Frank,K Oala,Nashra Sandhu,0,0,"",""
ball,2,13.5,Papua New Guinea,V Frank,K Oala,Nashra Sandhu,0,0,"",""
ball,2,13.6,Papua New Guinea,V Frank,K Oala,Nashra Sandhu,0,0,"",""
ball,2,14.1,Papua New Guinea,K Oala,V Frank,Aliya Riaz,0,0,"",""
ball,2,14.2,Papua New Guinea,K Oala,V Frank,Aliya Riaz,0,0,"",""
ball,2,14.3,Papua New Guinea,K Oala,V Frank,Aliya Riaz,0,0,"",""
ball,2,14.4,Papua New Guinea,K Oala,V Frank,Aliya Riaz,0,0,"",""
ball,2,14.5,Papua New Guinea,K Oala,V Frank,Aliya Riaz,0,0,"",""
ball,2,14.6,Papua New Guinea,K Oala,V Frank,Aliya Riaz,0,0,"",""
ball,2,15.1,Papua New Guinea,V Frank,K Oala,Nashra Sandhu,0,0,"",""
ball,2,15.2,Papua New Guinea,V Frank,K Oala,Nashra Sandhu,0,0,"",""
ball,2,15.3,Papua New Guinea,V Frank,K Oala,Nashra Sandhu,1,0,"",""
ball,2,15.4,Papua New Guinea,K Oala,V Frank,Nashra Sandhu,0,0,"",""
ball,2,15.5,Papua New Guinea,K Oala,V Frank,Nashra Sandhu,0,0,"",""
ball,2,15.6,Papua New Guinea,K Oala,V Frank,Nashra Sandhu,6,0,"",""
ball,2,16.1,Papua New Guinea,V Frank,K Oala,Aliya Riaz,0,0,"",""
ball,2,16.2,Papua New Guinea,V Frank,K Oala,Aliya Riaz,0,0,"",""
ball,2,16.3,Papua New Guinea,V Frank,K Oala,Aliya Riaz,0,0,"",""
ball,2,16.4,Papua New Guinea,V Frank,K Oala,Aliya Riaz,0,0,"",""
ball,2,16.5,Papua New Guinea,V Frank,K Oala,Aliya Riaz,0,0,"",""
ball,2,16.6,Papua New Guinea,V Frank,K Oala,Aliya Riaz,0,0,"",""
ball,2,17.1,Papua New Guinea,K Oala,V Frank,Nashra Sandhu,0,0,"",""
ball,2,17.2,Papua New Guinea,K Oala,V Frank,Nashra Sandhu,1,0,"",""
ball,2,17.3,Papua New Guinea,V Frank,K Oala,Nashra Sandhu,0,0,"",""
ball,2,17.4,Papua New Guinea,V Frank,K Oala,Nashra Sandhu,1,0,"",""
ball,2,17.5,Papua New Guinea,K Oala,V Frank,Nashra Sandhu,0,0,"",""
ball,2,17.6,Papua New Guinea,K Oala,V Frank,Nashra Sandhu,0,0,"",""
ball,2,18.1,Papua New Guinea,V Frank,K Oala,Aliya Riaz,1,0,"",""
ball,2,18.2,Papua New Guinea,K Oala,V Frank,Aliya Riaz,0,0,"",""
ball,2,18.3,Papua New Guinea,K Oala,V Frank,Aliya Riaz,1,0,"",""
ball,2,18.4,Papua New Guinea,V Frank,K Oala,Aliya Riaz,0,0,"",""
ball,2,18.5,Papua New Guinea,V Frank,K Oala,Aliya Riaz,0,0,"",""
ball,2,18.6,Papua New Guinea,V Frank,K Oala,Aliya Riaz,0,0,"",""
ball,2,19.1,Papua New Guinea,K Oala,V Frank,Nashra Sandhu,0,0,"",""
ball,2,19.2,Papua New Guinea,K Oala,V Frank,Nashra Sandhu,0,0,"",""
ball,2,19.3,Papua New Guinea,K Oala,V Frank,Nashra Sandhu,0,0,"",""
ball,2,19.4,Papua New Guinea,K Oala,V Frank,Nashra Sandhu,0,0,"",""
ball,2,19.5,Papua New Guinea,K Oala,V Frank,Nashra Sandhu,0,0,"",""
ball,2,19.6,Papua New Guinea,K Oala,V Frank,Nashra Sandhu,1,0,"",""
ball,2,20.1,Papua New Guinea,K Oala,V Frank,Aliya Riaz,0,0,"",""
ball,2,20.2,Papua New Guinea,K Oala,V Frank,Aliya Riaz,0,0,"",""
ball,2,20.3,Papua New Guinea,K Oala,V Frank,Aliya Riaz,0,0,"",""
ball,2,20.4,Papua New Guinea,K Oala,V Frank,Aliya Riaz,0,0,"",""
ball,2,20.5,Papua New Guinea,K Oala,V Frank,Aliya Riaz,0,0,"",""
ball,2,20.6,Papua New Guinea,K Oala,V Frank,Aliya Riaz,0,0,"",""
ball,2,21.1,Papua New Guinea,V Frank,K Oala,Nashra Sandhu,0,0,"",""
ball,2,21.2,Papua New Guinea,V Frank,K Oala,Nashra Sandhu,0,0,stumped,V Frank
ball,2,21.3,Papua New Guinea,S Jimmy,K Oala,Nashra Sandhu,0,0,"",""
ball,2,21.4,Papua New Guinea,S Jimmy,K Oala,Nashra Sandhu,0,0,"",""
ball,2,21.5,Papua New Guinea,S Jimmy,K Oala,Nashra Sandhu,0,0,"",""
ball,2,21.6,Papua New Guinea,S Jimmy,K Oala,Nashra Sandhu,0,0,bowled,S Jimmy
ball,2,22.1,Papua New Guinea,K Oala,V Araa,Ghulam Fatima,0,0,"",""
ball,2,22.2,Papua New Guinea,K Oala,V Araa,Ghulam Fatima,0,1,"",""
ball,2,22.3,Papua New Guinea,K Oala,V Araa,Ghulam Fatima,0,0,"",""
ball,2,22.4,Papua New Guinea,K Oala,V Araa,Ghulam Fatima,0,0,"",""
ball,2,22.5,Papua New Guinea,K Oala,V Araa,Ghulam Fatima,0,1,"",""
ball,2,22.6,Papua New Guinea,K Oala,V Araa,Ghulam Fatima,0,0,"",""
ball,2,22.7,Papua New Guinea,K Oala,V Araa,Ghulam Fatima,0,0,"",""
ball,2,22.8,Papua New Guinea,K Oala,V Araa,Ghulam Fatima,1,0,"",""
ball,2,23.1,Papua New Guinea,K Oala,V Araa,Nashra Sandhu,0,0,"",""
ball,2,23.2,Papua New Guinea,K Oala,V Araa,Nashra Sandhu,0,0,"",""
ball,2,23.3,Papua New Guinea,K Oala,V Araa,Nashra Sandhu,0,0,caught,K Oala
ball,2,23.4,Papua New Guinea,V Araa,K Arua,Nashra Sandhu,0,0,caught,V Araa
ball,2,23.5,Papua New Guinea,R Oa,K Arua,Nashra Sandhu,1,0,"",""
ball,2,23.6,Papua New Guinea,K Arua,R Oa,Nashra Sandhu,0,0,"",""
ball,2,24.1,Papua New Guinea,R Oa,K Arua,Ghulam Fatima,0,0,"",""
ball,2,24.2,Papua New Guinea,R Oa,K Arua,Ghulam Fatima,0,0,caught,R Oa
ball,2,24.3,Papua New Guinea,M Tom,K Arua,Ghulam Fatima,0,0,"",""
ball,2,24.4,Papua New Guinea,M Tom,K Arua,Ghulam Fatima,0,0,"",""
ball,2,24.5,Papua New Guinea,M Tom,K Arua,Ghulam Fatima,0,0,caught,M Tom
