version,1.3.0
info,team,Pakistan
info,team,South Africa
info,gender,female
info,season,2016/17
info,date,2017/02/07
info,competition,ICC Women's World Cup Qualifier
info,match_number,3
info,venue,Nondescripts Cricket Club Ground
info,city,Colombo
info,neutralvenue,true
info,toss_winner,South Africa
info,toss_decision,bat
info,player_of_match,CL Tryon
info,umpire,K Cross
info,umpire,RR Wimalasiri
info,reserve_umpire,ID Gunawardene
info,winner,South Africa
info,winner_runs,63
ball,1,0.1,South Africa,L Lee,L Wolvaardt,Aliya Riaz,0,0,"",""
ball,1,0.2,South Africa,L Lee,L Wolvaardt,Aliya Riaz,0,0,"",""
ball,1,0.3,South Africa,L Lee,L Wolvaardt,Aliya Riaz,4,0,"",""
ball,1,0.4,South Africa,L Lee,L Wolvaardt,Aliya Riaz,0,0,"",""
ball,1,0.5,South Africa,L Lee,L Wolvaardt,Aliya Riaz,0,0,"",""
ball,1,0.6,South Africa,L Lee,L Wolvaardt,Aliya Riaz,4,0,"",""
ball,1,1.1,South Africa,L Wolvaardt,L Lee,Maham Tariq,0,1,"",""
ball,1,1.2,South Africa,L Wolvaardt,L Lee,Maham Tariq,0,0,"",""
ball,1,1.3,South Africa,L Wolvaardt,L Lee,Maham Tariq,0,0,"",""
ball,1,1.4,South Africa,L Wolvaardt,L Lee,Maham Tariq,0,0,"",""
ball,1,1.5,South Africa,L Wolvaardt,L Lee,Maham Tariq,2,0,"",""
ball,1,1.6,South Africa,L Wolvaardt,L Lee,Maham Tariq,4,0,"",""
ball,1,1.7,South Africa,L Wolvaardt,L Lee,Maham Tariq,4,0,"",""
ball,1,2.1,South Africa,L Lee,L Wolvaardt,Aliya Riaz,0,0,"",""
ball,1,2.2,South Africa,L Lee,L Wolvaardt,Aliya Riaz,2,0,"",""
ball,1,2.3,South Africa,L Lee,L Wolvaardt,Aliya Riaz,2,0,"",""
ball,1,2.4,South Africa,L Lee,L Wolvaardt,Aliya Riaz,0,0,"",""
ball,1,2.5,South Africa,L Lee,L Wolvaardt,Aliya Riaz,6,0,"",""
ball,1,2.6,South Africa,L Lee,L Wolvaardt,Aliya Riaz,0,0,caught,L Lee
ball,1,3.1,South Africa,M du Preez,L Wolvaardt,Maham Tariq,1,0,"",""
ball,1,3.2,South Africa,L Wolvaardt,M du Preez,Maham Tariq,0,0,"",""
ball,1,3.3,South Africa,L Wolvaardt,M du Preez,Maham Tariq,2,0,"",""
ball,1,3.4,South Africa,L Wolvaardt,M du Preez,Maham Tariq,0,0,"",""
ball,1,3.5,South Africa,L Wolvaardt,M du Preez,Maham Tariq,0,0,"",""
ball,1,3.6,South Africa,L Wolvaardt,M du Preez,Maham Tariq,0,0,"",""
ball,1,4.1,South Africa,M du Preez,L Wolvaardt,Aliya Riaz,0,0,"",""
ball,1,4.2,South Africa,M du Preez,L Wolvaardt,Aliya Riaz,0,0,"",""
ball,1,4.3,South Africa,M du Preez,L Wolvaardt,Aliya Riaz,0,0,"",""
ball,1,4.4,South Africa,M du Preez,L Wolvaardt,Aliya Riaz,0,0,"",""
ball,1,4.5,South Africa,M du Preez,L Wolvaardt,Aliya Riaz,0,0,"",""
ball,1,4.6,South Africa,M du Preez,L Wolvaardt,Aliya Riaz,0,0,"",""
ball,1,5.1,South Africa,L Wolvaardt,M du Preez,Maham Tariq,1,0,"",""
ball,1,5.2,South Africa,M du Preez,L Wolvaardt,Maham Tariq,0,0,"",""
ball,1,5.3,South Africa,M du Preez,L Wolvaardt,Maham Tariq,0,0,"",""
ball,1,5.4,South Africa,M du Preez,L Wolvaardt,Maham Tariq,4,0,"",""
ball,1,5.5,South Africa,M du Preez,L Wolvaardt,Maham Tariq,0,0,"",""
ball,1,5.6,South Africa,M du Preez,L Wolvaardt,Maham Tariq,1,0,"",""
ball,1,6.1,South Africa,M du Preez,L Wolvaardt,Aliya Riaz,4,0,"",""
ball,1,6.2,South Africa,M du Preez,L Wolvaardt,Aliya Riaz,0,0,"",""
ball,1,6.3,South Africa,M du Preez,L Wolvaardt,Aliya Riaz,0,0,"",""
ball,1,6.4,South Africa,M du Preez,L Wolvaardt,Aliya Riaz,0,0,"",""
ball,1,6.5,South Africa,M du Preez,L Wolvaardt,Aliya Riaz,0,0,"",""
ball,1,6.6,South Africa,M du Preez,L Wolvaardt,Aliya Riaz,0,0,"",""
ball,1,7.1,South Africa,L Wolvaardt,M du Preez,Sana Mir,0,0,"",""
ball,1,7.2,South Africa,L Wolvaardt,M du Preez,Sana Mir,0,0,"",""
ball,1,7.3,South Africa,L Wolvaardt,M du Preez,Sana Mir,0,0,"",""
ball,1,7.4,South Africa,L Wolvaardt,M du Preez,Sana Mir,0,1,"",""
ball,1,7.5,South Africa,M du Preez,L Wolvaardt,Sana Mir,0,0,"",""
ball,1,7.6,South Africa,M du Preez,L Wolvaardt,Sana Mir,0,0,"",""
ball,1,8.1,South Africa,L Wolvaardt,M du Preez,Aliya Riaz,4,0,"",""
ball,1,8.2,South Africa,L Wolvaardt,M du Preez,Aliya Riaz,0,0,"",""
ball,1,8.3,South Africa,L Wolvaardt,M du Preez,Aliya Riaz,0,0,"",""
ball,1,8.4,South Africa,L Wolvaardt,M du Preez,Aliya Riaz,0,0,"",""
ball,1,8.5,South Africa,L Wolvaardt,M du Preez,Aliya Riaz,0,0,"",""
ball,1,8.6,South Africa,L Wolvaardt,M du Preez,Aliya Riaz,0,1,"",""
ball,1,8.7,South Africa,L Wolvaardt,M du Preez,Aliya Riaz,0,0,"",""
ball,1,9.1,South Africa,M du Preez,L Wolvaardt,Sana Mir,0,0,"",""
ball,1,9.2,South Africa,M du Preez,L Wolvaardt,Sana Mir,1,0,"",""
ball,1,9.3,South Africa,L Wolvaardt,M du Preez,Sana Mir,0,0,"",""
ball,1,9.4,South Africa,L Wolvaardt,M du Preez,Sana Mir,0,0,"",""
ball,1,9.5,South Africa,L Wolvaardt,M du Preez,Sana Mir,0,0,"",""
ball,1,9.6,South Africa,L Wolvaardt,M du Preez,Sana Mir,0,0,"",""
ball,1,10.1,South Africa,M du Preez,L Wolvaardt,Nashra Sandhu,1,0,"",""
ball,1,10.2,South Africa,L Wolvaardt,M du Preez,Nashra Sandhu,0,0,"",""
ball,1,10.3,South Africa,L Wolvaardt,M du Preez,Nashra Sandhu,0,0,"",""
ball,1,10.4,South Africa,L Wolvaardt,M du Preez,Nashra Sandhu,0,0,"",""
ball,1,10.5,South Africa,L Wolvaardt,M du Preez,Nashra Sandhu,0,0,"",""
ball,1,10.6,South Africa,L Wolvaardt,M du Preez,Nashra Sandhu,0,0,"",""
ball,1,11.1,South Africa,M du Preez,L Wolvaardt,Sana Mir,0,0,"",""
ball,1,11.2,South Africa,M du Preez,L Wolvaardt,Sana Mir,0,0,"",""
ball,1,11.3,South Africa,M du Preez,L Wolvaardt,Sana Mir,2,0,"",""
ball,1,11.4,South Africa,M du Preez,L Wolvaardt,Sana Mir,1,0,"",""
ball,1,11.5,South Africa,L Wolvaardt,M du Preez,Sana Mir,1,0,"",""
ball,1,11.6,South Africa,M du Preez,L Wolvaardt,Sana Mir,1,0,"",""
ball,1,12.1,South Africa,M du Preez,L Wolvaardt,Nashra Sandhu,4,0,"",""
ball,1,12.2,South Africa,M du Preez,L Wolvaardt,Nashra Sandhu,0,0,"",""
ball,1,12.3,South Africa,M du Preez,L Wolvaardt,Nashra Sandhu,0,0,"",""
ball,1,12.4,South Africa,M du Preez,L Wolvaardt,Nashra Sandhu,1,0,"",""
ball,1,12.5,South Africa,L Wolvaardt,M du Preez,Nashra Sandhu,1,0,"",""
ball,1,12.6,South Africa,M du Preez,L Wolvaardt,Nashra Sandhu,0,0,"",""
ball,1,13.1,South Africa,L Wolvaardt,M du Preez,Ghulam Fatima,1,0,"",""
ball,1,13.2,South Africa,M du Preez,L Wolvaardt,Ghulam Fatima,1,0,"",""
ball,1,13.3,South Africa,L Wolvaardt,M du Preez,Ghulam Fatima,0,0,stumped,L Wolvaardt
ball,1,13.4,South Africa,T Chetty,M du Preez,Ghulam Fatima,0,0,"",""
ball,1,13.5,South Africa,T Chetty,M du Preez,Ghulam Fatima,0,0,"",""
ball,1,13.6,South Africa,T Chetty,M du Preez,Ghulam Fatima,0,0,"",""
ball,1,14.1,South Africa,M du Preez,T Chetty,Nashra Sandhu,1,0,"",""
ball,1,14.2,South Africa,T Chetty,M du Preez,Nashra Sandhu,0,0,bowled,T Chetty
ball,1,14.3,South Africa,M Kapp,M du Preez,Nashra Sandhu,0,0,"",""
ball,1,14.4,South Africa,M Kapp,M du Preez,Nashra Sandhu,0,0,"",""
ball,1,14.5,South Africa,M Kapp,M du Preez,Nashra Sandhu,1,0,"",""
ball,1,14.6,South Africa,M du Preez,M Kapp,Nashra Sandhu,1,0,"",""
ball,1,15.1,South Africa,M du Preez,M Kapp,Ghulam Fatima,4,0,"",""
ball,1,15.2,South Africa,M du Preez,M Kapp,Ghulam Fatima,1,0,"",""
ball,1,15.3,South Africa,M Kapp,M du Preez,Ghulam Fatima,1,0,"",""
ball,1,15.4,South Africa,M du Preez,M Kapp,Ghulam Fatima,0,0,"",""
ball,1,15.5,South Africa,M du Preez,M Kapp,Ghulam Fatima,1,0,"",""
ball,1,15.6,South Africa,M Kapp,M du Preez,Ghulam Fatima,0,0,"",""
ball,1,16.1,South Africa,M du Preez,M Kapp,Nashra Sandhu,1,0,"",""
ball,1,16.2,South Africa,M Kapp,M du Preez,Nashra Sandhu,0,0,"",""
ball,1,16.3,South Africa,M Kapp,M du Preez,Nashra Sandhu,0,0,"",""
ball,1,16.4,South Africa,M Kapp,M du Preez,Nashra Sandhu,4,0,"",""
ball,1,16.5,South Africa,M Kapp,M du Preez,Nashra Sandhu,0,1,"",""
ball,1,16.6,South Africa,M Kapp,M du Preez,Nashra Sandhu,0,0,"",""
ball,1,16.7,South Africa,M Kapp,M du Preez,Nashra Sandhu,4,0,"",""
ball,1,17.1,South Africa,M du Preez,M Kapp,Ghulam Fatima,1,0,"",""
ball,1,17.2,South Africa,M Kapp,M du Preez,Ghulam Fatima,0,0,"",""
ball,1,17.3,South Africa,M Kapp,M du Preez,Ghulam Fatima,2,0,"",""
ball,1,17.4,South Africa,M Kapp,M du Preez,Ghulam Fatima,4,0,"",""
ball,1,17.5,South Africa,M Kapp,M du Preez,Ghulam Fatima,0,0,"",""
ball,1,17.6,South Africa,M Kapp,M du Preez,Ghulam Fatima,1,0,"",""
ball,1,18.1,South Africa,M Kapp,M du Preez,Sana Mir,4,0,"",""
ball,1,18.2,South Africa,M Kapp,M du Preez,Sana Mir,0,0,"",""
ball,1,18.3,South Africa,M Kapp,M du Preez,Sana Mir,1,0,"",""
ball,1,18.4,South Africa,M du Preez,M Kapp,Sana Mir,0,0,"",""
ball,1,18.5,South Africa,M du Preez,M Kapp,Sana Mir,0,0,"",""
ball,1,18.6,South Africa,M du Preez,M Kapp,Sana Mir,0,0,"",""
ball,1,19.1,South Africa,M Kapp,M du Preez,Ghulam Fatima,2,0,"",""
ball,1,19.2,South Africa,M Kapp,M du Preez,Ghulam Fatima,0,0,"",""
ball,1,19.3,South Africa,M Kapp,M du Preez,Ghulam Fatima,0,1,"",""
ball,1,19.4,South Africa,M Kapp,M du Preez,Ghulam Fatima,0,0,"",""
ball,1,19.5,South Africa,M Kapp,M du Preez,Ghulam Fatima,2,0,"",""
ball,1,19.6,South Africa,M Kapp,M du Preez,Ghulam Fatima,1,0,"",""
ball,1,19.7,South Africa,M du Preez,M Kapp,Ghulam Fatima,2,0,"",""
ball,1,20.1,South Africa,M Kapp,M du Preez,Sana Mir,1,0,"",""
ball,1,20.2,South Africa,M du Preez,M Kapp,Sana Mir,0,0,"",""
ball,1,20.3,South Africa,M du Preez,M Kapp,Sana Mir,0,0,"",""
ball,1,20.4,South Africa,M du Preez,M Kapp,Sana Mir,0,0,"",""
ball,1,20.5,South Africa,M du Preez,M Kapp,Sana Mir,0,0,"",""
ball,1,20.6,South Africa,M du Preez,M Kapp,Sana Mir,0,0,"",""
ball,1,21.1,South Africa,M Kapp,M du Preez,Javeria Khan,0,0,"",""
ball,1,21.2,South Africa,M Kapp,M du Preez,Javeria Khan,1,0,"",""
ball,1,21.3,South Africa,M du Preez,M Kapp,Javeria Khan,4,0,"",""
ball,1,21.4,South Africa,M du Preez,M Kapp,Javeria Khan,1,0,"",""
ball,1,21.5,South Africa,M Kapp,M du Preez,Javeria Khan,1,0,"",""
ball,1,21.6,South Africa,M du Preez,M Kapp,Javeria Khan,0,0,"",""
ball,1,22.1,South Africa,M Kapp,M du Preez,Sana Mir,0,0,"",""
ball,1,22.2,South Africa,M Kapp,M du Preez,Sana Mir,0,0,"",""
ball,1,22.3,South Africa,M Kapp,M du Preez,Sana Mir,0,0,"",""
ball,1,22.4,South Africa,M Kapp,M du Preez,Sana Mir,0,0,"",""
ball,1,22.5,South Africa,M Kapp,M du Preez,Sana Mir,2,0,"",""
ball,1,22.6,South Africa,M Kapp,M du Preez,Sana Mir,1,0,"",""
ball,1,23.1,South Africa,M Kapp,M du Preez,Javeria Khan,1,0,"",""
ball,1,23.2,South Africa,M du Preez,M Kapp,Javeria Khan,1,0,"",""
ball,1,23.3,South Africa,M Kapp,M du Preez,Javeria Khan,1,0,"",""
ball,1,23.4,South Africa,M du Preez,M Kapp,Javeria Khan,0,0,caught,M du Preez
ball,1,23.5,South Africa,CL Tryon,M Kapp,Javeria Khan,2,0,"",""
ball,1,23.6,South Africa,CL Tryon,M Kapp,Javeria Khan,1,0,"",""
ball,1,24.1,South Africa,CL Tryon,M Kapp,Aliya Riaz,4,0,"",""
ball,1,24.2,South Africa,CL Tryon,M Kapp,Aliya Riaz,0,0,"",""
ball,1,24.3,South Africa,CL Tryon,M Kapp,Aliya Riaz,0,0,"",""
ball,1,24.4,South Africa,CL Tryon,M Kapp,Aliya Riaz,1,0,"",""
ball,1,24.5,South Africa,M Kapp,CL Tryon,Aliya Riaz,0,0,"",""
ball,1,24.6,South Africa,M Kapp,CL Tryon,Aliya Riaz,1,0,"",""
ball,1,25.1,South Africa,M Kapp,CL Tryon,Javeria Khan,0,0,"",""
ball,1,25.2,South Africa,M Kapp,CL Tryon,Javeria Khan,0,0,"",""
ball,1,25.3,South Africa,M Kapp,CL Tryon,Javeria Khan,2,0,"",""
ball,1,25.4,South Africa,M Kapp,CL Tryon,Javeria Khan,0,0,bowled,M Kapp
ball,1,25.5,South Africa,D van Niekerk,CL Tryon,Javeria Khan,0,0,"",""
ball,1,25.6,South Africa,D van Niekerk,CL Tryon,Javeria Khan,0,0,"",""
ball,1,26.1,South Africa,CL Tryon,D van Niekerk,Ghulam Fatima,0,0,"",""
ball,1,26.2,South Africa,CL Tryon,D van Niekerk,Ghulam Fatima,1,0,"",""
ball,1,26.3,South Africa,D van Niekerk,CL Tryon,Ghulam Fatima,1,0,"",""
ball,1,26.4,South Africa,CL Tryon,D van Niekerk,Ghulam Fatima,0,0,"",""
ball,1,26.5,South Africa,CL Tryon,D van Niekerk,Ghulam Fatima,0,0,"",""
ball,1,26.6,South Africa,CL Tryon,D van Niekerk,Ghulam Fatima,1,0,"",""
ball,1,27.1,South Africa,CL Tryon,D van Niekerk,Javeria Khan,0,0,"",""
ball,1,27.2,South Africa,CL Tryon,D van Niekerk,Javeria Khan,4,0,"",""
ball,1,27.3,South Africa,CL Tryon,D van Niekerk,Javeria Khan,0,0,"",""
ball,1,27.4,South Africa,CL Tryon,D van Niekerk,Javeria Khan,0,0,"",""
ball,1,27.5,South Africa,CL Tryon,D van Niekerk,Javeria Khan,0,0,"",""
ball,1,27.6,South Africa,CL Tryon,D van Niekerk,Javeria Khan,1,0,"",""
ball,1,28.1,South Africa,CL Tryon,D van Niekerk,Nashra Sandhu,0,0,"",""
ball,1,28.2,South Africa,CL Tryon,D van Niekerk,Nashra Sandhu,1,0,"",""
ball,1,28.3,South Africa,D van Niekerk,CL Tryon,Nashra Sandhu,1,0,"",""
ball,1,28.4,South Africa,CL Tryon,D van Niekerk,Nashra Sandhu,2,0,"",""
ball,1,28.5,South Africa,CL Tryon,D van Niekerk,Nashra Sandhu,0,0,"",""
ball,1,28.6,South Africa,CL Tryon,D van Niekerk,Nashra Sandhu,0,0,"",""
ball,1,29.1,South Africa,D van Niekerk,CL Tryon,Javeria Khan,1,0,"",""
ball,1,29.2,South Africa,CL Tryon,D van Niekerk,Javeria Khan,0,0,"",""
ball,1,29.3,South Africa,CL Tryon,D van Niekerk,Javeria Khan,0,0,"",""
ball,1,29.4,South Africa,CL Tryon,D van Niekerk,Javeria Khan,0,0,"",""
ball,1,29.5,South Africa,CL Tryon,D van Niekerk,Javeria Khan,0,0,"",""
ball,1,29.6,South Africa,CL Tryon,D van Niekerk,Javeria Khan,0,0,"",""
ball,1,30.1,South Africa,D van Niekerk,CL Tryon,Nashra Sandhu,0,0,"",""
ball,1,30.2,South Africa,D van Niekerk,CL Tryon,Nashra Sandhu,0,0,"",""
ball,1,30.3,South Africa,D van Niekerk,CL Tryon,Nashra Sandhu,1,0,"",""
ball,1,30.4,South Africa,CL Tryon,D van Niekerk,Nashra Sandhu,1,0,"",""
ball,1,30.5,South Africa,D van Niekerk,CL Tryon,Nashra Sandhu,0,0,"",""
ball,1,30.6,South Africa,D van Niekerk,CL Tryon,Nashra Sandhu,1,0,"",""
ball,1,31.1,South Africa,D van Niekerk,CL Tryon,Javeria Khan,0,0,"",""
ball,1,31.2,South Africa,D van Niekerk,CL Tryon,Javeria Khan,1,0,"",""
ball,1,31.3,South Africa,CL Tryon,D van Niekerk,Javeria Khan,0,0,"",""
ball,1,31.4,South Africa,CL Tryon,D van Niekerk,Javeria Khan,0,0,"",""
ball,1,31.5,South Africa,CL Tryon,D van Niekerk,Javeria Khan,1,0,"",""
ball,1,31.6,South Africa,D van Niekerk,CL Tryon,Javeria Khan,0,0,"",""
ball,1,32.1,South Africa,CL Tryon,D van Niekerk,Nashra Sandhu,0,0,"",""
ball,1,32.2,South Africa,CL Tryon,D van Niekerk,Nashra Sandhu,1,0,"",""
ball,1,32.3,South Africa,D van Niekerk,CL Tryon,Nashra Sandhu,0,0,"",""
ball,1,32.4,South Africa,D van Niekerk,CL Tryon,Nashra Sandhu,0,0,"",""
ball,1,32.5,South Africa,D van Niekerk,CL Tryon,Nashra Sandhu,0,0,"",""
ball,1,32.6,South Africa,D van Niekerk,CL Tryon,Nashra Sandhu,1,0,"",""
ball,1,33.1,South Africa,D van Niekerk,CL Tryon,Javeria Khan,0,0,"",""
ball,1,33.2,South Africa,D van Niekerk,CL Tryon,Javeria Khan,0,0,"",""
ball,1,33.3,South Africa,D van Niekerk,CL Tryon,Javeria Khan,0,0,"",""
ball,1,33.4,South Africa,D van Niekerk,CL Tryon,Javeria Khan,0,0,"",""
ball,1,33.5,South Africa,D van Niekerk,CL Tryon,Javeria Khan,4,0,"",""
ball,1,33.6,South Africa,D van Niekerk,CL Tryon,Javeria Khan,1,0,"",""
ball,1,34.1,South Africa,D van Niekerk,CL Tryon,Ghulam Fatima,0,0,"",""
ball,1,34.2,South Africa,D van Niekerk,CL Tryon,Ghulam Fatima,0,0,"",""
ball,1,34.3,South Africa,D van Niekerk,CL Tryon,Ghulam Fatima,0,0,"",""
ball,1,34.4,South Africa,D van Niekerk,CL Tryon,Ghulam Fatima,0,0,"",""
ball,1,34.5,South Africa,D van Niekerk,CL Tryon,Ghulam Fatima,0,0,"",""
ball,1,34.6,South Africa,D van Niekerk,CL Tryon,Ghulam Fatima,0,0,"",""
ball,1,35.1,South Africa,CL Tryon,D van Niekerk,Javeria Khan,0,0,"",""
ball,1,35.2,South Africa,CL Tryon,D van Niekerk,Javeria Khan,1,0,"",""
ball,1,35.3,South Africa,D van Niekerk,CL Tryon,Javeria Khan,0,0,"",""
ball,1,35.4,South Africa,D van Niekerk,CL Tryon,Javeria Khan,1,0,"",""
ball,1,35.5,South Africa,CL Tryon,D van Niekerk,Javeria Khan,1,0,"",""
ball,1,35.6,South Africa,D van Niekerk,CL Tryon,Javeria Khan,0,0,"",""
ball,1,36.1,South Africa,CL Tryon,D van Niekerk,Sana Mir,1,0,"",""
ball,1,36.2,South Africa,D van Niekerk,CL Tryon,Sana Mir,1,0,"",""
ball,1,36.3,South Africa,CL Tryon,D van Niekerk,Sana Mir,0,0,"",""
ball,1,36.4,South Africa,CL Tryon,D van Niekerk,Sana Mir,1,0,"",""
ball,1,36.5,South Africa,D van Niekerk,CL Tryon,Sana Mir,0,0,"",""
ball,1,36.6,South Africa,D van Niekerk,CL Tryon,Sana Mir,0,0,"",""
ball,1,37.1,South Africa,CL Tryon,D van Niekerk,Javeria Khan,1,0,"",""
ball,1,37.2,South Africa,D van Niekerk,CL Tryon,Javeria Khan,0,0,"",""
ball,1,37.3,South Africa,D van Niekerk,CL Tryon,Javeria Khan,0,0,"",""
ball,1,37.4,South Africa,D van Niekerk,CL Tryon,Javeria Khan,1,0,"",""
ball,1,37.5,South Africa,CL Tryon,D van Niekerk,Javeria Khan,4,0,"",""
ball,1,37.6,South Africa,CL Tryon,D van Niekerk,Javeria Khan,1,0,"",""
ball,1,38.1,South Africa,CL Tryon,D van Niekerk,Ghulam Fatima,2,0,"",""
ball,1,38.2,South Africa,CL Tryon,D van Niekerk,Ghulam Fatima,0,1,"",""
ball,1,38.3,South Africa,CL Tryon,D van Niekerk,Ghulam Fatima,0,0,"",""
ball,1,38.4,South Africa,CL Tryon,D van Niekerk,Ghulam Fatima,0,0,"",""
ball,1,38.5,South Africa,CL Tryon,D van Niekerk,Ghulam Fatima,6,0,"",""
ball,1,38.6,South Africa,CL Tryon,D van Niekerk,Ghulam Fatima,1,0,"",""
ball,1,38.7,South Africa,D van Niekerk,CL Tryon,Ghulam Fatima,1,0,"",""
ball,1,39.1,South Africa,D van Niekerk,CL Tryon,Javeria Khan,0,0,"",""
ball,1,39.2,South Africa,D van Niekerk,CL Tryon,Javeria Khan,0,0,"",""
ball,1,39.3,South Africa,D van Niekerk,CL Tryon,Javeria Khan,0,1,"",""
ball,1,39.4,South Africa,D van Niekerk,CL Tryon,Javeria Khan,1,0,"",""
ball,1,39.5,South Africa,CL Tryon,D van Niekerk,Javeria Khan,4,0,"",""
ball,1,39.6,South Africa,CL Tryon,D van Niekerk,Javeria Khan,1,0,"",""
ball,1,39.7,South Africa,D van Niekerk,CL Tryon,Javeria Khan,0,0,"",""
ball,1,40.1,South Africa,CL Tryon,D van Niekerk,Nashra Sandhu,1,0,"",""
ball,1,40.2,South Africa,D van Niekerk,CL Tryon,Nashra Sandhu,1,0,"",""
ball,1,40.3,South Africa,CL Tryon,D van Niekerk,Nashra Sandhu,1,0,"",""
ball,1,40.4,South Africa,D van Niekerk,CL Tryon,Nashra Sandhu,1,0,"",""
ball,1,40.5,South Africa,CL Tryon,D van Niekerk,Nashra Sandhu,6,0,"",""
ball,1,40.6,South Africa,CL Tryon,D van Niekerk,Nashra Sandhu,1,0,"",""
ball,1,41.1,South Africa,CL Tryon,D van Niekerk,Sana Mir,0,0,"",""
ball,1,41.2,South Africa,CL Tryon,D van Niekerk,Sana Mir,2,0,"",""
ball,1,41.3,South Africa,CL Tryon,D van Niekerk,Sana Mir,1,0,"",""
ball,1,41.4,South Africa,D van Niekerk,CL Tryon,Sana Mir,0,0,"",""
ball,1,41.5,South Africa,D van Niekerk,CL Tryon,Sana Mir,4,0,"",""
ball,1,41.6,South Africa,D van Niekerk,CL Tryon,Sana Mir,1,0,"",""
ball,1,42.1,South Africa,D van Niekerk,CL Tryon,Ghulam Fatima,0,0,"",""
ball,1,42.2,South Africa,D van Niekerk,CL Tryon,Ghulam Fatima,1,0,"",""
ball,1,42.3,South Africa,CL Tryon,D van Niekerk,Ghulam Fatima,6,0,"",""
ball,1,42.4,South Africa,CL Tryon,D van Niekerk,Ghulam Fatima,0,0,"",""
ball,1,42.5,South Africa,CL Tryon,D van Niekerk,Ghulam Fatima,0,0,"",""
ball,1,42.6,South Africa,CL Tryon,D van Niekerk,Ghulam Fatima,0,0,"",""
ball,1,43.1,South Africa,D van Niekerk,CL Tryon,Bismah Maroof,1,0,"",""
ball,1,43.2,South Africa,CL Tryon,D van Niekerk,Bismah Maroof,1,0,"",""
ball,1,43.3,South Africa,D van Niekerk,CL Tryon,Bismah Maroof,1,0,"",""
ball,1,43.4,South Africa,CL Tryon,D van Niekerk,Bismah Maroof,1,0,"",""
ball,1,43.5,South Africa,D van Niekerk,CL Tryon,Bismah Maroof,0,0,"",""
ball,1,43.6,South Africa,D van Niekerk,CL Tryon,Bismah Maroof,1,0,"",""
ball,1,44.1,South Africa,D van Niekerk,CL Tryon,Nashra Sandhu,0,0,"",""
ball,1,44.2,South Africa,D van Niekerk,CL Tryon,Nashra Sandhu,2,0,"",""
ball,1,44.3,South Africa,D van Niekerk,CL Tryon,Nashra Sandhu,0,0,caught,D van Niekerk
ball,1,44.4,South Africa,CL Tryon,S Luus,Nashra Sandhu,2,0,"",""
ball,1,44.5,South Africa,CL Tryon,S Luus,Nashra Sandhu,1,0,"",""
ball,1,44.6,South Africa,S Luus,CL Tryon,Nashra Sandhu,1,0,"",""
ball,1,45.1,South Africa,S Luus,CL Tryon,Bismah Maroof,0,1,"",""
ball,1,45.2,South Africa,S Luus,CL Tryon,Bismah Maroof,1,0,"",""
ball,1,45.3,South Africa,CL Tryon,S Luus,Bismah Maroof,0,0,"",""
ball,1,45.4,South Africa,CL Tryon,S Luus,Bismah Maroof,4,0,"",""
ball,1,45.5,South Africa,CL Tryon,S Luus,Bismah Maroof,6,0,"",""
ball,1,45.6,South Africa,CL Tryon,S Luus,Bismah Maroof,1,0,"",""
ball,1,45.7,South Africa,S Luus,CL Tryon,Bismah Maroof,1,0,"",""
ball,1,46.1,South Africa,S Luus,CL Tryon,Nashra Sandhu,0,0,"",""
ball,1,46.2,South Africa,S Luus,CL Tryon,Nashra Sandhu,1,0,"",""
ball,1,46.3,South Africa,CL Tryon,S Luus,Nashra Sandhu,0,0,caught,CL Tryon
ball,1,46.4,South Africa,S Luus,S Ismail,Nashra Sandhu,0,0,"",""
ball,1,46.5,South Africa,S Luus,S Ismail,Nashra Sandhu,0,1,"",""
ball,1,46.6,South Africa,S Luus,S Ismail,Nashra Sandhu,2,0,"",""
ball,1,46.7,South Africa,S Luus,S Ismail,Nashra Sandhu,1,0,"",""
ball,1,47.1,South Africa,S Luus,S Ismail,Sana Mir,1,0,"",""
ball,1,47.2,South Africa,S Ismail,S Luus,Sana Mir,1,0,"",""
ball,1,47.3,South Africa,S Luus,S Ismail,Sana Mir,1,0,"",""
ball,1,47.4,South Africa,S Ismail,S Luus,Sana Mir,1,0,"",""
ball,1,47.5,South Africa,S Luus,S Ismail,Sana Mir,1,0,"",""
ball,1,47.6,South Africa,S Ismail,S Luus,Sana Mir,1,0,"",""
ball,1,48.1,South Africa,S Ismail,S Luus,Ghulam Fatima,0,0,"",""
ball,1,48.2,South Africa,S Ismail,S Luus,Ghulam Fatima,2,0,"",""
ball,1,48.3,South Africa,S Ismail,S Luus,Ghulam Fatima,2,0,"",""
ball,1,48.4,South Africa,S Ismail,S Luus,Ghulam Fatima,2,0,"",""
ball,1,48.5,South Africa,S Ismail,S Luus,Ghulam Fatima,1,0,"",""
ball,1,48.6,South Africa,S Luus,S Ismail,Ghulam Fatima,0,0,"",""
ball,1,49.1,South Africa,S Ismail,S Luus,Sana Mir,0,0,"",""
ball,1,49.2,South Africa,S Ismail,S Luus,Sana Mir,1,0,"",""
ball,1,49.3,South Africa,S Luus,S Ismail,Sana Mir,0,0,run out,S Ismail
ball,1,49.4,South Africa,S Luus,A Khaka,Sana Mir,1,0,"",""
ball,1,49.5,South Africa,A Khaka,S Luus,Sana Mir,1,0,"",""
ball,1,49.6,South Africa,S Luus,A Khaka,Sana Mir,1,0,run out,A Khaka
ball,2,0.1,Pakistan,Ayesha Zafar,Nahida Khan,S Ismail,0,0,"",""
ball,2,0.2,Pakistan,Ayesha Zafar,Nahida Khan,S Ismail,0,0,"",""
ball,2,0.3,Pakistan,Ayesha Zafar,Nahida Khan,S Ismail,1,0,"",""
ball,2,0.4,Pakistan,Nahida Khan,Ayesha Zafar,S Ismail,0,0,"",""
ball,2,0.5,Pakistan,Nahida Khan,Ayesha Zafar,S Ismail,0,0,"",""
ball,2,0.6,Pakistan,Nahida Khan,Ayesha Zafar,S Ismail,0,0,"",""
ball,2,1.1,Pakistan,Ayesha Zafar,Nahida Khan,M Kapp,0,0,"",""
ball,2,1.2,Pakistan,Ayesha Zafar,Nahida Khan,M Kapp,0,0,"",""
ball,2,1.3,Pakistan,Ayesha Zafar,Nahida Khan,M Kapp,1,0,"",""
ball,2,1.4,Pakistan,Nahida Khan,Ayesha Zafar,M Kapp,0,0,"",""
ball,2,1.5,Pakistan,Nahida Khan,Ayesha Zafar,M Kapp,0,0,"",""
ball,2,1.6,Pakistan,Nahida Khan,Ayesha Zafar,M Kapp,1,0,"",""
ball,2,2.1,Pakistan,Nahida Khan,Ayesha Zafar,S Ismail,1,0,"",""
ball,2,2.2,Pakistan,Ayesha Zafar,Nahida Khan,S Ismail,0,0,"",""
ball,2,2.3,Pakistan,Ayesha Zafar,Nahida Khan,S Ismail,1,0,"",""
ball,2,2.4,Pakistan,Nahida Khan,Ayesha Zafar,S Ismail,0,0,"",""
ball,2,2.5,Pakistan,Nahida Khan,Ayesha Zafar,S Ismail,0,0,"",""
ball,2,2.6,Pakistan,Nahida Khan,Ayesha Zafar,S Ismail,0,0,"",""
ball,2,3.1,Pakistan,Ayesha Zafar,Nahida Khan,M Kapp,1,0,"",""
ball,2,3.2,Pakistan,Nahida Khan,Ayesha Zafar,M Kapp,0,0,"",""
ball,2,3.3,Pakistan,Nahida Khan,Ayesha Zafar,M Kapp,4,0,"",""
ball,2,3.4,Pakistan,Nahida Khan,Ayesha Zafar,M Kapp,0,0,"",""
ball,2,3.5,Pakistan,Nahida Khan,Ayesha Zafar,M Kapp,0,0,"",""
ball,2,3.6,Pakistan,Nahida Khan,Ayesha Zafar,M Kapp,0,0,"",""
ball,2,4.1,Pakistan,Ayesha Zafar,Nahida Khan,S Ismail,0,0,"",""
ball,2,4.2,Pakistan,Ayesha Zafar,Nahida Khan,S Ismail,4,0,"",""
ball,2,4.3,Pakistan,Ayesha Zafar,Nahida Khan,S Ismail,0,0,"",""
ball,2,4.4,Pakistan,Ayesha Zafar,Nahida Khan,S Ismail,0,0,"",""
ball,2,4.5,Pakistan,Ayesha Zafar,Nahida Khan,S Ismail,4,0,"",""
ball,2,4.6,Pakistan,Ayesha Zafar,Nahida Khan,S Ismail,0,0,"",""
ball,2,5.1,Pakistan,Nahida Khan,Ayesha Zafar,M Kapp,0,0,"",""
ball,2,5.2,Pakistan,Nahida Khan,Ayesha Zafar,M Kapp,0,0,"",""
ball,2,5.3,Pakistan,Nahida Khan,Ayesha Zafar,M Kapp,0,0,"",""
ball,2,5.4,Pakistan,Nahida Khan,Ayesha Zafar,M Kapp,0,0,"",""
ball,2,5.5,Pakistan,Nahida Khan,Ayesha Zafar,M Kapp,0,0,"",""
ball,2,5.6,Pakistan,Nahida Khan,Ayesha Zafar,M Kapp,0,0,"",""
ball,2,6.1,Pakistan,Ayesha Zafar,Nahida Khan,S Ismail,1,0,"",""
ball,2,6.2,Pakistan,Nahida Khan,Ayesha Zafar,S Ismail,0,0,"",""
ball,2,6.3,Pakistan,Nahida Khan,Ayesha Zafar,S Ismail,1,0,"",""
ball,2,6.4,Pakistan,Ayesha Zafar,Nahida Khan,S Ismail,4,0,"",""
ball,2,6.5,Pakistan,Ayesha Zafar,Nahida Khan,S Ismail,1,0,"",""
ball,2,6.6,Pakistan,Nahida Khan,Ayesha Zafar,S Ismail,0,0,"",""
ball,2,7.1,Pakistan,Ayesha Zafar,Nahida Khan,M Kapp,0,0,"",""
ball,2,7.2,Pakistan,Ayesha Zafar,Nahida Khan,M Kapp,0,0,"",""
ball,2,7.3,Pakistan,Ayesha Zafar,Nahida Khan,M Kapp,0,0,"",""
ball,2,7.4,Pakistan,Ayesha Zafar,Nahida Khan,M Kapp,1,0,"",""
ball,2,7.5,Pakistan,Nahida Khan,Ayesha Zafar,M Kapp,0,0,"",""
ball,2,7.6,Pakistan,Nahida Khan,Ayesha Zafar,M Kapp,0,0,"",""
ball,2,8.1,Pakistan,Ayesha Zafar,Nahida Khan,A Khaka,0,0,caught,Ayesha Zafar
ball,2,8.2,Pakistan,Javeria Khan,Nahida Khan,A Khaka,0,0,"",""
ball,2,8.3,Pakistan,Javeria Khan,Nahida Khan,A Khaka,0,1,"",""
ball,2,8.4,Pakistan,Javeria Khan,Nahida Khan,A Khaka,0,0,"",""
ball,2,8.5,Pakistan,Javeria Khan,Nahida Khan,A Khaka,4,0,"",""
ball,2,8.6,Pakistan,Javeria Khan,Nahida Khan,A Khaka,0,0,"",""
ball,2,8.7,Pakistan,Javeria Khan,Nahida Khan,A Khaka,0,0,"",""
ball,2,9.1,Pakistan,Nahida Khan,Javeria Khan,MM Letsoalo,0,0,"",""
ball,2,9.2,Pakistan,Nahida Khan,Javeria Khan,MM Letsoalo,1,0,"",""
ball,2,9.3,Pakistan,Javeria Khan,Nahida Khan,MM Letsoalo,0,0,"",""
ball,2,9.4,Pakistan,Javeria Khan,Nahida Khan,MM Letsoalo,0,0,"",""
ball,2,9.5,Pakistan,Javeria Khan,Nahida Khan,MM Letsoalo,0,0,"",""
ball,2,9.6,Pakistan,Javeria Khan,Nahida Khan,MM Letsoalo,0,0,"",""
ball,2,10.1,Pakistan,Nahida Khan,Javeria Khan,A Khaka,0,0,"",""
ball,2,10.2,Pakistan,Nahida Khan,Javeria Khan,A Khaka,0,0,"",""
ball,2,10.3,Pakistan,Nahida Khan,Javeria Khan,A Khaka,0,0,"",""
ball,2,10.4,Pakistan,Nahida Khan,Javeria Khan,A Khaka,4,0,"",""
ball,2,10.5,Pakistan,Nahida Khan,Javeria Khan,A Khaka,0,0,"",""
ball,2,10.6,Pakistan,Nahida Khan,Javeria Khan,A Khaka,0,0,"",""
ball,2,11.1,Pakistan,Javeria Khan,Nahida Khan,MM Letsoalo,0,0,"",""
ball,2,11.2,Pakistan,Javeria Khan,Nahida Khan,MM Letsoalo,1,0,"",""
ball,2,11.3,Pakistan,Nahida Khan,Javeria Khan,MM Letsoalo,1,0,"",""
ball,2,11.4,Pakistan,Javeria Khan,Nahida Khan,MM Letsoalo,0,0,"",""
ball,2,11.5,Pakistan,Javeria Khan,Nahida Khan,MM Letsoalo,1,0,"",""
ball,2,11.6,Pakistan,Nahida Khan,Javeria Khan,MM Letsoalo,0,1,"",""
ball,2,11.7,Pakistan,Nahida Khan,Javeria Khan,MM Letsoalo,0,0,"",""
ball,2,12.1,Pakistan,Javeria Khan,Nahida Khan,A Khaka,1,0,"",""
ball,2,12.2,Pakistan,Nahida Khan,Javeria Khan,A Khaka,0,0,"",""
ball,2,12.3,Pakistan,Nahida Khan,Javeria Khan,A Khaka,0,0,"",""
ball,2,12.4,Pakistan,Nahida Khan,Javeria Khan,A Khaka,0,0,"",""
ball,2,12.5,Pakistan,Nahida Khan,Javeria Khan,A Khaka,0,0,"",""
ball,2,12.6,Pakistan,Nahida Khan,Javeria Khan,A Khaka,0,0,"",""
ball,2,13.1,Pakistan,Javeria Khan,Nahida Khan,MM Letsoalo,0,0,"",""
ball,2,13.2,Pakistan,Javeria Khan,Nahida Khan,MM Letsoalo,1,0,"",""
ball,2,13.3,Pakistan,Nahida Khan,Javeria Khan,MM Letsoalo,0,0,"",""
ball,2,13.4,Pakistan,Nahida Khan,Javeria Khan,MM Letsoalo,0,0,"",""
ball,2,13.5,Pakistan,Nahida Khan,Javeria Khan,MM Letsoalo,1,0,"",""
ball,2,13.6,Pakistan,Javeria Khan,Nahida Khan,MM Letsoalo,0,0,"",""
ball,2,14.1,Pakistan,Nahida Khan,Javeria Khan,A Khaka,0,0,"",""
ball,2,14.2,Pakistan,Nahida Khan,Javeria Khan,A Khaka,2,0,"",""
ball,2,14.3,Pakistan,Nahida Khan,Javeria Khan,A Khaka,0,0,"",""
ball,2,14.4,Pakistan,Nahida Khan,Javeria Khan,A Khaka,0,0,"",""
ball,2,14.5,Pakistan,Nahida Khan,Javeria Khan,A Khaka,4,0,"",""
ball,2,14.6,Pakistan,Nahida Khan,Javeria Khan,A Khaka,1,0,"",""
ball,2,15.1,Pakistan,Nahida Khan,Javeria Khan,MM Letsoalo,0,0,"",""
ball,2,15.2,Pakistan,Nahida Khan,Javeria Khan,MM Letsoalo,0,0,"",""
ball,2,15.3,Pakistan,Nahida Khan,Javeria Khan,MM Letsoalo,2,0,"",""
ball,2,15.4,Pakistan,Nahida Khan,Javeria Khan,MM Letsoalo,4,0,"",""
ball,2,15.5,Pakistan,Nahida Khan,Javeria Khan,MM Letsoalo,0,0,"",""
ball,2,15.6,Pakistan,Nahida Khan,Javeria Khan,MM Letsoalo,2,0,"",""
ball,2,16.1,Pakistan,Javeria Khan,Nahida Khan,D van Niekerk,0,0,"",""
ball,2,16.2,Pakistan,Javeria Khan,Nahida Khan,D van Niekerk,0,0,caught,Javeria Khan
ball,2,16.3,Pakistan,Bismah Maroof,Nahida Khan,D van Niekerk,0,1,"",""
ball,2,16.4,Pakistan,Bismah Maroof,Nahida Khan,D van Niekerk,1,0,"",""
ball,2,16.5,Pakistan,Nahida Khan,Bismah Maroof,D van Niekerk,6,0,"",""
ball,2,16.6,Pakistan,Nahida Khan,Bismah Maroof,D van Niekerk,0,0,lbw,Nahida Khan
ball,2,16.7,Pakistan,Nain Abidi,Bismah Maroof,D van Niekerk,0,0,"",""
ball,2,17.1,Pakistan,Bismah Maroof,Nain Abidi,S Luus,0,0,"",""
ball,2,17.2,Pakistan,Bismah Maroof,Nain Abidi,S Luus,0,0,"",""
ball,2,17.3,Pakistan,Bismah Maroof,Nain Abidi,S Luus,1,0,"",""
ball,2,17.4,Pakistan,Nain Abidi,Bismah Maroof,S Luus,0,0,"",""
ball,2,17.5,Pakistan,Nain Abidi,Bismah Maroof,S Luus,0,0,"",""
ball,2,17.6,Pakistan,Nain Abidi,Bismah Maroof,S Luus,0,0,"",""
ball,2,18.1,Pakistan,Bismah Maroof,Nain Abidi,D van Niekerk,0,0,"",""
ball,2,18.2,Pakistan,Bismah Maroof,Nain Abidi,D van Niekerk,0,1,"",""
ball,2,18.3,Pakistan,Nain Abidi,Bismah Maroof,D van Niekerk,1,0,"",""
ball,2,18.4,Pakistan,Bismah Maroof,Nain Abidi,D van Niekerk,1,0,"",""
ball,2,18.5,Pakistan,Nain Abidi,Bismah Maroof,D van Niekerk,0,0,"",""
ball,2,18.6,Pakistan,Nain Abidi,Bismah Maroof,D van Niekerk,1,0,"",""
ball,2,19.1,Pakistan,Nain Abidi,Bismah Maroof,S Luus,1,0,"",""
ball,2,19.2,Pakistan,Bismah Maroof,Nain Abidi,S Luus,0,0,"",""
ball,2,19.3,Pakistan,Bismah Maroof,Nain Abidi,S Luus,0,0,"",""
ball,2,19.4,Pakistan,Bismah Maroof,Nain Abidi,S Luus,1,0,"",""
ball,2,19.5,Pakistan,Nain Abidi,Bismah Maroof,S Luus,4,0,"",""
ball,2,19.6,Pakistan,Nain Abidi,Bismah Maroof,S Luus,1,0,"",""
ball,2,20.1,Pakistan,Nain Abidi,Bismah Maroof,D van Niekerk,0,0,"",""
ball,2,20.2,Pakistan,Nain Abidi,Bismah Maroof,D van Niekerk,0,0,"",""
ball,2,20.3,Pakistan,Nain Abidi,Bismah Maroof,D van Niekerk,0,0,"",""
ball,2,20.4,Pakistan,Nain Abidi,Bismah Maroof,D van Niekerk,0,0,"",""
ball,2,20.5,Pakistan,Nain Abidi,Bismah Maroof,D van Niekerk,0,0,"",""
ball,2,20.6,Pakistan,Nain Abidi,Bismah Maroof,D van Niekerk,1,0,"",""
ball,2,21.1,Pakistan,Nain Abidi,Bismah Maroof,S Luus,0,0,"",""
ball,2,21.2,Pakistan,Nain Abidi,Bismah Maroof,S Luus,4,0,"",""
ball,2,21.3,Pakistan,Nain Abidi,Bismah Maroof,S Luus,0,0,run out,Bismah Maroof
ball,2,21.4,Pakistan,Nain Abidi,Aliya Riaz,S Luus,0,0,"",""
ball,2,21.5,Pakistan,Nain Abidi,Aliya Riaz,S Luus,1,0,"",""
ball,2,21.6,Pakistan,Aliya Riaz,Nain Abidi,S Luus,0,0,"",""
ball,2,22.1,Pakistan,Nain Abidi,Aliya Riaz,D van Niekerk,1,0,"",""
ball,2,22.2,Pakistan,Aliya Riaz,Nain Abidi,D van Niekerk,0,0,"",""
ball,2,22.3,Pakistan,Aliya Riaz,Nain Abidi,D van Niekerk,0,0,"",""
ball,2,22.4,Pakistan,Aliya Riaz,Nain Abidi,D van Niekerk,4,1,"",""
ball,2,22.5,Pakistan,Aliya Riaz,Nain Abidi,D van Niekerk,0,2,"",""
ball,2,22.6,Pakistan,Aliya Riaz,Nain Abidi,D van Niekerk,0,0,"",""
ball,2,22.7,Pakistan,Aliya Riaz,Nain Abidi,D van Niekerk,0,0,"",""
ball,2,23.1,Pakistan,Nain Abidi,Aliya Riaz,S Luus,0,0,"",""
ball,2,23.2,Pakistan,Nain Abidi,Aliya Riaz,S Luus,0,0,"",""
ball,2,23.3,Pakistan,Nain Abidi,Aliya Riaz,S Luus,1,0,"",""
ball,2,23.4,Pakistan,Aliya Riaz,Nain Abidi,S Luus,0,0,"",""
ball,2,23.5,Pakistan,Aliya Riaz,Nain Abidi,S Luus,0,0,"",""
ball,2,23.6,Pakistan,Aliya Riaz,Nain Abidi,S Luus,0,0,"",""
ball,2,24.1,Pakistan,Nain Abidi,Aliya Riaz,D van Niekerk,0,0,"",""
ball,2,24.2,Pakistan,Nain Abidi,Aliya Riaz,D van Niekerk,0,0,"",""
ball,2,24.3,Pakistan,Nain Abidi,Aliya Riaz,D van Niekerk,4,0,"",""
ball,2,24.4,Pakistan,Nain Abidi,Aliya Riaz,D van Niekerk,0,0,"",""
ball,2,24.5,Pakistan,Nain Abidi,Aliya Riaz,D van Niekerk,0,0,"",""
ball,2,24.6,Pakistan,Nain Abidi,Aliya Riaz,D van Niekerk,1,0,"",""
ball,2,25.1,Pakistan,Nain Abidi,Aliya Riaz,S Luus,0,0,"",""
ball,2,25.2,Pakistan,Nain Abidi,Aliya Riaz,S Luus,0,0,"",""
ball,2,25.3,Pakistan,Nain Abidi,Aliya Riaz,S Luus,2,0,"",""
ball,2,25.4,Pakistan,Nain Abidi,Aliya Riaz,S Luus,0,0,"",""
ball,2,25.5,Pakistan,Nain Abidi,Aliya Riaz,S Luus,1,0,"",""
ball,2,25.6,Pakistan,Aliya Riaz,Nain Abidi,S Luus,0,0,"",""
ball,2,26.1,Pakistan,Nain Abidi,Aliya Riaz,S Ismail,0,0,"",""
ball,2,26.2,Pakistan,Nain Abidi,Aliya Riaz,S Ismail,0,0,"",""
ball,2,26.3,Pakistan,Nain Abidi,Aliya Riaz,S Ismail,0,1,"",""
ball,2,26.4,Pakistan,Aliya Riaz,Nain Abidi,S Ismail,1,0,"",""
ball,2,26.5,Pakistan,Nain Abidi,Aliya Riaz,S Ismail,4,0,"",""
ball,2,26.6,Pakistan,Nain Abidi,Aliya Riaz,S Ismail,1,0,"",""
ball,2,27.1,Pakistan,Nain Abidi,Aliya Riaz,S Luus,0,0,"",""
ball,2,27.2,Pakistan,Nain Abidi,Aliya Riaz,S Luus,0,0,"",""
ball,2,27.3,Pakistan,Nain Abidi,Aliya Riaz,S Luus,0,0,"",""
ball,2,27.4,Pakistan,Nain Abidi,Aliya Riaz,S Luus,1,0,"",""
ball,2,27.5,Pakistan,Aliya Riaz,Nain Abidi,S Luus,0,0,"",""
ball,2,27.6,Pakistan,Aliya Riaz,Nain Abidi,S Luus,1,0,"",""
ball,2,28.1,Pakistan,Aliya Riaz,Nain Abidi,MM Letsoalo,0,0,"",""
ball,2,28.2,Pakistan,Aliya Riaz,Nain Abidi,MM Letsoalo,0,0,"",""
ball,2,28.3,Pakistan,Aliya Riaz,Nain Abidi,MM Letsoalo,0,0,caught,Aliya Riaz
ball,2,28.4,Pakistan,Sana Mir,Nain Abidi,MM Letsoalo,0,0,"",""
ball,2,28.5,Pakistan,Sana Mir,Nain Abidi,MM Letsoalo,0,0,"",""
ball,2,28.6,Pakistan,Sana Mir,Nain Abidi,MM Letsoalo,1,0,"",""
ball,2,29.1,Pakistan,Sana Mir,Nain Abidi,S Luus,0,0,"",""
ball,2,29.2,Pakistan,Sana Mir,Nain Abidi,S Luus,0,0,"",""
ball,2,29.3,Pakistan,Sana Mir,Nain Abidi,S Luus,0,0,"",""
ball,2,29.4,Pakistan,Sana Mir,Nain Abidi,S Luus,0,0,"",""
ball,2,29.5,Pakistan,Sana Mir,Nain Abidi,S Luus,0,0,"",""
ball,2,29.6,Pakistan,Sana Mir,Nain Abidi,S Luus,0,0,"",""
ball,2,30.1,Pakistan,Nain Abidi,Sana Mir,MM Letsoalo,0,0,"",""
ball,2,30.2,Pakistan,Nain Abidi,Sana Mir,MM Letsoalo,0,0,"",""
ball,2,30.3,Pakistan,Nain Abidi,Sana Mir,MM Letsoalo,0,0,"",""
ball,2,30.4,Pakistan,Nain Abidi,Sana Mir,MM Letsoalo,0,0,"",""
ball,2,30.5,Pakistan,Nain Abidi,Sana Mir,MM Letsoalo,0,0,"",""
ball,2,30.6,Pakistan,Nain Abidi,Sana Mir,MM Letsoalo,0,0,"",""
ball,2,31.1,Pakistan,Sana Mir,Nain Abidi,S Luus,2,0,"",""
ball,2,31.2,Pakistan,Sana Mir,Nain Abidi,S Luus,1,0,"",""
ball,2,31.3,Pakistan,Nain Abidi,Sana Mir,S Luus,1,0,"",""
ball,2,31.4,Pakistan,Sana Mir,Nain Abidi,S Luus,0,0,"",""
ball,2,31.5,Pakistan,Sana Mir,Nain Abidi,S Luus,2,0,"",""
ball,2,31.6,Pakistan,Sana Mir,Nain Abidi,S Luus,0,0,"",""
ball,2,32.1,Pakistan,Nain Abidi,Sana Mir,MM Letsoalo,0,0,"",""
ball,2,32.2,Pakistan,Nain Abidi,Sana Mir,MM Letsoalo,1,0,"",""
ball,2,32.3,Pakistan,Sana Mir,Nain Abidi,MM Letsoalo,0,0,"",""
ball,2,32.4,Pakistan,Sana Mir,Nain Abidi,MM Letsoalo,0,0,"",""
ball,2,32.5,Pakistan,Sana Mir,Nain Abidi,MM Letsoalo,0,0,"",""
ball,2,32.6,Pakistan,Sana Mir,Nain Abidi,MM Letsoalo,0,0,"",""
ball,2,33.1,Pakistan,Nain Abidi,Sana Mir,S Luus,0,0,"",""
ball,2,33.2,Pakistan,Nain Abidi,Sana Mir,S Luus,0,0,"",""
ball,2,33.3,Pakistan,Nain Abidi,Sana Mir,S Luus,0,0,"",""
ball,2,33.4,Pakistan,Nain Abidi,Sana Mir,S Luus,4,0,"",""
ball,2,33.5,Pakistan,Nain Abidi,Sana Mir,S Luus,1,0,"",""
ball,2,33.6,Pakistan,Sana Mir,Nain Abidi,S Luus,0,0,"",""
ball,2,34.1,Pakistan,Nain Abidi,Sana Mir,MM Letsoalo,0,0,"",""
ball,2,34.2,Pakistan,Nain Abidi,Sana Mir,MM Letsoalo,0,0,"",""
ball,2,34.3,Pakistan,Nain Abidi,Sana Mir,MM Letsoalo,0,0,"",""
ball,2,34.4,Pakistan,Nain Abidi,Sana Mir,MM Letsoalo,0,0,"",""
ball,2,34.5,Pakistan,Nain Abidi,Sana Mir,MM Letsoalo,0,0,"",""
ball,2,34.6,Pakistan,Nain Abidi,Sana Mir,MM Letsoalo,0,0,"",""
ball,2,35.1,Pakistan,Sana Mir,Nain Abidi,S Luus,0,0,"",""
ball,2,35.2,Pakistan,Sana Mir,Nain Abidi,S Luus,1,0,"",""
ball,2,35.3,Pakistan,Nain Abidi,Sana Mir,S Luus,0,0,"",""
ball,2,35.4,Pakistan,Nain Abidi,Sana Mir,S Luus,1,0,"",""
ball,2,35.5,Pakistan,Sana Mir,Nain Abidi,S Luus,0,0,"",""
ball,2,35.6,Pakistan,Sana Mir,Nain Abidi,S Luus,0,0,"",""
ball,2,36.1,Pakistan,Nain Abidi,Sana Mir,MM Letsoalo,0,0,"",""
ball,2,36.2,Pakistan,Nain Abidi,Sana Mir,MM Letsoalo,1,0,"",""
ball,2,36.3,Pakistan,Sana Mir,Nain Abidi,MM Letsoalo,0,0,"",""
ball,2,36.4,Pakistan,Sana Mir,Nain Abidi,MM Letsoalo,0,0,"",""
ball,2,36.5,Pakistan,Sana Mir,Nain Abidi,MM Letsoalo,0,0,"",""
ball,2,36.6,Pakistan,Sana Mir,Nain Abidi,MM Letsoalo,4,0,"",""
ball,2,37.1,Pakistan,Nain Abidi,Sana Mir,A Khaka,0,0,"",""
ball,2,37.2,Pakistan,Nain Abidi,Sana Mir,A Khaka,1,0,"",""
ball,2,37.3,Pakistan,Sana Mir,Nain Abidi,A Khaka,0,0,"",""
ball,2,37.4,Pakistan,Sana Mir,Nain Abidi,A Khaka,0,0,"",""
ball,2,37.5,Pakistan,Sana Mir,Nain Abidi,A Khaka,1,0,"",""
ball,2,37.6,Pakistan,Nain Abidi,Sana Mir,A Khaka,0,3,"",""
ball,2,38.1,Pakistan,Nain Abidi,Sana Mir,D van Niekerk,0,0,"",""
ball,2,38.2,Pakistan,Nain Abidi,Sana Mir,D van Niekerk,0,0,"",""
ball,2,38.3,Pakistan,Nain Abidi,Sana Mir,D van Niekerk,6,0,"",""
ball,2,38.4,Pakistan,Nain Abidi,Sana Mir,D van Niekerk,0,0,"",""
ball,2,38.5,Pakistan,Nain Abidi,Sana Mir,D van Niekerk,0,0,"",""
ball,2,38.6,Pakistan,Nain Abidi,Sana Mir,D van Niekerk,1,0,"",""
ball,2,39.1,Pakistan,Nain Abidi,Sana Mir,A Khaka,0,0,"",""
ball,2,39.2,Pakistan,Nain Abidi,Sana Mir,A Khaka,0,0,"",""
ball,2,39.3,Pakistan,Nain Abidi,Sana Mir,A Khaka,0,0,"",""
ball,2,39.4,Pakistan,Nain Abidi,Sana Mir,A Khaka,0,0,"",""
ball,2,39.5,Pakistan,Nain Abidi,Sana Mir,A Khaka,0,0,"",""
ball,2,39.6,Pakistan,Nain Abidi,Sana Mir,A Khaka,0,0,"",""
ball,2,40.1,Pakistan,Sana Mir,Nain Abidi,D van Niekerk,0,0,"",""
ball,2,40.2,Pakistan,Sana Mir,Nain Abidi,D van Niekerk,1,0,"",""
ball,2,40.3,Pakistan,Nain Abidi,Sana Mir,D van Niekerk,4,0,"",""
ball,2,40.4,Pakistan,Nain Abidi,Sana Mir,D van Niekerk,0,0,"",""
ball,2,40.5,Pakistan,Nain Abidi,Sana Mir,D van Niekerk,0,0,"",""
ball,2,40.6,Pakistan,Nain Abidi,Sana Mir,D van Niekerk,0,0,"",""
ball,2,41.1,Pakistan,Sana Mir,Nain Abidi,A Khaka,0,0,"",""
ball,2,41.2,Pakistan,Sana Mir,Nain Abidi,A Khaka,0,0,"",""
ball,2,41.3,Pakistan,Sana Mir,Nain Abidi,A Khaka,4,0,"",""
ball,2,41.4,Pakistan,Sana Mir,Nain Abidi,A Khaka,0,0,"",""
ball,2,41.5,Pakistan,Sana Mir,Nain Abidi,A Khaka,0,0,"",""
ball,2,41.6,Pakistan,Sana Mir,Nain Abidi,A Khaka,0,0,"",""
ball,2,42.1,Pakistan,Nain Abidi,Sana Mir,S Ismail,0,0,"",""
ball,2,42.2,Pakistan,Nain Abidi,Sana Mir,S Ismail,0,0,"",""
ball,2,42.3,Pakistan,Nain Abidi,Sana Mir,S Ismail,0,0,"",""
ball,2,42.4,Pakistan,Nain Abidi,Sana Mir,S Ismail,1,0,"",""
ball,2,42.5,Pakistan,Sana Mir,Nain Abidi,S Ismail,1,0,"",""
ball,2,42.6,Pakistan,Nain Abidi,Sana Mir,S Ismail,0,0,"",""
ball,2,43.1,Pakistan,Sana Mir,Nain Abidi,M Kapp,0,0,"",""
ball,2,43.2,Pakistan,Sana Mir,Nain Abidi,M Kapp,0,0,"",""
ball,2,43.3,Pakistan,Sana Mir,Nain Abidi,M Kapp,0,0,"",""
ball,2,43.4,Pakistan,Sana Mir,Nain Abidi,M Kapp,2,0,"",""
ball,2,43.5,Pakistan,Sana Mir,Nain Abidi,M Kapp,1,0,"",""
ball,2,43.6,Pakistan,Nain Abidi,Sana Mir,M Kapp,1,0,"",""
ball,2,44.1,Pakistan,Nain Abidi,Sana Mir,S Ismail,1,0,"",""
ball,2,44.2,Pakistan,Sana Mir,Nain Abidi,S Ismail,4,0,"",""
ball,2,44.3,Pakistan,Sana Mir,Nain Abidi,S Ismail,1,0,"",""
ball,2,44.4,Pakistan,Nain Abidi,Sana Mir,S Ismail,0,0,"",""
ball,2,44.5,Pakistan,Nain Abidi,Sana Mir,S Ismail,1,0,"",""
ball,2,44.6,Pakistan,Sana Mir,Nain Abidi,S Ismail,1,0,"",""
ball,2,45.1,Pakistan,Sana Mir,Nain Abidi,M Kapp,1,0,"",""
ball,2,45.2,Pakistan,Nain Abidi,Sana Mir,M Kapp,0,0,"",""
ball,2,45.3,Pakistan,Nain Abidi,Sana Mir,M Kapp,1,0,"",""
ball,2,45.4,Pakistan,Sana Mir,Nain Abidi,M Kapp,0,0,"",""
ball,2,45.5,Pakistan,Sana Mir,Nain Abidi,M Kapp,0,1,"",""
ball,2,45.6,Pakistan,Nain Abidi,Sana Mir,M Kapp,0,0,"",""
ball,2,46.1,Pakistan,Sana Mir,Nain Abidi,A Khaka,5,0,"",""
ball,2,46.2,Pakistan,Nain Abidi,Sana Mir,A Khaka,1,0,"",""
ball,2,46.3,Pakistan,Sana Mir,Nain Abidi,A Khaka,1,0,"",""
ball,2,46.4,Pakistan,Nain Abidi,Sana Mir,A Khaka,0,0,"",""
ball,2,46.5,Pakistan,Nain Abidi,Sana Mir,A Khaka,4,0,"",""
ball,2,46.6,Pakistan,Nain Abidi,Sana Mir,A Khaka,1,0,"",""
ball,2,47.1,Pakistan,Nain Abidi,Sana Mir,M Kapp,0,0,caught,Nain Abidi
ball,2,47.2,Pakistan,Rabiya Shah,Sana Mir,M Kapp,0,1,"",""
ball,2,47.3,Pakistan,Sana Mir,Rabiya Shah,M Kapp,0,0,"",""
ball,2,47.4,Pakistan,Sana Mir,Rabiya Shah,M Kapp,0,0,"",""
ball,2,47.5,Pakistan,Sana Mir,Rabiya Shah,M Kapp,1,0,"",""
ball,2,47.6,Pakistan,Rabiya Shah,Sana Mir,M Kapp,0,0,"",""
ball,2,48.1,Pakistan,Sana Mir,Rabiya Shah,A Khaka,0,0,"",""
ball,2,48.2,Pakistan,Sana Mir,Rabiya Shah,A Khaka,1,0,"",""
ball,2,48.3,Pakistan,Rabiya Shah,Sana Mir,A Khaka,0,0,"",""
ball,2,48.4,Pakistan,Rabiya Shah,Sana Mir,A Khaka,1,0,"",""
ball,2,48.5,Pakistan,Sana Mir,Rabiya Shah,A Khaka,2,0,"",""
ball,2,48.6,Pakistan,Sana Mir,Rabiya Shah,A Khaka,0,0,"",""
ball,2,49.1,Pakistan,Rabiya Shah,Sana Mir,M Kapp,0,0,"",""
ball,2,49.2,Pakistan,Rabiya Shah,Sana Mir,M Kapp,0,0,"",""
ball,2,49.3,Pakistan,Rabiya Shah,Sana Mir,M Kapp,4,0,"",""
ball,2,49.4,Pakistan,Rabiya Shah,Sana Mir,M Kapp,0,0,"",""
ball,2,49.5,Pakistan,Rabiya Shah,Sana Mir,M Kapp,0,1,"",""
ball,2,49.6,Pakistan,Rabiya Shah,Sana Mir,M Kapp,4,0,"",""
ball,2,49.7,Pakistan,Rabiya Shah,Sana Mir,M Kapp,0,0,"",""
