version,1.3.0
info,team,Sri Lanka
info,team,Zimbabwe
info,gender,female
info,season,2016/17
info,date,2017/02/11
info,competition,ICC Women's World Cup Qualifier
info,match_number,15
info,venue,Nondescripts Cricket Club Ground
info,city,Colombo
info,toss_winner,Zimbabwe
info,toss_decision,bat
info,player_of_match,I Ranaweera
info,umpire,M Hawthorne
info,umpire,S Redfern
info,reserve_umpire,IN Ramage
info,winner,Sri Lanka
info,winner_wickets,8
ball,1,0.1,Zimbabwe,L Tshuma,M Mupachikwa,KDU Prabodhani,0,0,"",""
ball,1,0.2,Zimbabwe,L Tshuma,M Mupachikwa,KDU Prabodhani,0,0,"",""
ball,1,0.3,Zimbabwe,L Tshuma,M Mupachikwa,KDU Prabodhani,0,0,"",""
ball,1,0.4,Zimbabwe,L Tshuma,M Mupachikwa,KDU Prabodhani,4,0,"",""
ball,1,0.5,Zimbabwe,L Tshuma,M Mupachikwa,KDU Prabodhani,0,0,"",""
ball,1,0.6,Zimbabwe,L Tshuma,M Mupachikwa,KDU Prabodhani,0,0,"",""
ball,1,1.1,Zimbabwe,M Mupachikwa,L Tshuma,SIP Fernando,0,0,"",""
ball,1,1.2,Zimbabwe,M Mupachikwa,L Tshuma,SIP Fernando,0,0,"",""
ball,1,1.3,Zimbabwe,M Mupachikwa,L Tshuma,SIP Fernando,0,0,"",""
ball,1,1.4,Zimbabwe,M Mupachikwa,L Tshuma,SIP Fernando,0,0,"",""
ball,1,1.5,Zimbabwe,M Mupachikwa,L Tshuma,SIP Fernando,0,0,"",""
ball,1,1.6,Zimbabwe,M Mupachikwa,L Tshuma,SIP Fernando,0,0,"",""
ball,1,2.1,Zimbabwe,L Tshuma,M Mupachikwa,KDU Prabodhani,0,0,"",""
ball,1,2.2,Zimbabwe,L Tshuma,M Mupachikwa,KDU Prabodhani,0,0,"",""
ball,1,2.3,Zimbabwe,L Tshuma,M Mupachikwa,KDU Prabodhani,0,0,"",""
ball,1,2.4,Zimbabwe,L Tshuma,M Mupachikwa,KDU Prabodhani,0,0,"",""
ball,1,2.5,Zimbabwe,L Tshuma,M Mupachikwa,KDU Prabodhani,0,0,"",""
ball,1,2.6,Zimbabwe,L Tshuma,M Mupachikwa,KDU Prabodhani,0,0,"",""
ball,1,3.1,Zimbabwe,M Mupachikwa,L Tshuma,SIP Fernando,2,0,"",""
ball,1,3.2,Zimbabwe,M Mupachikwa,L Tshuma,SIP Fernando,0,0,"",""
ball,1,3.3,Zimbabwe,M Mupachikwa,L Tshuma,SIP Fernando,0,0,"",""
ball,1,3.4,Zimbabwe,M Mupachikwa,L Tshuma,SIP Fernando,0,0,"",""
ball,1,3.5,Zimbabwe,M Mupachikwa,L Tshuma,SIP Fernando,1,0,"",""
ball,1,3.6,Zimbabwe,L Tshuma,M Mupachikwa,SIP Fernando,0,0,"",""
ball,1,4.1,Zimbabwe,M Mupachikwa,L Tshuma,KDU Prabodhani,0,0,"",""
ball,1,4.2,Zimbabwe,M Mupachikwa,L Tshuma,KDU Prabodhani,0,0,"",""
ball,1,4.3,Zimbabwe,M Mupachikwa,L Tshuma,KDU Prabodhani,0,0,"",""
ball,1,4.4,Zimbabwe,M Mupachikwa,L Tshuma,KDU Prabodhani,0,0,"",""
ball,1,4.5,Zimbabwe,M Mupachikwa,L Tshuma,KDU Prabodhani,2,0,"",""
ball,1,4.6,Zimbabwe,M Mupachikwa,L Tshuma,KDU Prabodhani,0,0,"",""
ball,1,5.1,Zimbabwe,L Tshuma,M Mupachikwa,SIP Fernando,0,0,"",""
ball,1,5.2,Zimbabwe,L Tshuma,M Mupachikwa,SIP Fernando,0,0,"",""
ball,1,5.3,Zimbabwe,L Tshuma,M Mupachikwa,SIP Fernando,0,0,"",""
ball,1,5.4,Zimbabwe,L Tshuma,M Mupachikwa,SIP Fernando,0,0,"",""
ball,1,5.5,Zimbabwe,L Tshuma,M Mupachikwa,SIP Fernando,0,1,"",""
ball,1,5.6,Zimbabwe,L Tshuma,M Mupachikwa,SIP Fernando,4,0,"",""
ball,1,5.7,Zimbabwe,L Tshuma,M Mupachikwa,SIP Fernando,0,1,"",""
ball,1,5.8,Zimbabwe,L Tshuma,M Mupachikwa,SIP Fernando,0,0,"",""
ball,1,6.1,Zimbabwe,M Mupachikwa,L Tshuma,KDU Prabodhani,0,0,"",""
ball,1,6.2,Zimbabwe,M Mupachikwa,L Tshuma,KDU Prabodhani,0,0,"",""
ball,1,6.3,Zimbabwe,M Mupachikwa,L Tshuma,KDU Prabodhani,0,0,"",""
ball,1,6.4,Zimbabwe,M Mupachikwa,L Tshuma,KDU Prabodhani,0,0,"",""
ball,1,6.5,Zimbabwe,M Mupachikwa,L Tshuma,KDU Prabodhani,0,0,"",""
ball,1,6.6,Zimbabwe,M Mupachikwa,L Tshuma,KDU Prabodhani,0,0,"",""
ball,1,7.1,Zimbabwe,L Tshuma,M Mupachikwa,SS Weerakkody,0,0,"",""
ball,1,7.2,Zimbabwe,L Tshuma,M Mupachikwa,SS Weerakkody,1,0,"",""
ball,1,7.3,Zimbabwe,M Mupachikwa,L Tshuma,SS Weerakkody,0,0,"",""
ball,1,7.4,Zimbabwe,M Mupachikwa,L Tshuma,SS Weerakkody,0,0,"",""
ball,1,7.5,Zimbabwe,M Mupachikwa,L Tshuma,SS Weerakkody,0,0,"",""
ball,1,7.6,Zimbabwe,M Mupachikwa,L Tshuma,SS Weerakkody,4,0,"",""
ball,1,8.1,Zimbabwe,L Tshuma,M Mupachikwa,KDU Prabodhani,0,1,"",""
ball,1,8.2,Zimbabwe,L Tshuma,M Mupachikwa,KDU Prabodhani,0,0,"",""
ball,1,8.3,Zimbabwe,L Tshuma,M Mupachikwa,KDU Prabodhani,0,0,"",""
ball,1,8.4,Zimbabwe,L Tshuma,M Mupachikwa,KDU Prabodhani,0,0,"",""
ball,1,8.5,Zimbabwe,L Tshuma,M Mupachikwa,KDU Prabodhani,0,0,"",""
ball,1,8.6,Zimbabwe,L Tshuma,M Mupachikwa,KDU Prabodhani,1,0,"",""
ball,1,8.7,Zimbabwe,M Mupachikwa,L Tshuma,KDU Prabodhani,0,0,"",""
ball,1,9.1,Zimbabwe,L Tshuma,M Mupachikwa,SS Weerakkody,0,0,"",""
ball,1,9.2,Zimbabwe,L Tshuma,M Mupachikwa,SS Weerakkody,4,0,"",""
ball,1,9.3,Zimbabwe,L Tshuma,M Mupachikwa,SS Weerakkody,0,0,"",""
ball,1,9.4,Zimbabwe,L Tshuma,M Mupachikwa,SS Weerakkody,0,0,"",""
ball,1,9.5,Zimbabwe,L Tshuma,M Mupachikwa,SS Weerakkody,0,0,"",""
ball,1,9.6,Zimbabwe,L Tshuma,M Mupachikwa,SS Weerakkody,0,0,"",""
ball,1,10.1,Zimbabwe,M Mupachikwa,L Tshuma,KDU Prabodhani,0,0,"",""
ball,1,10.2,Zimbabwe,M Mupachikwa,L Tshuma,KDU Prabodhani,1,0,"",""
ball,1,10.3,Zimbabwe,L Tshuma,M Mupachikwa,KDU Prabodhani,1,0,"",""
ball,1,10.4,Zimbabwe,M Mupachikwa,L Tshuma,KDU Prabodhani,0,0,"",""
ball,1,10.5,Zimbabwe,M Mupachikwa,L Tshuma,KDU Prabodhani,0,0,"",""
ball,1,10.6,Zimbabwe,M Mupachikwa,L Tshuma,KDU Prabodhani,0,0,"",""
ball,1,11.1,Zimbabwe,L Tshuma,M Mupachikwa,I Ranaweera,0,0,"",""
ball,1,11.2,Zimbabwe,L Tshuma,M Mupachikwa,I Ranaweera,0,0,"",""
ball,1,11.3,Zimbabwe,L Tshuma,M Mupachikwa,I Ranaweera,0,0,"",""
ball,1,11.4,Zimbabwe,L Tshuma,M Mupachikwa,I Ranaweera,0,0,"",""
ball,1,11.5,Zimbabwe,L Tshuma,M Mupachikwa,I Ranaweera,0,0,"",""
ball,1,11.6,Zimbabwe,L Tshuma,M Mupachikwa,I Ranaweera,0,0,"",""
ball,1,12.1,Zimbabwe,M Mupachikwa,L Tshuma,KDU Prabodhani,0,0,"",""
ball,1,12.2,Zimbabwe,M Mupachikwa,L Tshuma,KDU Prabodhani,1,0,"",""
ball,1,12.3,Zimbabwe,L Tshuma,M Mupachikwa,KDU Prabodhani,1,0,"",""
ball,1,12.4,Zimbabwe,M Mupachikwa,L Tshuma,KDU Prabodhani,0,0,"",""
ball,1,12.5,Zimbabwe,M Mupachikwa,L Tshuma,KDU Prabodhani,0,0,"",""
ball,1,12.6,Zimbabwe,M Mupachikwa,L Tshuma,KDU Prabodhani,0,0,"",""
ball,1,13.1,Zimbabwe,L Tshuma,M Mupachikwa,I Ranaweera,0,0,"",""
ball,1,13.2,Zimbabwe,L Tshuma,M Mupachikwa,I Ranaweera,0,0,"",""
ball,1,13.3,Zimbabwe,L Tshuma,M Mupachikwa,I Ranaweera,0,0,caught and bowled,L Tshuma
ball,1,13.4,Zimbabwe,M Musonda,M Mupachikwa,I Ranaweera,0,0,"",""
ball,1,13.5,Zimbabwe,M Musonda,M Mupachikwa,I Ranaweera,0,0,"",""
ball,1,13.6,Zimbabwe,M Musonda,M Mupachikwa,I Ranaweera,0,0,"",""
ball,1,14.1,Zimbabwe,M Mupachikwa,M Musonda,PRCS Kumarihami,0,0,"",""
ball,1,14.2,Zimbabwe,M Mupachikwa,M Musonda,PRCS Kumarihami,0,0,"",""
ball,1,14.3,Zimbabwe,M Mupachikwa,M Musonda,PRCS Kumarihami,0,0,caught,M Mupachikwa
ball,1,14.4,Zimbabwe,A Ndiraya,M Musonda,PRCS Kumarihami,0,0,"",""
ball,1,14.5,Zimbabwe,A Ndiraya,M Musonda,PRCS Kumarihami,4,0,"",""
ball,1,14.6,Zimbabwe,A Ndiraya,M Musonda,PRCS Kumarihami,0,0,"",""
ball,1,15.1,Zimbabwe,M Musonda,A Ndiraya,I Ranaweera,0,0,"",""
ball,1,15.2,Zimbabwe,M Musonda,A Ndiraya,I Ranaweera,0,0,"",""
ball,1,15.3,Zimbabwe,M Musonda,A Ndiraya,I Ranaweera,0,0,"",""
ball,1,15.4,Zimbabwe,M Musonda,A Ndiraya,I Ranaweera,4,0,"",""
ball,1,15.5,Zimbabwe,M Musonda,A Ndiraya,I Ranaweera,0,0,"",""
ball,1,15.6,Zimbabwe,M Musonda,A Ndiraya,I Ranaweera,0,0,"",""
ball,1,16.1,Zimbabwe,A Ndiraya,M Musonda,PRCS Kumarihami,0,2,"",""
ball,1,16.2,Zimbabwe,A Ndiraya,M Musonda,PRCS Kumarihami,0,0,"",""
ball,1,16.3,Zimbabwe,A Ndiraya,M Musonda,PRCS Kumarihami,0,0,"",""
ball,1,16.4,Zimbabwe,A Ndiraya,M Musonda,PRCS Kumarihami,0,0,"",""
ball,1,16.5,Zimbabwe,A Ndiraya,M Musonda,PRCS Kumarihami,0,0,"",""
ball,1,16.6,Zimbabwe,A Ndiraya,M Musonda,PRCS Kumarihami,0,0,"",""
ball,1,17.1,Zimbabwe,M Musonda,A Ndiraya,I Ranaweera,0,0,"",""
ball,1,17.2,Zimbabwe,M Musonda,A Ndiraya,I Ranaweera,0,0,"",""
ball,1,17.3,Zimbabwe,M Musonda,A Ndiraya,I Ranaweera,0,0,"",""
ball,1,17.4,Zimbabwe,M Musonda,A Ndiraya,I Ranaweera,4,0,"",""
ball,1,17.5,Zimbabwe,M Musonda,A Ndiraya,I Ranaweera,0,0,"",""
ball,1,17.6,Zimbabwe,M Musonda,A Ndiraya,I Ranaweera,0,0,"",""
ball,1,18.1,Zimbabwe,A Ndiraya,M Musonda,PRCS Kumarihami,0,0,"",""
ball,1,18.2,Zimbabwe,A Ndiraya,M Musonda,PRCS Kumarihami,0,0,"",""
ball,1,18.3,Zimbabwe,A Ndiraya,M Musonda,PRCS Kumarihami,1,0,"",""
ball,1,18.4,Zimbabwe,M Musonda,A Ndiraya,PRCS Kumarihami,0,0,"",""
ball,1,18.5,Zimbabwe,M Musonda,A Ndiraya,PRCS Kumarihami,0,0,"",""
ball,1,18.6,Zimbabwe,M Musonda,A Ndiraya,PRCS Kumarihami,0,0,"",""
ball,1,19.1,Zimbabwe,A Ndiraya,M Musonda,AC Jayangani,1,0,"",""
ball,1,19.2,Zimbabwe,M Musonda,A Ndiraya,AC Jayangani,0,0,"",""
ball,1,19.3,Zimbabwe,M Musonda,A Ndiraya,AC Jayangani,0,0,"",""
ball,1,19.4,Zimbabwe,M Musonda,A Ndiraya,AC Jayangani,2,0,"",""
ball,1,19.5,Zimbabwe,M Musonda,A Ndiraya,AC Jayangani,0,0,"",""
ball,1,19.6,Zimbabwe,M Musonda,A Ndiraya,AC Jayangani,0,0,"",""
ball,1,20.1,Zimbabwe,A Ndiraya,M Musonda,PRCS Kumarihami,1,0,"",""
ball,1,20.2,Zimbabwe,M Musonda,A Ndiraya,PRCS Kumarihami,0,0,"",""
ball,1,20.3,Zimbabwe,M Musonda,A Ndiraya,PRCS Kumarihami,1,0,"",""
ball,1,20.4,Zimbabwe,A Ndiraya,M Musonda,PRCS Kumarihami,0,0,"",""
ball,1,20.5,Zimbabwe,A Ndiraya,M Musonda,PRCS Kumarihami,0,0,"",""
ball,1,20.6,Zimbabwe,A Ndiraya,M Musonda,PRCS Kumarihami,1,0,"",""
ball,1,21.1,Zimbabwe,A Ndiraya,M Musonda,AC Jayangani,0,0,"",""
ball,1,21.2,Zimbabwe,A Ndiraya,M Musonda,AC Jayangani,0,0,"",""
ball,1,21.3,Zimbabwe,A Ndiraya,M Musonda,AC Jayangani,0,0,"",""
ball,1,21.4,Zimbabwe,A Ndiraya,M Musonda,AC Jayangani,0,0,"",""
ball,1,21.5,Zimbabwe,A Ndiraya,M Musonda,AC Jayangani,1,0,"",""
ball,1,21.6,Zimbabwe,M Musonda,A Ndiraya,AC Jayangani,4,0,"",""
ball,1,22.1,Zimbabwe,A Ndiraya,M Musonda,SIP Fernando,4,0,"",""
ball,1,22.2,Zimbabwe,A Ndiraya,M Musonda,SIP Fernando,1,0,"",""
ball,1,22.3,Zimbabwe,M Musonda,A Ndiraya,SIP Fernando,1,0,"",""
ball,1,22.4,Zimbabwe,A Ndiraya,M Musonda,SIP Fernando,1,0,"",""
ball,1,22.5,Zimbabwe,M Musonda,A Ndiraya,SIP Fernando,0,0,"",""
ball,1,22.6,Zimbabwe,M Musonda,A Ndiraya,SIP Fernando,0,0,"",""
ball,1,23.1,Zimbabwe,A Ndiraya,M Musonda,AC Jayangani,0,0,"",""
ball,1,23.2,Zimbabwe,A Ndiraya,M Musonda,AC Jayangani,1,0,"",""
ball,1,23.3,Zimbabwe,M Musonda,A Ndiraya,AC Jayangani,0,0,"",""
ball,1,23.4,Zimbabwe,M Musonda,A Ndiraya,AC Jayangani,0,0,"",""
ball,1,23.5,Zimbabwe,M Musonda,A Ndiraya,AC Jayangani,0,0,"",""
ball,1,23.6,Zimbabwe,M Musonda,A Ndiraya,AC Jayangani,2,0,"",""
ball,1,24.1,Zimbabwe,A Ndiraya,M Musonda,I Ranaweera,0,0,"",""
ball,1,24.2,Zimbabwe,A Ndiraya,M Musonda,I Ranaweera,0,0,"",""
ball,1,24.3,Zimbabwe,A Ndiraya,M Musonda,I Ranaweera,0,0,"",""
ball,1,24.4,Zimbabwe,A Ndiraya,M Musonda,I Ranaweera,1,0,"",""
ball,1,24.5,Zimbabwe,M Musonda,A Ndiraya,I Ranaweera,0,0,"",""
ball,1,24.6,Zimbabwe,M Musonda,A Ndiraya,I Ranaweera,1,0,"",""
ball,1,25.1,Zimbabwe,M Musonda,A Ndiraya,AC Jayangani,0,0,"",""
ball,1,25.2,Zimbabwe,M Musonda,A Ndiraya,AC Jayangani,0,0,"",""
ball,1,25.3,Zimbabwe,M Musonda,A Ndiraya,AC Jayangani,0,0,"",""
ball,1,25.4,Zimbabwe,M Musonda,A Ndiraya,AC Jayangani,1,0,"",""
ball,1,25.5,Zimbabwe,A Ndiraya,M Musonda,AC Jayangani,0,0,"",""
ball,1,25.6,Zimbabwe,A Ndiraya,M Musonda,AC Jayangani,0,0,"",""
ball,1,26.1,Zimbabwe,M Musonda,A Ndiraya,LE Kaushalya,0,0,"",""
ball,1,26.2,Zimbabwe,M Musonda,A Ndiraya,LE Kaushalya,0,0,"",""
ball,1,26.3,Zimbabwe,M Musonda,A Ndiraya,LE Kaushalya,1,0,"",""
ball,1,26.4,Zimbabwe,A Ndiraya,M Musonda,LE Kaushalya,0,1,"",""
ball,1,26.5,Zimbabwe,A Ndiraya,M Musonda,LE Kaushalya,1,0,"",""
ball,1,26.6,Zimbabwe,M Musonda,A Ndiraya,LE Kaushalya,1,0,"",""
ball,1,26.7,Zimbabwe,A Ndiraya,M Musonda,LE Kaushalya,1,0,"",""
ball,1,27.1,Zimbabwe,A Ndiraya,M Musonda,AC Jayangani,1,0,"",""
ball,1,27.2,Zimbabwe,M Musonda,A Ndiraya,AC Jayangani,0,0,"",""
ball,1,27.3,Zimbabwe,M Musonda,A Ndiraya,AC Jayangani,0,0,"",""
ball,1,27.4,Zimbabwe,M Musonda,A Ndiraya,AC Jayangani,0,0,"",""
ball,1,27.5,Zimbabwe,M Musonda,A Ndiraya,AC Jayangani,0,0,"",""
ball,1,27.6,Zimbabwe,M Musonda,A Ndiraya,AC Jayangani,0,0,"",""
ball,1,28.1,Zimbabwe,A Ndiraya,M Musonda,LE Kaushalya,4,0,"",""
ball,1,28.2,Zimbabwe,A Ndiraya,M Musonda,LE Kaushalya,0,0,caught,A Ndiraya
ball,1,28.3,Zimbabwe,N Nyathi,M Musonda,LE Kaushalya,0,1,"",""
ball,1,28.4,Zimbabwe,N Nyathi,M Musonda,LE Kaushalya,0,0,"",""
ball,1,28.5,Zimbabwe,N Nyathi,M Musonda,LE Kaushalya,1,0,"",""
ball,1,28.6,Zimbabwe,M Musonda,N Nyathi,LE Kaushalya,0,0,"",""
ball,1,28.7,Zimbabwe,M Musonda,N Nyathi,LE Kaushalya,1,0,"",""
ball,1,29.1,Zimbabwe,M Musonda,N Nyathi,AC Jayangani,0,0,"",""
ball,1,29.2,Zimbabwe,M Musonda,N Nyathi,AC Jayangani,0,0,"",""
ball,1,29.3,Zimbabwe,M Musonda,N Nyathi,AC Jayangani,4,0,"",""
ball,1,29.4,Zimbabwe,M Musonda,N Nyathi,AC Jayangani,0,0,"",""
ball,1,29.5,Zimbabwe,M Musonda,N Nyathi,AC Jayangani,1,0,"",""
ball,1,29.6,Zimbabwe,N Nyathi,M Musonda,AC Jayangani,0,0,"",""
ball,1,30.1,Zimbabwe,M Musonda,N Nyathi,LE Kaushalya,0,0,"",""
ball,1,30.2,Zimbabwe,M Musonda,N Nyathi,LE Kaushalya,0,0,"",""
ball,1,30.3,Zimbabwe,M Musonda,N Nyathi,LE Kaushalya,0,0,"",""
ball,1,30.4,Zimbabwe,M Musonda,N Nyathi,LE Kaushalya,0,0,"",""
ball,1,30.5,Zimbabwe,M Musonda,N Nyathi,LE Kaushalya,0,0,"",""
ball,1,30.6,Zimbabwe,M Musonda,N Nyathi,LE Kaushalya,0,0,"",""
ball,1,31.1,Zimbabwe,N Nyathi,M Musonda,I Ranaweera,0,1,"",""
ball,1,31.2,Zimbabwe,M Musonda,N Nyathi,I Ranaweera,0,0,"",""
ball,1,31.3,Zimbabwe,M Musonda,N Nyathi,I Ranaweera,1,0,"",""
ball,1,31.4,Zimbabwe,N Nyathi,M Musonda,I Ranaweera,0,0,caught,N Nyathi
ball,1,31.5,Zimbabwe,SM Mayers,M Musonda,I Ranaweera,0,0,"",""
ball,1,31.6,Zimbabwe,SM Mayers,M Musonda,I Ranaweera,0,0,"",""
ball,1,32.1,Zimbabwe,M Musonda,SM Mayers,LE Kaushalya,0,0,"",""
ball,1,32.2,Zimbabwe,M Musonda,SM Mayers,LE Kaushalya,1,0,"",""
ball,1,32.3,Zimbabwe,SM Mayers,M Musonda,LE Kaushalya,0,0,"",""
ball,1,32.4,Zimbabwe,SM Mayers,M Musonda,LE Kaushalya,0,0,"",""
ball,1,32.5,Zimbabwe,SM Mayers,M Musonda,LE Kaushalya,2,0,"",""
ball,1,32.6,Zimbabwe,SM Mayers,M Musonda,LE Kaushalya,0,0,"",""
ball,1,33.1,Zimbabwe,M Musonda,SM Mayers,I Ranaweera,1,0,"",""
ball,1,33.2,Zimbabwe,SM Mayers,M Musonda,I Ranaweera,0,0,"",""
ball,1,33.3,Zimbabwe,SM Mayers,M Musonda,I Ranaweera,0,0,"",""
ball,1,33.4,Zimbabwe,SM Mayers,M Musonda,I Ranaweera,0,0,"",""
ball,1,33.5,Zimbabwe,SM Mayers,M Musonda,I Ranaweera,0,0,"",""
ball,1,33.6,Zimbabwe,SM Mayers,M Musonda,I Ranaweera,0,0,lbw,SM Mayers
ball,1,34.1,Zimbabwe,M Musonda,P Marange,LE Kaushalya,0,0,"",""
ball,1,34.2,Zimbabwe,M Musonda,P Marange,LE Kaushalya,0,1,"",""
ball,1,34.3,Zimbabwe,M Musonda,P Marange,LE Kaushalya,1,0,"",""
ball,1,34.4,Zimbabwe,P Marange,M Musonda,LE Kaushalya,0,0,"",""
ball,1,34.5,Zimbabwe,P Marange,M Musonda,LE Kaushalya,0,0,"",""
ball,1,34.6,Zimbabwe,P Marange,M Musonda,LE Kaushalya,0,0,"",""
ball,1,34.7,Zimbabwe,P Marange,M Musonda,LE Kaushalya,0,1,"",""
ball,1,34.8,Zimbabwe,P Marange,M Musonda,LE Kaushalya,0,0,"",""
ball,1,35.1,Zimbabwe,M Musonda,P Marange,I Ranaweera,0,0,"",""
ball,1,35.2,Zimbabwe,M Musonda,P Marange,I Ranaweera,0,0,"",""
ball,1,35.3,Zimbabwe,M Musonda,P Marange,I Ranaweera,0,0,"",""
ball,1,35.4,Zimbabwe,M Musonda,P Marange,I Ranaweera,0,0,"",""
ball,1,35.5,Zimbabwe,M Musonda,P Marange,I Ranaweera,0,0,bowled,M Musonda
ball,1,35.6,Zimbabwe,P Mujaji,P Marange,I Ranaweera,0,0,"",""
ball,1,36.1,Zimbabwe,P Marange,P Mujaji,KDU Prabodhani,0,0,"",""
ball,1,36.2,Zimbabwe,P Marange,P Mujaji,KDU Prabodhani,4,0,"",""
ball,1,36.3,Zimbabwe,P Marange,P Mujaji,KDU Prabodhani,0,1,"",""
ball,1,36.4,Zimbabwe,P Mujaji,P Marange,KDU Prabodhani,0,0,"",""
ball,1,36.5,Zimbabwe,P Mujaji,P Marange,KDU Prabodhani,1,0,"",""
ball,1,36.6,Zimbabwe,P Marange,P Mujaji,KDU Prabodhani,0,0,"",""
ball,1,37.1,Zimbabwe,P Mujaji,P Marange,I Ranaweera,0,0,"",""
ball,1,37.2,Zimbabwe,P Mujaji,P Marange,I Ranaweera,0,0,"",""
ball,1,37.3,Zimbabwe,P Mujaji,P Marange,I Ranaweera,0,0,"",""
ball,1,37.4,Zimbabwe,P Mujaji,P Marange,I Ranaweera,4,0,"",""
ball,1,37.5,Zimbabwe,P Mujaji,P Marange,I Ranaweera,0,0,"",""
ball,1,37.6,Zimbabwe,P Mujaji,P Marange,I Ranaweera,0,0,"",""
ball,1,38.1,Zimbabwe,P Marange,P Mujaji,KDU Prabodhani,0,0,"",""
ball,1,38.2,Zimbabwe,P Marange,P Mujaji,KDU Prabodhani,0,0,"",""
ball,1,38.3,Zimbabwe,P Marange,P Mujaji,KDU Prabodhani,1,0,"",""
ball,1,38.4,Zimbabwe,P Mujaji,P Marange,KDU Prabodhani,0,0,"",""
ball,1,38.5,Zimbabwe,P Mujaji,P Marange,KDU Prabodhani,1,0,"",""
ball,1,38.6,Zimbabwe,P Marange,P Mujaji,KDU Prabodhani,0,0,"",""
ball,1,39.1,Zimbabwe,P Mujaji,P Marange,PRCS Kumarihami,0,0,"",""
ball,1,39.2,Zimbabwe,P Mujaji,P Marange,PRCS Kumarihami,0,0,"",""
ball,1,39.3,Zimbabwe,P Mujaji,P Marange,PRCS Kumarihami,0,0,lbw,P Mujaji
ball,1,39.4,Zimbabwe,J Nkomo,P Marange,PRCS Kumarihami,0,0,"",""
ball,1,39.5,Zimbabwe,J Nkomo,P Marange,PRCS Kumarihami,0,0,"",""
ball,1,39.6,Zimbabwe,J Nkomo,P Marange,PRCS Kumarihami,0,0,"",""
ball,1,40.1,Zimbabwe,P Marange,J Nkomo,KDU Prabodhani,1,0,"",""
ball,1,40.2,Zimbabwe,J Nkomo,P Marange,KDU Prabodhani,1,0,"",""
ball,1,40.3,Zimbabwe,P Marange,J Nkomo,KDU Prabodhani,1,0,"",""
ball,1,40.4,Zimbabwe,J Nkomo,P Marange,KDU Prabodhani,4,0,"",""
ball,1,40.5,Zimbabwe,J Nkomo,P Marange,KDU Prabodhani,0,1,"",""
ball,1,40.6,Zimbabwe,J Nkomo,P Marange,KDU Prabodhani,1,0,"",""
ball,1,40.7,Zimbabwe,P Marange,J Nkomo,KDU Prabodhani,0,0,"",""
ball,1,41.1,Zimbabwe,J Nkomo,P Marange,PRCS Kumarihami,0,0,"",""
ball,1,41.2,Zimbabwe,J Nkomo,P Marange,PRCS Kumarihami,0,0,"",""
ball,1,41.3,Zimbabwe,J Nkomo,P Marange,PRCS Kumarihami,0,0,"",""
ball,1,41.4,Zimbabwe,J Nkomo,P Marange,PRCS Kumarihami,0,0,"",""
ball,1,41.5,Zimbabwe,J Nkomo,P Marange,PRCS Kumarihami,0,0,"",""
ball,1,41.6,Zimbabwe,J Nkomo,P Marange,PRCS Kumarihami,0,0,"",""
ball,1,42.1,Zimbabwe,P Marange,J Nkomo,SS Weerakkody,0,0,"",""
ball,1,42.2,Zimbabwe,P Marange,J Nkomo,SS Weerakkody,0,0,"",""
ball,1,42.3,Zimbabwe,P Marange,J Nkomo,SS Weerakkody,1,0,"",""
ball,1,42.4,Zimbabwe,J Nkomo,P Marange,SS Weerakkody,0,0,"",""
ball,1,42.5,Zimbabwe,J Nkomo,P Marange,SS Weerakkody,2,0,"",""
ball,1,42.6,Zimbabwe,J Nkomo,P Marange,SS Weerakkody,1,0,"",""
ball,1,43.1,Zimbabwe,J Nkomo,P Marange,I Ranaweera,0,0,"",""
ball,1,43.2,Zimbabwe,J Nkomo,P Marange,I Ranaweera,0,0,"",""
ball,1,43.3,Zimbabwe,J Nkomo,P Marange,I Ranaweera,1,0,"",""
ball,1,43.4,Zimbabwe,P Marange,J Nkomo,I Ranaweera,0,0,"",""
ball,1,43.5,Zimbabwe,P Marange,J Nkomo,I Ranaweera,0,0,"",""
ball,1,43.6,Zimbabwe,P Marange,J Nkomo,I Ranaweera,1,0,"",""
ball,1,44.1,Zimbabwe,P Marange,J Nkomo,SS Weerakkody,0,0,"",""
ball,1,44.2,Zimbabwe,P Marange,J Nkomo,SS Weerakkody,4,0,"",""
ball,1,44.3,Zimbabwe,P Marange,J Nkomo,SS Weerakkody,0,0,"",""
ball,1,44.4,Zimbabwe,P Marange,J Nkomo,SS Weerakkody,0,0,"",""
ball,1,44.5,Zimbabwe,P Marange,J Nkomo,SS Weerakkody,0,0,"",""
ball,1,44.6,Zimbabwe,P Marange,J Nkomo,SS Weerakkody,0,0,"",""
ball,1,45.1,Zimbabwe,J Nkomo,P Marange,PRCS Kumarihami,1,0,"",""
ball,1,45.2,Zimbabwe,P Marange,J Nkomo,PRCS Kumarihami,4,0,"",""
ball,1,45.3,Zimbabwe,P Marange,J Nkomo,PRCS Kumarihami,1,0,"",""
ball,1,45.4,Zimbabwe,J Nkomo,P Marange,PRCS Kumarihami,1,0,"",""
ball,1,45.5,Zimbabwe,P Marange,J Nkomo,PRCS Kumarihami,0,0,"",""
ball,1,45.6,Zimbabwe,P Marange,J Nkomo,PRCS Kumarihami,6,0,"",""
ball,1,46.1,Zimbabwe,J Nkomo,P Marange,SS Weerakkody,1,0,"",""
ball,1,46.2,Zimbabwe,P Marange,J Nkomo,SS Weerakkody,1,0,"",""
ball,1,46.3,Zimbabwe,J Nkomo,P Marange,SS Weerakkody,0,0,"",""
ball,1,46.4,Zimbabwe,J Nkomo,P Marange,SS Weerakkody,1,0,"",""
ball,1,46.5,Zimbabwe,P Marange,J Nkomo,SS Weerakkody,1,0,"",""
ball,1,46.6,Zimbabwe,J Nkomo,P Marange,SS Weerakkody,0,0,"",""
ball,1,47.1,Zimbabwe,P Marange,J Nkomo,AC Jayangani,0,0,"",""
ball,1,47.2,Zimbabwe,P Marange,J Nkomo,AC Jayangani,1,0,"",""
ball,1,47.3,Zimbabwe,J Nkomo,P Marange,AC Jayangani,0,0,caught,J Nkomo
ball,1,47.4,Zimbabwe,T Granger,P Marange,AC Jayangani,0,0,"",""
ball,1,47.5,Zimbabwe,T Granger,P Marange,AC Jayangani,0,0,"",""
ball,1,47.6,Zimbabwe,T Granger,P Marange,AC Jayangani,1,0,"",""
ball,1,48.1,Zimbabwe,T Granger,P Marange,SS Weerakkody,0,0,caught,T Granger
ball,1,48.2,Zimbabwe,N Mutasa,P Marange,SS Weerakkody,0,0,"",""
ball,1,48.3,Zimbabwe,N Mutasa,P Marange,SS Weerakkody,0,0,"",""
ball,1,48.4,Zimbabwe,N Mutasa,P Marange,SS Weerakkody,0,0,"",""
ball,1,48.5,Zimbabwe,N Mutasa,P Marange,SS Weerakkody,1,0,"",""
ball,1,48.6,Zimbabwe,P Marange,N Mutasa,SS Weerakkody,1,0,"",""
ball,1,49.1,Zimbabwe,P Marange,N Mutasa,AC Jayangani,0,0,"",""
ball,1,49.2,Zimbabwe,P Marange,N Mutasa,AC Jayangani,0,0,"",""
ball,1,49.3,Zimbabwe,P Marange,N Mutasa,AC Jayangani,1,0,"",""
ball,1,49.4,Zimbabwe,N Mutasa,P Marange,AC Jayangani,0,0,"",""
ball,1,49.5,Zimbabwe,N Mutasa,P Marange,AC Jayangani,0,0,"",""
ball,1,49.6,Zimbabwe,N Mutasa,P Marange,AC Jayangani,0,0,bowled,N Mutasa
ball,2,0.1,Sri Lanka,AC Jayangani,MDN Hansika,N Mutasa,0,0,"",""
ball,2,0.2,Sri Lanka,AC Jayangani,MDN Hansika,N Mutasa,0,0,"",""
ball,2,0.3,Sri Lanka,AC Jayangani,MDN Hansika,N Mutasa,0,0,"",""
ball,2,0.4,Sri Lanka,AC Jayangani,MDN Hansika,N Mutasa,1,0,"",""
ball,2,0.5,Sri Lanka,MDN Hansika,AC Jayangani,N Mutasa,0,0,"",""
ball,2,0.6,Sri Lanka,MDN Hansika,AC Jayangani,N Mutasa,0,0,"",""
ball,2,1.1,Sri Lanka,AC Jayangani,MDN Hansika,J Nkomo,0,1,"",""
ball,2,1.2,Sri Lanka,AC Jayangani,MDN Hansika,J Nkomo,0,0,"",""
ball,2,1.3,Sri Lanka,AC Jayangani,MDN Hansika,J Nkomo,0,0,"",""
ball,2,1.4,Sri Lanka,AC Jayangani,MDN Hansika,J Nkomo,0,0,"",""
ball,2,1.5,Sri Lanka,AC Jayangani,MDN Hansika,J Nkomo,0,0,"",""
ball,2,1.6,Sri Lanka,AC Jayangani,MDN Hansika,J Nkomo,0,0,"",""
ball,2,1.7,Sri Lanka,AC Jayangani,MDN Hansika,J Nkomo,0,0,"",""
ball,2,2.1,Sri Lanka,MDN Hansika,AC Jayangani,N Mutasa,0,0,"",""
ball,2,2.2,Sri Lanka,MDN Hansika,AC Jayangani,N Mutasa,0,0,"",""
ball,2,2.3,Sri Lanka,MDN Hansika,AC Jayangani,N Mutasa,1,0,"",""
ball,2,2.4,Sri Lanka,AC Jayangani,MDN Hansika,N Mutasa,0,0,"",""
ball,2,2.5,Sri Lanka,AC Jayangani,MDN Hansika,N Mutasa,0,0,"",""
ball,2,2.6,Sri Lanka,AC Jayangani,MDN Hansika,N Mutasa,4,0,"",""
ball,2,3.1,Sri Lanka,MDN Hansika,AC Jayangani,J Nkomo,1,0,"",""
ball,2,3.2,Sri Lanka,AC Jayangani,MDN Hansika,J Nkomo,1,0,"",""
ball,2,3.3,Sri Lanka,MDN Hansika,AC Jayangani,J Nkomo,0,0,"",""
ball,2,3.4,Sri Lanka,MDN Hansika,AC Jayangani,J Nkomo,0,0,"",""
ball,2,3.5,Sri Lanka,MDN Hansika,AC Jayangani,J Nkomo,0,0,"",""
ball,2,3.6,Sri Lanka,MDN Hansika,AC Jayangani,J Nkomo,0,0,"",""
ball,2,4.1,Sri Lanka,AC Jayangani,MDN Hansika,N Mutasa,0,0,"",""
ball,2,4.2,Sri Lanka,AC Jayangani,MDN Hansika,N Mutasa,4,0,"",""
ball,2,4.3,Sri Lanka,AC Jayangani,MDN Hansika,N Mutasa,0,0,"",""
ball,2,4.4,Sri Lanka,AC Jayangani,MDN Hansika,N Mutasa,0,0,"",""
ball,2,4.5,Sri Lanka,AC Jayangani,MDN Hansika,N Mutasa,1,0,"",""
ball,2,4.6,Sri Lanka,MDN Hansika,AC Jayangani,N Mutasa,0,0,"",""
ball,2,5.1,Sri Lanka,AC Jayangani,MDN Hansika,J Nkomo,1,0,"",""
ball,2,5.2,Sri Lanka,MDN Hansika,AC Jayangani,J Nkomo,1,0,"",""
ball,2,5.3,Sri Lanka,AC Jayangani,MDN Hansika,J Nkomo,0,0,"",""
ball,2,5.4,Sri Lanka,AC Jayangani,MDN Hansika,J Nkomo,2,0,"",""
ball,2,5.5,Sri Lanka,AC Jayangani,MDN Hansika,J Nkomo,0,0,"",""
ball,2,5.6,Sri Lanka,AC Jayangani,MDN Hansika,J Nkomo,1,0,"",""
ball,2,6.1,Sri Lanka,AC Jayangani,MDN Hansika,N Mutasa,4,0,"",""
ball,2,6.2,Sri Lanka,AC Jayangani,MDN Hansika,N Mutasa,0,0,"",""
ball,2,6.3,Sri Lanka,AC Jayangani,MDN Hansika,N Mutasa,0,0,"",""
ball,2,6.4,Sri Lanka,AC Jayangani,MDN Hansika,N Mutasa,1,0,"",""
ball,2,6.5,Sri Lanka,MDN Hansika,AC Jayangani,N Mutasa,0,0,"",""
ball,2,6.6,Sri Lanka,MDN Hansika,AC Jayangani,N Mutasa,4,0,"",""
ball,2,7.1,Sri Lanka,AC Jayangani,MDN Hansika,J Nkomo,0,0,"",""
ball,2,7.2,Sri Lanka,AC Jayangani,MDN Hansika,J Nkomo,4,0,"",""
ball,2,7.3,Sri Lanka,AC Jayangani,MDN Hansika,J Nkomo,0,0,"",""
ball,2,7.4,Sri Lanka,AC Jayangani,MDN Hansika,J Nkomo,4,0,"",""
ball,2,7.5,Sri Lanka,AC Jayangani,MDN Hansika,J Nkomo,0,0,"",""
ball,2,7.6,Sri Lanka,AC Jayangani,MDN Hansika,J Nkomo,3,0,"",""
ball,2,8.1,Sri Lanka,AC Jayangani,MDN Hansika,P Marange,0,0,"",""
ball,2,8.2,Sri Lanka,AC Jayangani,MDN Hansika,P Marange,1,0,"",""
ball,2,8.3,Sri Lanka,MDN Hansika,AC Jayangani,P Marange,0,0,"",""
ball,2,8.4,Sri Lanka,MDN Hansika,AC Jayangani,P Marange,0,0,"",""
ball,2,8.5,Sri Lanka,MDN Hansika,AC Jayangani,P Marange,4,0,"",""
ball,2,8.6,Sri Lanka,MDN Hansika,AC Jayangani,P Marange,0,1,"",""
ball,2,8.7,Sri Lanka,MDN Hansika,AC Jayangani,P Marange,0,0,"",""
ball,2,9.1,Sri Lanka,AC Jayangani,MDN Hansika,T Granger,0,0,"",""
ball,2,9.2,Sri Lanka,AC Jayangani,MDN Hansika,T Granger,4,0,"",""
ball,2,9.3,Sri Lanka,AC Jayangani,MDN Hansika,T Granger,4,0,"",""
ball,2,9.4,Sri Lanka,AC Jayangani,MDN Hansika,T Granger,0,0,"",""
ball,2,9.5,Sri Lanka,AC Jayangani,MDN Hansika,T Granger,2,0,"",""
ball,2,9.6,Sri Lanka,AC Jayangani,MDN Hansika,T Granger,1,0,"",""
ball,2,10.1,Sri Lanka,AC Jayangani,MDN Hansika,P Marange,1,0,"",""
ball,2,10.2,Sri Lanka,MDN Hansika,AC Jayangani,P Marange,0,0,"",""
ball,2,10.3,Sri Lanka,MDN Hansika,AC Jayangani,P Marange,1,0,"",""
ball,2,10.4,Sri Lanka,AC Jayangani,MDN Hansika,P Marange,1,0,"",""
ball,2,10.5,Sri Lanka,MDN Hansika,AC Jayangani,P Marange,0,0,"",""
ball,2,10.6,Sri Lanka,MDN Hansika,AC Jayangani,P Marange,0,0,"",""
ball,2,11.1,Sri Lanka,AC Jayangani,MDN Hansika,T Granger,0,0,"",""
ball,2,11.2,Sri Lanka,AC Jayangani,MDN Hansika,T Granger,0,0,"",""
ball,2,11.3,Sri Lanka,AC Jayangani,MDN Hansika,T Granger,4,0,"",""
ball,2,11.4,Sri Lanka,AC Jayangani,MDN Hansika,T Granger,4,0,"",""
ball,2,11.5,Sri Lanka,AC Jayangani,MDN Hansika,T Granger,1,0,"",""
ball,2,11.6,Sri Lanka,MDN Hansika,AC Jayangani,T Granger,1,0,"",""
ball,2,12.1,Sri Lanka,MDN Hansika,AC Jayangani,P Marange,1,0,"",""
ball,2,12.2,Sri Lanka,AC Jayangani,MDN Hansika,P Marange,0,0,"",""
ball,2,12.3,Sri Lanka,AC Jayangani,MDN Hansika,P Marange,0,0,"",""
ball,2,12.4,Sri Lanka,AC Jayangani,MDN Hansika,P Marange,0,0,"",""
ball,2,12.5,Sri Lanka,AC Jayangani,MDN Hansika,P Marange,0,0,"",""
ball,2,12.6,Sri Lanka,AC Jayangani,MDN Hansika,P Marange,1,0,"",""
ball,2,13.1,Sri Lanka,AC Jayangani,MDN Hansika,L Tshuma,1,0,"",""
ball,2,13.2,Sri Lanka,MDN Hansika,AC Jayangani,L Tshuma,0,0,"",""
ball,2,13.3,Sri Lanka,MDN Hansika,AC Jayangani,L Tshuma,1,0,"",""
ball,2,13.4,Sri Lanka,AC Jayangani,MDN Hansika,L Tshuma,0,0,"",""
ball,2,13.5,Sri Lanka,AC Jayangani,MDN Hansika,L Tshuma,1,0,"",""
ball,2,13.6,Sri Lanka,MDN Hansika,AC Jayangani,L Tshuma,1,0,"",""
ball,2,14.1,Sri Lanka,MDN Hansika,AC Jayangani,P Marange,0,0,"",""
ball,2,14.2,Sri Lanka,MDN Hansika,AC Jayangani,P Marange,0,0,"",""
ball,2,14.3,Sri Lanka,MDN Hansika,AC Jayangani,P Marange,1,0,"",""
ball,2,14.4,Sri Lanka,AC Jayangani,MDN Hansika,P Marange,1,0,"",""
ball,2,14.5,Sri Lanka,MDN Hansika,AC Jayangani,P Marange,0,0,"",""
ball,2,14.6,Sri Lanka,MDN Hansika,AC Jayangani,P Marange,0,0,"",""
ball,2,15.1,Sri Lanka,AC Jayangani,MDN Hansika,L Tshuma,0,0,"",""
ball,2,15.2,Sri Lanka,AC Jayangani,MDN Hansika,L Tshuma,0,0,caught,AC Jayangani
ball,2,15.3,Sri Lanka,PRCS Kumarihami,MDN Hansika,L Tshuma,0,0,"",""
ball,2,15.4,Sri Lanka,PRCS Kumarihami,MDN Hansika,L Tshuma,0,0,"",""
ball,2,15.5,Sri Lanka,PRCS Kumarihami,MDN Hansika,L Tshuma,0,0,"",""
ball,2,15.6,Sri Lanka,PRCS Kumarihami,MDN Hansika,L Tshuma,1,0,"",""
ball,2,16.1,Sri Lanka,PRCS Kumarihami,MDN Hansika,P Marange,1,0,"",""
ball,2,16.2,Sri Lanka,MDN Hansika,PRCS Kumarihami,P Marange,0,0,"",""
ball,2,16.3,Sri Lanka,MDN Hansika,PRCS Kumarihami,P Marange,0,0,"",""
ball,2,16.4,Sri Lanka,MDN Hansika,PRCS Kumarihami,P Marange,0,1,"",""
ball,2,16.5,Sri Lanka,MDN Hansika,PRCS Kumarihami,P Marange,0,0,"",""
ball,2,16.6,Sri Lanka,MDN Hansika,PRCS Kumarihami,P Marange,1,0,"",""
ball,2,16.7,Sri Lanka,PRCS Kumarihami,MDN Hansika,P Marange,0,0,"",""
ball,2,17.1,Sri Lanka,MDN Hansika,PRCS Kumarihami,L Tshuma,0,0,"",""
ball,2,17.2,Sri Lanka,MDN Hansika,PRCS Kumarihami,L Tshuma,1,0,"",""
ball,2,17.3,Sri Lanka,PRCS Kumarihami,MDN Hansika,L Tshuma,0,0,"",""
ball,2,17.4,Sri Lanka,PRCS Kumarihami,MDN Hansika,L Tshuma,0,1,"",""
ball,2,17.5,Sri Lanka,MDN Hansika,PRCS Kumarihami,L Tshuma,1,0,"",""
ball,2,17.6,Sri Lanka,PRCS Kumarihami,MDN Hansika,L Tshuma,0,0,"",""
ball,2,18.1,Sri Lanka,MDN Hansika,PRCS Kumarihami,P Marange,1,0,"",""
ball,2,18.2,Sri Lanka,PRCS Kumarihami,MDN Hansika,P Marange,0,0,"",""
ball,2,18.3,Sri Lanka,PRCS Kumarihami,MDN Hansika,P Marange,0,0,"",""
ball,2,18.4,Sri Lanka,PRCS Kumarihami,MDN Hansika,P Marange,1,0,"",""
ball,2,18.5,Sri Lanka,MDN Hansika,PRCS Kumarihami,P Marange,0,0,"",""
ball,2,18.6,Sri Lanka,MDN Hansika,PRCS Kumarihami,P Marange,0,0,"",""
ball,2,19.1,Sri Lanka,PRCS Kumarihami,MDN Hansika,L Tshuma,0,0,"",""
ball,2,19.2,Sri Lanka,PRCS Kumarihami,MDN Hansika,L Tshuma,1,0,"",""
ball,2,19.3,Sri Lanka,MDN Hansika,PRCS Kumarihami,L Tshuma,0,0,"",""
ball,2,19.4,Sri Lanka,MDN Hansika,PRCS Kumarihami,L Tshuma,4,0,"",""
ball,2,19.5,Sri Lanka,MDN Hansika,PRCS Kumarihami,L Tshuma,0,0,"",""
ball,2,19.6,Sri Lanka,MDN Hansika,PRCS Kumarihami,L Tshuma,0,1,"",""
ball,2,19.7,Sri Lanka,MDN Hansika,PRCS Kumarihami,L Tshuma,0,0,"",""
ball,2,20.1,Sri Lanka,PRCS Kumarihami,MDN Hansika,P Marange,0,0,"",""
ball,2,20.2,Sri Lanka,PRCS Kumarihami,MDN Hansika,P Marange,0,0,"",""
ball,2,20.3,Sri Lanka,PRCS Kumarihami,MDN Hansika,P Marange,0,0,"",""
ball,2,20.4,Sri Lanka,PRCS Kumarihami,MDN Hansika,P Marange,0,0,"",""
ball,2,20.5,Sri Lanka,PRCS Kumarihami,MDN Hansika,P Marange,0,0,"",""
ball,2,20.6,Sri Lanka,PRCS Kumarihami,MDN Hansika,P Marange,1,0,"",""
ball,2,21.1,Sri Lanka,PRCS Kumarihami,MDN Hansika,L Tshuma,1,0,"",""
ball,2,21.2,Sri Lanka,MDN Hansika,PRCS Kumarihami,L Tshuma,1,0,"",""
ball,2,21.3,Sri Lanka,PRCS Kumarihami,MDN Hansika,L Tshuma,1,0,"",""
ball,2,21.4,Sri Lanka,MDN Hansika,PRCS Kumarihami,L Tshuma,0,0,"",""
ball,2,21.5,Sri Lanka,MDN Hansika,PRCS Kumarihami,L Tshuma,0,0,"",""
ball,2,21.6,Sri Lanka,MDN Hansika,PRCS Kumarihami,L Tshuma,0,0,caught,MDN Hansika
ball,2,22.1,Sri Lanka,PRCS Kumarihami,PM Weerakkody,P Marange,0,0,"",""
ball,2,22.2,Sri Lanka,PRCS Kumarihami,PM Weerakkody,P Marange,0,0,"",""
ball,2,22.3,Sri Lanka,PRCS Kumarihami,PM Weerakkody,P Marange,1,0,"",""
ball,2,22.4,Sri Lanka,PM Weerakkody,PRCS Kumarihami,P Marange,0,0,"",""
ball,2,22.5,Sri Lanka,PM Weerakkody,PRCS Kumarihami,P Marange,2,0,"",""
ball,2,22.6,Sri Lanka,PM Weerakkody,PRCS Kumarihami,P Marange,0,0,"",""
ball,2,23.1,Sri Lanka,PRCS Kumarihami,PM Weerakkody,L Tshuma,0,0,"",""
ball,2,23.2,Sri Lanka,PRCS Kumarihami,PM Weerakkody,L Tshuma,0,1,"",""
ball,2,23.3,Sri Lanka,PRCS Kumarihami,PM Weerakkody,L Tshuma,1,0,"",""
ball,2,23.4,Sri Lanka,PM Weerakkody,PRCS Kumarihami,L Tshuma,1,0,"",""
ball,2,23.5,Sri Lanka,PRCS Kumarihami,PM Weerakkody,L Tshuma,0,0,"",""
ball,2,23.6,Sri Lanka,PRCS Kumarihami,PM Weerakkody,L Tshuma,2,0,"",""
ball,2,23.7,Sri Lanka,PRCS Kumarihami,PM Weerakkody,L Tshuma,0,0,"",""
ball,2,24.1,Sri Lanka,PM Weerakkody,PRCS Kumarihami,P Marange,0,0,"",""
ball,2,24.2,Sri Lanka,PM Weerakkody,PRCS Kumarihami,P Marange,0,0,"",""
ball,2,24.3,Sri Lanka,PM Weerakkody,PRCS Kumarihami,P Marange,4,0,"",""
ball,2,24.4,Sri Lanka,PM Weerakkody,PRCS Kumarihami,P Marange,0,1,"",""
ball,2,24.5,Sri Lanka,PM Weerakkody,PRCS Kumarihami,P Marange,1,0,"",""
ball,2,24.6,Sri Lanka,PRCS Kumarihami,PM Weerakkody,P Marange,0,0,"",""
ball,2,24.7,Sri Lanka,PRCS Kumarihami,PM Weerakkody,P Marange,0,0,"",""
ball,2,25.1,Sri Lanka,PM Weerakkody,PRCS Kumarihami,L Tshuma,0,0,"",""
ball,2,25.2,Sri Lanka,PM Weerakkody,PRCS Kumarihami,L Tshuma,0,0,"",""
ball,2,25.3,Sri Lanka,PM Weerakkody,PRCS Kumarihami,L Tshuma,4,0,"",""
ball,2,25.4,Sri Lanka,PM Weerakkody,PRCS Kumarihami,L Tshuma,0,0,"",""
ball,2,25.5,Sri Lanka,PM Weerakkody,PRCS Kumarihami,L Tshuma,0,0,"",""
ball,2,25.6,Sri Lanka,PM Weerakkody,PRCS Kumarihami,L Tshuma,0,0,"",""
ball,2,26.1,Sri Lanka,PRCS Kumarihami,PM Weerakkody,P Marange,0,0,"",""
ball,2,26.2,Sri Lanka,PRCS Kumarihami,PM Weerakkody,P Marange,1,0,"",""
ball,2,26.3,Sri Lanka,PM Weerakkody,PRCS Kumarihami,P Marange,1,0,"",""
ball,2,26.4,Sri Lanka,PRCS Kumarihami,PM Weerakkody,P Marange,1,0,"",""
ball,2,26.5,Sri Lanka,PM Weerakkody,PRCS Kumarihami,P Marange,0,0,"",""
ball,2,26.6,Sri Lanka,PM Weerakkody,PRCS Kumarihami,P Marange,1,0,"",""
ball,2,27.1,Sri Lanka,PM Weerakkody,PRCS Kumarihami,L Tshuma,0,0,"",""
ball,2,27.2,Sri Lanka,PM Weerakkody,PRCS Kumarihami,L Tshuma,1,0,"",""
ball,2,27.3,Sri Lanka,PRCS Kumarihami,PM Weerakkody,L Tshuma,1,0,"",""
ball,2,27.4,Sri Lanka,PM Weerakkody,PRCS Kumarihami,L Tshuma,0,0,"",""
ball,2,27.5,Sri Lanka,PM Weerakkody,PRCS Kumarihami,L Tshuma,0,0,"",""
ball,2,27.6,Sri Lanka,PM Weerakkody,PRCS Kumarihami,L Tshuma,0,0,"",""
ball,2,28.1,Sri Lanka,PRCS Kumarihami,PM Weerakkody,T Granger,1,0,"",""
ball,2,28.2,Sri Lanka,PM Weerakkody,PRCS Kumarihami,T Granger,0,0,"",""
ball,2,28.3,Sri Lanka,PM Weerakkody,PRCS Kumarihami,T Granger,1,0,"",""
ball,2,28.4,Sri Lanka,PRCS Kumarihami,PM Weerakkody,T Granger,1,0,"",""
ball,2,28.5,Sri Lanka,PM Weerakkody,PRCS Kumarihami,T Granger,4,0,"",""
ball,2,28.6,Sri Lanka,PM Weerakkody,PRCS Kumarihami,T Granger,2,0,"",""
ball,2,29.1,Sri Lanka,PRCS Kumarihami,PM Weerakkody,L Tshuma,1,0,"",""
ball,2,29.2,Sri Lanka,PM Weerakkody,PRCS Kumarihami,L Tshuma,1,0,"",""
ball,2,29.3,Sri Lanka,PRCS Kumarihami,PM Weerakkody,L Tshuma,0,0,"",""
ball,2,29.4,Sri Lanka,PRCS Kumarihami,PM Weerakkody,L Tshuma,0,0,"",""
ball,2,29.5,Sri Lanka,PRCS Kumarihami,PM Weerakkody,L Tshuma,0,0,"",""
ball,2,29.6,Sri Lanka,PRCS Kumarihami,PM Weerakkody,L Tshuma,1,0,"",""
ball,2,30.1,Sri Lanka,PRCS Kumarihami,PM Weerakkody,T Granger,0,0,"",""
ball,2,30.2,Sri Lanka,PRCS Kumarihami,PM Weerakkody,T Granger,0,0,"",""
ball,2,30.3,Sri Lanka,PRCS Kumarihami,PM Weerakkody,T Granger,0,0,"",""
ball,2,30.4,Sri Lanka,PRCS Kumarihami,PM Weerakkody,T Granger,1,0,"",""
ball,2,30.5,Sri Lanka,PM Weerakkody,PRCS Kumarihami,T Granger,0,0,"",""
ball,2,30.6,Sri Lanka,PM Weerakkody,PRCS Kumarihami,T Granger,0,0,"",""
ball,2,31.1,Sri Lanka,PRCS Kumarihami,PM Weerakkody,L Tshuma,0,0,"",""
ball,2,31.2,Sri Lanka,PRCS Kumarihami,PM Weerakkody,L Tshuma,1,0,"",""
ball,2,31.3,Sri Lanka,PM Weerakkody,PRCS Kumarihami,L Tshuma,0,0,"",""
ball,2,31.4,Sri Lanka,PM Weerakkody,PRCS Kumarihami,L Tshuma,0,0,"",""
ball,2,31.5,Sri Lanka,PM Weerakkody,PRCS Kumarihami,L Tshuma,0,0,"",""
ball,2,31.6,Sri Lanka,PM Weerakkody,PRCS Kumarihami,L Tshuma,0,0,"",""
ball,2,32.1,Sri Lanka,PRCS Kumarihami,PM Weerakkody,T Granger,1,0,"",""
ball,2,32.2,Sri Lanka,PM Weerakkody,PRCS Kumarihami,T Granger,0,0,"",""
ball,2,32.3,Sri Lanka,PM Weerakkody,PRCS Kumarihami,T Granger,0,0,"",""
ball,2,32.4,Sri Lanka,PM Weerakkody,PRCS Kumarihami,T Granger,0,0,"",""
ball,2,32.5,Sri Lanka,PM Weerakkody,PRCS Kumarihami,T Granger,0,0,"",""
ball,2,32.6,Sri Lanka,PM Weerakkody,PRCS Kumarihami,T Granger,0,0,"",""
ball,2,33.1,Sri Lanka,PRCS Kumarihami,PM Weerakkody,N Mutasa,0,0,"",""
ball,2,33.2,Sri Lanka,PRCS Kumarihami,PM Weerakkody,N Mutasa,0,0,"",""
ball,2,33.3,Sri Lanka,PRCS Kumarihami,PM Weerakkody,N Mutasa,0,0,"",""
ball,2,33.4,Sri Lanka,PRCS Kumarihami,PM Weerakkody,N Mutasa,0,0,"",""
ball,2,33.5,Sri Lanka,PRCS Kumarihami,PM Weerakkody,N Mutasa,0,1,"",""
ball,2,33.6,Sri Lanka,PRCS Kumarihami,PM Weerakkody,N Mutasa,0,0,"",""
ball,2,33.7,Sri Lanka,PRCS Kumarihami,PM Weerakkody,N Mutasa,2,0,"",""
ball,2,34.1,Sri Lanka,PM Weerakkody,PRCS Kumarihami,T Granger,0,0,"",""
ball,2,34.2,Sri Lanka,PM Weerakkody,PRCS Kumarihami,T Granger,0,1,"",""
ball,2,34.3,Sri Lanka,PM Weerakkody,PRCS Kumarihami,T Granger,0,0,"",""
ball,2,34.4,Sri Lanka,PM Weerakkody,PRCS Kumarihami,T Granger,0,0,"",""
ball,2,34.5,Sri Lanka,PM Weerakkody,PRCS Kumarihami,T Granger,4,0,"",""
ball,2,34.6,Sri Lanka,PM Weerakkody,PRCS Kumarihami,T Granger,2,0,"",""
ball,2,34.7,Sri Lanka,PM Weerakkody,PRCS Kumarihami,T Granger,0,0,"",""
ball,2,35.1,Sri Lanka,PRCS Kumarihami,PM Weerakkody,N Mutasa,0,0,"",""
ball,2,35.2,Sri Lanka,PRCS Kumarihami,PM Weerakkody,N Mutasa,0,0,"",""
ball,2,35.3,Sri Lanka,PRCS Kumarihami,PM Weerakkody,N Mutasa,3,0,"",""
ball,2,35.4,Sri Lanka,PM Weerakkody,PRCS Kumarihami,N Mutasa,0,0,"",""
ball,2,35.5,Sri Lanka,PM Weerakkody,PRCS Kumarihami,N Mutasa,0,0,"",""
ball,2,35.6,Sri Lanka,PM Weerakkody,PRCS Kumarihami,N Mutasa,0,0,"",""
ball,2,36.1,Sri Lanka,PRCS Kumarihami,PM Weerakkody,J Nkomo,0,0,"",""
ball,2,36.2,Sri Lanka,PRCS Kumarihami,PM Weerakkody,J Nkomo,1,0,"",""
ball,2,36.3,Sri Lanka,PM Weerakkody,PRCS Kumarihami,J Nkomo,0,0,"",""
ball,2,36.4,Sri Lanka,PM Weerakkody,PRCS Kumarihami,J Nkomo,0,0,"",""
ball,2,36.5,Sri Lanka,PM Weerakkody,PRCS Kumarihami,J Nkomo,4,0,"",""
