version,1.3.0
info,team,Bangladesh
info,team,Scotland
info,gender,female
info,season,2016/17
info,date,2017/02/10
info,competition,ICC Women's World Cup Qualifier
info,match_number,10
info,venue,Colombo Cricket Club Ground
info,city,
info,neutralvenue,true
info,toss_winner,Scotland
info,toss_decision,bat
info,player_of_match,Rumana Ahmed
info,umpire,AK Chaudhary
info,umpire,K Cross
info,reserve_umpire,RMPJ Rambukwella
info,winner,Bangladesh
info,winner_wickets,7
ball,1,0.1,Scotland,OSM Rae,SJ Bryce,Jahanara Alam,0,0,"",""
ball,1,0.2,Scotland,OSM Rae,SJ Bryce,Jahanara Alam,0,0,"",""
ball,1,0.3,Scotland,OSM Rae,SJ Bryce,Jahanara Alam,0,0,"",""
ball,1,0.4,Scotland,OSM Rae,SJ Bryce,Jahanara Alam,0,0,"",""
ball,1,0.5,Scotland,OSM Rae,SJ Bryce,Jahanara Alam,0,0,"",""
ball,1,0.6,Scotland,OSM Rae,SJ Bryce,Jahanara Alam,0,0,"",""
ball,1,1.1,Scotland,SJ Bryce,OSM Rae,Panna Ghosh,0,0,"",""
ball,1,1.2,Scotland,SJ Bryce,OSM Rae,Panna Ghosh,0,0,"",""
ball,1,1.3,Scotland,SJ Bryce,OSM Rae,Panna Ghosh,0,0,"",""
ball,1,1.4,Scotland,SJ Bryce,OSM Rae,Panna Ghosh,4,0,"",""
ball,1,1.5,Scotland,SJ Bryce,OSM Rae,Panna Ghosh,0,0,"",""
ball,1,1.6,Scotland,SJ Bryce,OSM Rae,Panna Ghosh,0,0,"",""
ball,1,2.1,Scotland,OSM Rae,SJ Bryce,Jahanara Alam,0,0,"",""
ball,1,2.2,Scotland,OSM Rae,SJ Bryce,Jahanara Alam,0,0,"",""
ball,1,2.3,Scotland,OSM Rae,SJ Bryce,Jahanara Alam,0,0,"",""
ball,1,2.4,Scotland,OSM Rae,SJ Bryce,Jahanara Alam,0,0,"",""
ball,1,2.5,Scotland,OSM Rae,SJ Bryce,Jahanara Alam,0,0,"",""
ball,1,2.6,Scotland,OSM Rae,SJ Bryce,Jahanara Alam,0,0,"",""
ball,1,3.1,Scotland,SJ Bryce,OSM Rae,Panna Ghosh,0,0,"",""
ball,1,3.2,Scotland,SJ Bryce,OSM Rae,Panna Ghosh,0,0,"",""
ball,1,3.3,Scotland,SJ Bryce,OSM Rae,Panna Ghosh,0,0,"",""
ball,1,3.4,Scotland,SJ Bryce,OSM Rae,Panna Ghosh,0,0,"",""
ball,1,3.5,Scotland,SJ Bryce,OSM Rae,Panna Ghosh,0,0,caught,SJ Bryce
ball,1,3.6,Scotland,KE Bryce,OSM Rae,Panna Ghosh,0,0,"",""
ball,1,4.1,Scotland,OSM Rae,KE Bryce,Jahanara Alam,0,0,"",""
ball,1,4.2,Scotland,OSM Rae,KE Bryce,Jahanara Alam,0,0,"",""
ball,1,4.3,Scotland,OSM Rae,KE Bryce,Jahanara Alam,0,0,"",""
ball,1,4.4,Scotland,OSM Rae,KE Bryce,Jahanara Alam,0,0,"",""
ball,1,4.5,Scotland,OSM Rae,KE Bryce,Jahanara Alam,0,0,"",""
ball,1,4.6,Scotland,OSM Rae,KE Bryce,Jahanara Alam,0,0,"",""
ball,1,5.1,Scotland,KE Bryce,OSM Rae,Panna Ghosh,0,0,"",""
ball,1,5.2,Scotland,KE Bryce,OSM Rae,Panna Ghosh,0,0,"",""
ball,1,5.3,Scotland,KE Bryce,OSM Rae,Panna Ghosh,0,0,"",""
ball,1,5.4,Scotland,KE Bryce,OSM Rae,Panna Ghosh,0,0,"",""
ball,1,5.5,Scotland,KE Bryce,OSM Rae,Panna Ghosh,0,0,"",""
ball,1,5.6,Scotland,KE Bryce,OSM Rae,Panna Ghosh,1,0,"",""
ball,1,6.1,Scotland,KE Bryce,OSM Rae,Jahanara Alam,0,0,"",""
ball,1,6.2,Scotland,KE Bryce,OSM Rae,Jahanara Alam,0,0,"",""
ball,1,6.3,Scotland,KE Bryce,OSM Rae,Jahanara Alam,1,0,"",""
ball,1,6.4,Scotland,OSM Rae,KE Bryce,Jahanara Alam,0,0,"",""
ball,1,6.5,Scotland,OSM Rae,KE Bryce,Jahanara Alam,0,0,"",""
ball,1,6.6,Scotland,OSM Rae,KE Bryce,Jahanara Alam,0,0,"",""
ball,1,7.1,Scotland,KE Bryce,OSM Rae,Panna Ghosh,0,0,"",""
ball,1,7.2,Scotland,KE Bryce,OSM Rae,Panna Ghosh,0,0,"",""
ball,1,7.3,Scotland,KE Bryce,OSM Rae,Panna Ghosh,4,0,"",""
ball,1,7.4,Scotland,KE Bryce,OSM Rae,Panna Ghosh,1,0,"",""
ball,1,7.5,Scotland,OSM Rae,KE Bryce,Panna Ghosh,0,0,"",""
ball,1,7.6,Scotland,OSM Rae,KE Bryce,Panna Ghosh,0,0,"",""
ball,1,8.1,Scotland,KE Bryce,OSM Rae,Jahanara Alam,0,0,"",""
ball,1,8.2,Scotland,KE Bryce,OSM Rae,Jahanara Alam,0,0,"",""
ball,1,8.3,Scotland,KE Bryce,OSM Rae,Jahanara Alam,0,0,"",""
ball,1,8.4,Scotland,KE Bryce,OSM Rae,Jahanara Alam,0,0,"",""
ball,1,8.5,Scotland,KE Bryce,OSM Rae,Jahanara Alam,0,0,"",""
ball,1,8.6,Scotland,KE Bryce,OSM Rae,Jahanara Alam,0,0,"",""
ball,1,9.1,Scotland,OSM Rae,KE Bryce,Panna Ghosh,0,0,"",""
ball,1,9.2,Scotland,OSM Rae,KE Bryce,Panna Ghosh,1,0,"",""
ball,1,9.3,Scotland,KE Bryce,OSM Rae,Panna Ghosh,0,0,"",""
ball,1,9.4,Scotland,KE Bryce,OSM Rae,Panna Ghosh,0,0,"",""
ball,1,9.5,Scotland,KE Bryce,OSM Rae,Panna Ghosh,0,0,"",""
ball,1,9.6,Scotland,KE Bryce,OSM Rae,Panna Ghosh,1,0,"",""
ball,1,10.1,Scotland,KE Bryce,OSM Rae,Jahanara Alam,0,0,"",""
ball,1,10.2,Scotland,KE Bryce,OSM Rae,Jahanara Alam,0,0,"",""
ball,1,10.3,Scotland,KE Bryce,OSM Rae,Jahanara Alam,0,0,"",""
ball,1,10.4,Scotland,KE Bryce,OSM Rae,Jahanara Alam,4,0,"",""
ball,1,10.5,Scotland,KE Bryce,OSM Rae,Jahanara Alam,0,0,"",""
ball,1,10.6,Scotland,KE Bryce,OSM Rae,Jahanara Alam,0,0,"",""
ball,1,11.1,Scotland,OSM Rae,KE Bryce,Khadija Tul Kubra,0,0,"",""
ball,1,11.2,Scotland,OSM Rae,KE Bryce,Khadija Tul Kubra,0,0,"",""
ball,1,11.3,Scotland,OSM Rae,KE Bryce,Khadija Tul Kubra,0,0,"",""
ball,1,11.4,Scotland,OSM Rae,KE Bryce,Khadija Tul Kubra,4,0,"",""
ball,1,11.5,Scotland,OSM Rae,KE Bryce,Khadija Tul Kubra,0,0,"",""
ball,1,11.6,Scotland,OSM Rae,KE Bryce,Khadija Tul Kubra,4,0,"",""
ball,1,12.1,Scotland,KE Bryce,OSM Rae,Rumana Ahmed,0,0,"",""
ball,1,12.2,Scotland,KE Bryce,OSM Rae,Rumana Ahmed,0,0,"",""
ball,1,12.3,Scotland,KE Bryce,OSM Rae,Rumana Ahmed,0,0,"",""
ball,1,12.4,Scotland,KE Bryce,OSM Rae,Rumana Ahmed,0,0,"",""
ball,1,12.5,Scotland,KE Bryce,OSM Rae,Rumana Ahmed,4,0,"",""
ball,1,12.6,Scotland,KE Bryce,OSM Rae,Rumana Ahmed,0,0,"",""
ball,1,13.1,Scotland,OSM Rae,KE Bryce,Khadija Tul Kubra,4,0,"",""
ball,1,13.2,Scotland,OSM Rae,KE Bryce,Khadija Tul Kubra,0,0,"",""
ball,1,13.3,Scotland,OSM Rae,KE Bryce,Khadija Tul Kubra,0,0,"",""
ball,1,13.4,Scotland,OSM Rae,KE Bryce,Khadija Tul Kubra,0,0,"",""
ball,1,13.5,Scotland,OSM Rae,KE Bryce,Khadija Tul Kubra,0,0,"",""
ball,1,13.6,Scotland,OSM Rae,KE Bryce,Khadija Tul Kubra,1,0,"",""
ball,1,14.1,Scotland,OSM Rae,KE Bryce,Rumana Ahmed,0,0,"",""
ball,1,14.2,Scotland,OSM Rae,KE Bryce,Rumana Ahmed,1,0,"",""
ball,1,14.3,Scotland,KE Bryce,OSM Rae,Rumana Ahmed,0,0,"",""
ball,1,14.4,Scotland,KE Bryce,OSM Rae,Rumana Ahmed,1,0,"",""
ball,1,14.5,Scotland,OSM Rae,KE Bryce,Rumana Ahmed,1,0,"",""
ball,1,14.6,Scotland,KE Bryce,OSM Rae,Rumana Ahmed,0,0,"",""
ball,1,15.1,Scotland,OSM Rae,KE Bryce,Khadija Tul Kubra,0,0,"",""
ball,1,15.2,Scotland,OSM Rae,KE Bryce,Khadija Tul Kubra,0,0,"",""
ball,1,15.3,Scotland,OSM Rae,KE Bryce,Khadija Tul Kubra,0,0,bowled,OSM Rae
ball,1,15.4,Scotland,K Anderson,KE Bryce,Khadija Tul Kubra,0,0,"",""
ball,1,15.5,Scotland,K Anderson,KE Bryce,Khadija Tul Kubra,0,0,"",""
ball,1,15.6,Scotland,K Anderson,KE Bryce,Khadija Tul Kubra,0,0,"",""
ball,1,16.1,Scotland,KE Bryce,K Anderson,Rumana Ahmed,0,0,"",""
ball,1,16.2,Scotland,KE Bryce,K Anderson,Rumana Ahmed,0,0,"",""
ball,1,16.3,Scotland,KE Bryce,K Anderson,Rumana Ahmed,0,0,"",""
ball,1,16.4,Scotland,KE Bryce,K Anderson,Rumana Ahmed,0,0,bowled,KE Bryce
ball,1,16.5,Scotland,RV Scholes,K Anderson,Rumana Ahmed,0,0,"",""
ball,1,16.6,Scotland,RV Scholes,K Anderson,Rumana Ahmed,0,1,"",""
ball,1,16.7,Scotland,RV Scholes,K Anderson,Rumana Ahmed,0,0,"",""
ball,1,17.1,Scotland,K Anderson,RV Scholes,Khadija Tul Kubra,0,0,"",""
ball,1,17.2,Scotland,K Anderson,RV Scholes,Khadija Tul Kubra,0,0,"",""
ball,1,17.3,Scotland,K Anderson,RV Scholes,Khadija Tul Kubra,0,0,"",""
ball,1,17.4,Scotland,K Anderson,RV Scholes,Khadija Tul Kubra,0,0,"",""
ball,1,17.5,Scotland,K Anderson,RV Scholes,Khadija Tul Kubra,4,0,"",""
ball,1,17.6,Scotland,K Anderson,RV Scholes,Khadija Tul Kubra,1,0,"",""
ball,1,18.1,Scotland,K Anderson,RV Scholes,Rumana Ahmed,0,0,"",""
ball,1,18.2,Scotland,K Anderson,RV Scholes,Rumana Ahmed,0,0,"",""
ball,1,18.3,Scotland,K Anderson,RV Scholes,Rumana Ahmed,0,0,"",""
ball,1,18.4,Scotland,K Anderson,RV Scholes,Rumana Ahmed,0,0,"",""
ball,1,18.5,Scotland,K Anderson,RV Scholes,Rumana Ahmed,0,1,"",""
ball,1,18.6,Scotland,K Anderson,RV Scholes,Rumana Ahmed,0,0,"",""
ball,1,18.7,Scotland,K Anderson,RV Scholes,Rumana Ahmed,0,0,"",""
ball,1,19.1,Scotland,RV Scholes,K Anderson,Khadija Tul Kubra,0,0,"",""
ball,1,19.2,Scotland,RV Scholes,K Anderson,Khadija Tul Kubra,0,0,"",""
ball,1,19.3,Scotland,RV Scholes,K Anderson,Khadija Tul Kubra,1,0,"",""
ball,1,19.4,Scotland,K Anderson,RV Scholes,Khadija Tul Kubra,0,0,"",""
ball,1,19.5,Scotland,K Anderson,RV Scholes,Khadija Tul Kubra,1,0,"",""
ball,1,19.6,Scotland,RV Scholes,K Anderson,Khadija Tul Kubra,0,0,"",""
ball,1,20.1,Scotland,K Anderson,RV Scholes,Rumana Ahmed,0,0,"",""
ball,1,20.2,Scotland,K Anderson,RV Scholes,Rumana Ahmed,4,0,"",""
ball,1,20.3,Scotland,K Anderson,RV Scholes,Rumana Ahmed,0,0,"",""
ball,1,20.4,Scotland,K Anderson,RV Scholes,Rumana Ahmed,0,0,"",""
ball,1,20.5,Scotland,K Anderson,RV Scholes,Rumana Ahmed,0,0,"",""
ball,1,20.6,Scotland,K Anderson,RV Scholes,Rumana Ahmed,0,0,"",""
ball,1,21.1,Scotland,RV Scholes,K Anderson,Khadija Tul Kubra,0,0,"",""
ball,1,21.2,Scotland,RV Scholes,K Anderson,Khadija Tul Kubra,0,0,"",""
ball,1,21.3,Scotland,RV Scholes,K Anderson,Khadija Tul Kubra,0,0,"",""
ball,1,21.4,Scotland,RV Scholes,K Anderson,Khadija Tul Kubra,0,0,"",""
ball,1,21.5,Scotland,RV Scholes,K Anderson,Khadija Tul Kubra,0,0,"",""
ball,1,21.6,Scotland,RV Scholes,K Anderson,Khadija Tul Kubra,0,0,"",""
ball,1,22.1,Scotland,K Anderson,RV Scholes,Rumana Ahmed,0,0,"",""
ball,1,22.2,Scotland,K Anderson,RV Scholes,Rumana Ahmed,1,0,"",""
ball,1,22.3,Scotland,RV Scholes,K Anderson,Rumana Ahmed,0,0,"",""
ball,1,22.4,Scotland,RV Scholes,K Anderson,Rumana Ahmed,0,0,"",""
ball,1,22.5,Scotland,RV Scholes,K Anderson,Rumana Ahmed,0,0,"",""
ball,1,22.6,Scotland,RV Scholes,K Anderson,Rumana Ahmed,0,0,"",""
ball,1,23.1,Scotland,K Anderson,RV Scholes,Salma Khatun,0,5,"",""
ball,1,23.2,Scotland,K Anderson,RV Scholes,Salma Khatun,0,0,"",""
ball,1,23.3,Scotland,K Anderson,RV Scholes,Salma Khatun,0,0,"",""
ball,1,23.4,Scotland,K Anderson,RV Scholes,Salma Khatun,0,1,"",""
ball,1,23.5,Scotland,RV Scholes,K Anderson,Salma Khatun,0,0,"",""
ball,1,23.6,Scotland,RV Scholes,K Anderson,Salma Khatun,0,0,"",""
ball,1,23.7,Scotland,RV Scholes,K Anderson,Salma Khatun,0,0,"",""
ball,1,24.1,Scotland,K Anderson,RV Scholes,Rumana Ahmed,0,0,"",""
ball,1,24.2,Scotland,K Anderson,RV Scholes,Rumana Ahmed,0,0,"",""
ball,1,24.3,Scotland,K Anderson,RV Scholes,Rumana Ahmed,1,0,"",""
ball,1,24.4,Scotland,RV Scholes,K Anderson,Rumana Ahmed,0,0,"",""
ball,1,24.5,Scotland,RV Scholes,K Anderson,Rumana Ahmed,1,0,"",""
ball,1,24.6,Scotland,K Anderson,RV Scholes,Rumana Ahmed,0,0,"",""
ball,1,25.1,Scotland,RV Scholes,K Anderson,Salma Khatun,0,0,"",""
ball,1,25.2,Scotland,RV Scholes,K Anderson,Salma Khatun,0,0,"",""
ball,1,25.3,Scotland,RV Scholes,K Anderson,Salma Khatun,0,0,"",""
ball,1,25.4,Scotland,RV Scholes,K Anderson,Salma Khatun,1,0,"",""
ball,1,25.5,Scotland,K Anderson,RV Scholes,Salma Khatun,0,0,"",""
ball,1,25.6,Scotland,K Anderson,RV Scholes,Salma Khatun,0,4,"",""
ball,1,26.1,Scotland,RV Scholes,K Anderson,Shaila Sharmin,0,0,"",""
ball,1,26.2,Scotland,RV Scholes,K Anderson,Shaila Sharmin,0,0,"",""
ball,1,26.3,Scotland,RV Scholes,K Anderson,Shaila Sharmin,0,1,"",""
ball,1,26.4,Scotland,RV Scholes,K Anderson,Shaila Sharmin,4,0,"",""
ball,1,26.5,Scotland,RV Scholes,K Anderson,Shaila Sharmin,0,0,"",""
ball,1,26.6,Scotland,RV Scholes,K Anderson,Shaila Sharmin,0,1,"",""
ball,1,26.7,Scotland,RV Scholes,K Anderson,Shaila Sharmin,0,0,"",""
ball,1,26.8,Scotland,RV Scholes,K Anderson,Shaila Sharmin,1,0,"",""
ball,1,27.1,Scotland,RV Scholes,K Anderson,Salma Khatun,0,0,"",""
ball,1,27.2,Scotland,RV Scholes,K Anderson,Salma Khatun,0,0,"",""
ball,1,27.3,Scotland,RV Scholes,K Anderson,Salma Khatun,0,0,"",""
ball,1,27.4,Scotland,RV Scholes,K Anderson,Salma Khatun,0,0,"",""
ball,1,27.5,Scotland,RV Scholes,K Anderson,Salma Khatun,0,0,"",""
ball,1,27.6,Scotland,RV Scholes,K Anderson,Salma Khatun,0,0,"",""
ball,1,28.1,Scotland,K Anderson,RV Scholes,Panna Ghosh,0,0,"",""
ball,1,28.2,Scotland,K Anderson,RV Scholes,Panna Ghosh,0,0,"",""
ball,1,28.3,Scotland,K Anderson,RV Scholes,Panna Ghosh,0,0,"",""
ball,1,28.4,Scotland,K Anderson,RV Scholes,Panna Ghosh,4,0,"",""
ball,1,28.5,Scotland,K Anderson,RV Scholes,Panna Ghosh,0,0,"",""
ball,1,28.6,Scotland,K Anderson,RV Scholes,Panna Ghosh,0,0,"",""
ball,1,29.1,Scotland,RV Scholes,K Anderson,Salma Khatun,0,0,"",""
ball,1,29.2,Scotland,RV Scholes,K Anderson,Salma Khatun,0,0,"",""
ball,1,29.3,Scotland,RV Scholes,K Anderson,Salma Khatun,4,0,"",""
ball,1,29.4,Scotland,RV Scholes,K Anderson,Salma Khatun,0,0,"",""
ball,1,29.5,Scotland,RV Scholes,K Anderson,Salma Khatun,0,0,"",""
ball,1,29.6,Scotland,RV Scholes,K Anderson,Salma Khatun,0,1,"",""
ball,1,30.1,Scotland,RV Scholes,K Anderson,Panna Ghosh,1,0,"",""
ball,1,30.2,Scotland,K Anderson,RV Scholes,Panna Ghosh,1,0,"",""
ball,1,30.3,Scotland,RV Scholes,K Anderson,Panna Ghosh,1,0,"",""
ball,1,30.4,Scotland,K Anderson,RV Scholes,Panna Ghosh,0,0,"",""
ball,1,30.5,Scotland,K Anderson,RV Scholes,Panna Ghosh,2,0,"",""
ball,1,30.6,Scotland,K Anderson,RV Scholes,Panna Ghosh,1,0,"",""
ball,1,31.1,Scotland,K Anderson,RV Scholes,Salma Khatun,0,0,"",""
ball,1,31.2,Scotland,K Anderson,RV Scholes,Salma Khatun,1,0,"",""
ball,1,31.3,Scotland,RV Scholes,K Anderson,Salma Khatun,0,0,bowled,RV Scholes
ball,1,31.4,Scotland,FE Urquhart,K Anderson,Salma Khatun,0,0,"",""
ball,1,31.5,Scotland,FE Urquhart,K Anderson,Salma Khatun,0,0,"",""
ball,1,31.6,Scotland,FE Urquhart,K Anderson,Salma Khatun,0,0,"",""
ball,1,32.1,Scotland,K Anderson,FE Urquhart,Khadija Tul Kubra,0,0,"",""
ball,1,32.2,Scotland,K Anderson,FE Urquhart,Khadija Tul Kubra,4,0,"",""
ball,1,32.3,Scotland,K Anderson,FE Urquhart,Khadija Tul Kubra,0,0,"",""
ball,1,32.4,Scotland,K Anderson,FE Urquhart,Khadija Tul Kubra,0,0,"",""
ball,1,32.5,Scotland,K Anderson,FE Urquhart,Khadija Tul Kubra,1,0,"",""
ball,1,32.6,Scotland,FE Urquhart,K Anderson,Khadija Tul Kubra,0,0,"",""
ball,1,33.1,Scotland,K Anderson,FE Urquhart,Salma Khatun,1,0,"",""
ball,1,33.2,Scotland,FE Urquhart,K Anderson,Salma Khatun,0,0,"",""
ball,1,33.3,Scotland,FE Urquhart,K Anderson,Salma Khatun,1,0,"",""
ball,1,33.4,Scotland,K Anderson,FE Urquhart,Salma Khatun,0,0,"",""
ball,1,33.5,Scotland,K Anderson,FE Urquhart,Salma Khatun,0,0,"",""
ball,1,33.6,Scotland,K Anderson,FE Urquhart,Salma Khatun,1,0,"",""
ball,1,34.1,Scotland,K Anderson,FE Urquhart,Khadija Tul Kubra,0,0,"",""
ball,1,34.2,Scotland,K Anderson,FE Urquhart,Khadija Tul Kubra,0,0,lbw,K Anderson
ball,1,34.3,Scotland,EM Priddle,FE Urquhart,Khadija Tul Kubra,4,0,"",""
ball,1,34.4,Scotland,EM Priddle,FE Urquhart,Khadija Tul Kubra,0,0,"",""
ball,1,34.5,Scotland,EM Priddle,FE Urquhart,Khadija Tul Kubra,0,0,"",""
ball,1,34.6,Scotland,EM Priddle,FE Urquhart,Khadija Tul Kubra,0,0,"",""
ball,1,35.1,Scotland,FE Urquhart,EM Priddle,Salma Khatun,0,0,"",""
ball,1,35.2,Scotland,FE Urquhart,EM Priddle,Salma Khatun,0,0,"",""
ball,1,35.3,Scotland,FE Urquhart,EM Priddle,Salma Khatun,0,0,"",""
ball,1,35.4,Scotland,FE Urquhart,EM Priddle,Salma Khatun,4,0,"",""
ball,1,35.5,Scotland,FE Urquhart,EM Priddle,Salma Khatun,2,0,"",""
ball,1,35.6,Scotland,FE Urquhart,EM Priddle,Salma Khatun,0,0,"",""
ball,1,36.1,Scotland,EM Priddle,FE Urquhart,Rumana Ahmed,0,0,"",""
ball,1,36.2,Scotland,EM Priddle,FE Urquhart,Rumana Ahmed,0,0,"",""
ball,1,36.3,Scotland,EM Priddle,FE Urquhart,Rumana Ahmed,0,1,"",""
ball,1,36.4,Scotland,FE Urquhart,EM Priddle,Rumana Ahmed,0,0,"",""
ball,1,36.5,Scotland,FE Urquhart,EM Priddle,Rumana Ahmed,4,0,"",""
ball,1,36.6,Scotland,FE Urquhart,EM Priddle,Rumana Ahmed,0,0,"",""
ball,1,37.1,Scotland,EM Priddle,FE Urquhart,Jahanara Alam,1,0,"",""
ball,1,37.2,Scotland,FE Urquhart,EM Priddle,Jahanara Alam,1,0,"",""
ball,1,37.3,Scotland,EM Priddle,FE Urquhart,Jahanara Alam,0,0,"",""
ball,1,37.4,Scotland,EM Priddle,FE Urquhart,Jahanara Alam,0,0,"",""
ball,1,37.5,Scotland,EM Priddle,FE Urquhart,Jahanara Alam,0,0,"",""
ball,1,37.6,Scotland,EM Priddle,FE Urquhart,Jahanara Alam,0,0,"",""
ball,1,38.1,Scotland,FE Urquhart,EM Priddle,Rumana Ahmed,0,0,"",""
ball,1,38.2,Scotland,FE Urquhart,EM Priddle,Rumana Ahmed,0,0,caught,FE Urquhart
ball,1,38.3,Scotland,EM Priddle,KL Gordon,Rumana Ahmed,0,0,"",""
ball,1,38.4,Scotland,EM Priddle,KL Gordon,Rumana Ahmed,1,0,"",""
ball,1,38.5,Scotland,KL Gordon,EM Priddle,Rumana Ahmed,0,0,"",""
ball,1,38.6,Scotland,KL Gordon,EM Priddle,Rumana Ahmed,0,0,"",""
ball,1,39.1,Scotland,EM Priddle,KL Gordon,Jahanara Alam,0,0,"",""
ball,1,39.2,Scotland,EM Priddle,KL Gordon,Jahanara Alam,1,0,"",""
ball,1,39.3,Scotland,KL Gordon,EM Priddle,Jahanara Alam,0,0,"",""
ball,1,39.4,Scotland,KL Gordon,EM Priddle,Jahanara Alam,0,0,"",""
ball,1,39.5,Scotland,KL Gordon,EM Priddle,Jahanara Alam,0,0,"",""
ball,1,39.6,Scotland,KL Gordon,EM Priddle,Jahanara Alam,0,0,"",""
ball,1,40.1,Scotland,EM Priddle,KL Gordon,Salma Khatun,0,0,"",""
ball,1,40.2,Scotland,EM Priddle,KL Gordon,Salma Khatun,0,0,lbw,EM Priddle
ball,1,40.3,Scotland,K McGill,KL Gordon,Salma Khatun,0,0,"",""
ball,1,40.4,Scotland,K McGill,KL Gordon,Salma Khatun,1,0,"",""
ball,1,40.5,Scotland,KL Gordon,K McGill,Salma Khatun,0,0,"",""
ball,1,40.6,Scotland,KL Gordon,K McGill,Salma Khatun,0,0,"",""
ball,1,41.1,Scotland,K McGill,KL Gordon,Khadija Tul Kubra,0,0,"",""
ball,1,41.2,Scotland,K McGill,KL Gordon,Khadija Tul Kubra,0,0,"",""
ball,1,41.3,Scotland,K McGill,KL Gordon,Khadija Tul Kubra,0,0,"",""
ball,1,41.4,Scotland,K McGill,KL Gordon,Khadija Tul Kubra,0,0,"",""
ball,1,41.5,Scotland,K McGill,KL Gordon,Khadija Tul Kubra,1,0,"",""
ball,1,41.6,Scotland,KL Gordon,K McGill,Khadija Tul Kubra,0,0,"",""
ball,1,42.1,Scotland,K McGill,KL Gordon,Salma Khatun,0,0,"",""
ball,1,42.2,Scotland,K McGill,KL Gordon,Salma Khatun,0,0,"",""
ball,1,42.3,Scotland,K McGill,KL Gordon,Salma Khatun,0,0,"",""
ball,1,42.4,Scotland,K McGill,KL Gordon,Salma Khatun,0,0,"",""
ball,1,42.5,Scotland,K McGill,KL Gordon,Salma Khatun,0,0,"",""
ball,1,42.6,Scotland,K McGill,KL Gordon,Salma Khatun,0,0,"",""
ball,1,43.1,Scotland,KL Gordon,K McGill,Jahanara Alam,1,0,"",""
ball,1,43.2,Scotland,K McGill,KL Gordon,Jahanara Alam,0,0,"",""
ball,1,43.3,Scotland,K McGill,KL Gordon,Jahanara Alam,1,0,"",""
ball,1,43.4,Scotland,KL Gordon,K McGill,Jahanara Alam,0,0,"",""
ball,1,43.5,Scotland,KL Gordon,K McGill,Jahanara Alam,0,0,"",""
ball,1,43.6,Scotland,KL Gordon,K McGill,Jahanara Alam,1,0,"",""
ball,1,44.1,Scotland,KL Gordon,K McGill,Panna Ghosh,1,0,"",""
ball,1,44.2,Scotland,K McGill,KL Gordon,Panna Ghosh,0,0,"",""
ball,1,44.3,Scotland,K McGill,KL Gordon,Panna Ghosh,2,0,"",""
ball,1,44.4,Scotland,K McGill,KL Gordon,Panna Ghosh,0,0,"",""
ball,1,44.5,Scotland,K McGill,KL Gordon,Panna Ghosh,4,0,"",""
ball,1,44.6,Scotland,K McGill,KL Gordon,Panna Ghosh,0,0,"",""
ball,1,45.1,Scotland,KL Gordon,K McGill,Khadija Tul Kubra,0,0,"",""
ball,1,45.2,Scotland,KL Gordon,K McGill,Khadija Tul Kubra,0,0,"",""
ball,1,45.3,Scotland,KL Gordon,K McGill,Khadija Tul Kubra,0,0,caught,KL Gordon
ball,1,45.4,Scotland,K McGill,L Jack,Khadija Tul Kubra,1,0,"",""
ball,1,45.5,Scotland,L Jack,K McGill,Khadija Tul Kubra,0,0,"",""
ball,1,45.6,Scotland,L Jack,K McGill,Khadija Tul Kubra,0,0,"",""
ball,1,46.1,Scotland,K McGill,L Jack,Salma Khatun,0,0,"",""
ball,1,46.2,Scotland,K McGill,L Jack,Salma Khatun,0,0,"",""
ball,1,46.3,Scotland,K McGill,L Jack,Salma Khatun,0,0,"",""
ball,1,46.4,Scotland,K McGill,L Jack,Salma Khatun,0,0,bowled,K McGill
ball,1,46.5,Scotland,A Aitken,L Jack,Salma Khatun,0,0,"",""
ball,1,46.6,Scotland,A Aitken,L Jack,Salma Khatun,0,0,"",""
ball,1,47.1,Scotland,L Jack,A Aitken,Rumana Ahmed,1,0,"",""
ball,1,47.2,Scotland,A Aitken,L Jack,Rumana Ahmed,0,0,"",""
ball,1,47.3,Scotland,A Aitken,L Jack,Rumana Ahmed,1,0,"",""
ball,1,47.4,Scotland,L Jack,A Aitken,Rumana Ahmed,0,0,"",""
ball,1,47.5,Scotland,L Jack,A Aitken,Rumana Ahmed,1,0,"",""
ball,1,47.6,Scotland,A Aitken,L Jack,Rumana Ahmed,0,0,"",""
ball,1,48.1,Scotland,L Jack,A Aitken,Panna Ghosh,0,0,"",""
ball,1,48.2,Scotland,L Jack,A Aitken,Panna Ghosh,1,0,"",""
ball,1,48.3,Scotland,A Aitken,L Jack,Panna Ghosh,0,0,"",""
ball,1,48.4,Scotland,A Aitken,L Jack,Panna Ghosh,0,1,"",""
ball,1,48.5,Scotland,L Jack,A Aitken,Panna Ghosh,4,0,"",""
ball,1,48.6,Scotland,L Jack,A Aitken,Panna Ghosh,4,0,"",""
ball,1,49.1,Scotland,A Aitken,L Jack,Jahanara Alam,0,0,lbw,A Aitken
ball,2,0.1,Bangladesh,Sharmin Sultana,Sharmin Akhter,K McGill,0,0,"",""
ball,2,0.2,Bangladesh,Sharmin Sultana,Sharmin Akhter,K McGill,0,0,"",""
ball,2,0.3,Bangladesh,Sharmin Sultana,Sharmin Akhter,K McGill,0,1,"",""
ball,2,0.4,Bangladesh,Sharmin Sultana,Sharmin Akhter,K McGill,0,0,"",""
ball,2,0.5,Bangladesh,Sharmin Sultana,Sharmin Akhter,K McGill,1,0,"",""
ball,2,0.6,Bangladesh,Sharmin Akhter,Sharmin Sultana,K McGill,4,0,"",""
ball,2,0.7,Bangladesh,Sharmin Akhter,Sharmin Sultana,K McGill,0,0,"",""
ball,2,1.1,Bangladesh,Sharmin Sultana,Sharmin Akhter,KE Bryce,0,0,"",""
ball,2,1.2,Bangladesh,Sharmin Sultana,Sharmin Akhter,KE Bryce,0,0,"",""
ball,2,1.3,Bangladesh,Sharmin Sultana,Sharmin Akhter,KE Bryce,0,0,"",""
ball,2,1.4,Bangladesh,Sharmin Sultana,Sharmin Akhter,KE Bryce,0,0,"",""
ball,2,1.5,Bangladesh,Sharmin Sultana,Sharmin Akhter,KE Bryce,4,0,"",""
ball,2,1.6,Bangladesh,Sharmin Sultana,Sharmin Akhter,KE Bryce,1,0,"",""
ball,2,2.1,Bangladesh,Sharmin Sultana,Sharmin Akhter,K McGill,0,0,"",""
ball,2,2.2,Bangladesh,Sharmin Sultana,Sharmin Akhter,K McGill,0,0,"",""
ball,2,2.3,Bangladesh,Sharmin Sultana,Sharmin Akhter,K McGill,0,0,"",""
ball,2,2.4,Bangladesh,Sharmin Sultana,Sharmin Akhter,K McGill,0,0,"",""
ball,2,2.5,Bangladesh,Sharmin Sultana,Sharmin Akhter,K McGill,4,0,"",""
ball,2,2.6,Bangladesh,Sharmin Sultana,Sharmin Akhter,K McGill,0,0,"",""
ball,2,3.1,Bangladesh,Sharmin Akhter,Sharmin Sultana,KE Bryce,0,0,"",""
ball,2,3.2,Bangladesh,Sharmin Akhter,Sharmin Sultana,KE Bryce,0,0,"",""
ball,2,3.3,Bangladesh,Sharmin Akhter,Sharmin Sultana,KE Bryce,4,0,"",""
ball,2,3.4,Bangladesh,Sharmin Akhter,Sharmin Sultana,KE Bryce,0,0,"",""
ball,2,3.5,Bangladesh,Sharmin Akhter,Sharmin Sultana,KE Bryce,1,0,"",""
ball,2,3.6,Bangladesh,Sharmin Sultana,Sharmin Akhter,KE Bryce,0,0,"",""
ball,2,4.1,Bangladesh,Sharmin Akhter,Sharmin Sultana,K McGill,0,0,"",""
ball,2,4.2,Bangladesh,Sharmin Akhter,Sharmin Sultana,K McGill,1,0,"",""
ball,2,4.3,Bangladesh,Sharmin Sultana,Sharmin Akhter,K McGill,2,0,"",""
ball,2,4.4,Bangladesh,Sharmin Sultana,Sharmin Akhter,K McGill,0,0,"",""
ball,2,4.5,Bangladesh,Sharmin Sultana,Sharmin Akhter,K McGill,0,0,"",""
ball,2,4.6,Bangladesh,Sharmin Sultana,Sharmin Akhter,K McGill,3,0,"",""
ball,2,5.1,Bangladesh,Sharmin Sultana,Sharmin Akhter,KE Bryce,0,0,bowled,Sharmin Sultana
ball,2,5.2,Bangladesh,Sanjida Islam,Sharmin Akhter,KE Bryce,0,0,"",""
ball,2,5.3,Bangladesh,Sanjida Islam,Sharmin Akhter,KE Bryce,0,1,"",""
ball,2,5.4,Bangladesh,Sanjida Islam,Sharmin Akhter,KE Bryce,0,0,"",""
ball,2,5.5,Bangladesh,Sanjida Islam,Sharmin Akhter,KE Bryce,0,0,"",""
ball,2,5.6,Bangladesh,Sanjida Islam,Sharmin Akhter,KE Bryce,0,0,"",""
ball,2,5.7,Bangladesh,Sanjida Islam,Sharmin Akhter,KE Bryce,2,0,"",""
ball,2,6.1,Bangladesh,Sharmin Akhter,Sanjida Islam,K McGill,1,0,"",""
ball,2,6.2,Bangladesh,Sanjida Islam,Sharmin Akhter,K McGill,1,0,"",""
ball,2,6.3,Bangladesh,Sharmin Akhter,Sanjida Islam,K McGill,0,0,"",""
ball,2,6.4,Bangladesh,Sharmin Akhter,Sanjida Islam,K McGill,0,0,"",""
ball,2,6.5,Bangladesh,Sharmin Akhter,Sanjida Islam,K McGill,1,0,"",""
ball,2,6.6,Bangladesh,Sanjida Islam,Sharmin Akhter,K McGill,0,0,bowled,Sanjida Islam
ball,2,7.1,Bangladesh,Sharmin Akhter,Fargana Hoque,KE Bryce,1,0,"",""
ball,2,7.2,Bangladesh,Fargana Hoque,Sharmin Akhter,KE Bryce,0,0,"",""
ball,2,7.3,Bangladesh,Fargana Hoque,Sharmin Akhter,KE Bryce,0,0,"",""
ball,2,7.4,Bangladesh,Fargana Hoque,Sharmin Akhter,KE Bryce,0,0,"",""
ball,2,7.5,Bangladesh,Fargana Hoque,Sharmin Akhter,KE Bryce,0,0,"",""
ball,2,7.6,Bangladesh,Fargana Hoque,Sharmin Akhter,KE Bryce,0,0,"",""
ball,2,8.1,Bangladesh,Sharmin Akhter,Fargana Hoque,K McGill,0,0,"",""
ball,2,8.2,Bangladesh,Sharmin Akhter,Fargana Hoque,K McGill,0,0,"",""
ball,2,8.3,Bangladesh,Sharmin Akhter,Fargana Hoque,K McGill,0,0,"",""
ball,2,8.4,Bangladesh,Sharmin Akhter,Fargana Hoque,K McGill,1,0,"",""
ball,2,8.5,Bangladesh,Fargana Hoque,Sharmin Akhter,K McGill,0,0,"",""
ball,2,8.6,Bangladesh,Fargana Hoque,Sharmin Akhter,K McGill,0,0,"",""
ball,2,9.1,Bangladesh,Sharmin Akhter,Fargana Hoque,KE Bryce,0,0,"",""
ball,2,9.2,Bangladesh,Sharmin Akhter,Fargana Hoque,KE Bryce,1,0,"",""
ball,2,9.3,Bangladesh,Fargana Hoque,Sharmin Akhter,KE Bryce,0,1,"",""
ball,2,9.4,Bangladesh,Fargana Hoque,Sharmin Akhter,KE Bryce,0,0,"",""
ball,2,9.5,Bangladesh,Fargana Hoque,Sharmin Akhter,KE Bryce,0,0,"",""
ball,2,9.6,Bangladesh,Fargana Hoque,Sharmin Akhter,KE Bryce,0,0,"",""
ball,2,9.7,Bangladesh,Fargana Hoque,Sharmin Akhter,KE Bryce,0,0,"",""
ball,2,10.1,Bangladesh,Sharmin Akhter,Fargana Hoque,A Aitken,1,0,"",""
ball,2,10.2,Bangladesh,Fargana Hoque,Sharmin Akhter,A Aitken,0,0,"",""
ball,2,10.3,Bangladesh,Fargana Hoque,Sharmin Akhter,A Aitken,0,0,"",""
ball,2,10.4,Bangladesh,Fargana Hoque,Sharmin Akhter,A Aitken,4,0,"",""
ball,2,10.5,Bangladesh,Fargana Hoque,Sharmin Akhter,A Aitken,4,0,"",""
ball,2,10.6,Bangladesh,Fargana Hoque,Sharmin Akhter,A Aitken,1,0,"",""
ball,2,11.1,Bangladesh,Fargana Hoque,Sharmin Akhter,KL Gordon,0,0,"",""
ball,2,11.2,Bangladesh,Fargana Hoque,Sharmin Akhter,KL Gordon,0,0,"",""
ball,2,11.3,Bangladesh,Fargana Hoque,Sharmin Akhter,KL Gordon,0,0,"",""
ball,2,11.4,Bangladesh,Fargana Hoque,Sharmin Akhter,KL Gordon,0,0,"",""
ball,2,11.5,Bangladesh,Fargana Hoque,Sharmin Akhter,KL Gordon,0,0,"",""
ball,2,11.6,Bangladesh,Fargana Hoque,Sharmin Akhter,KL Gordon,0,0,"",""
ball,2,12.1,Bangladesh,Sharmin Akhter,Fargana Hoque,A Aitken,1,0,"",""
ball,2,12.2,Bangladesh,Fargana Hoque,Sharmin Akhter,A Aitken,0,0,"",""
ball,2,12.3,Bangladesh,Fargana Hoque,Sharmin Akhter,A Aitken,1,0,"",""
ball,2,12.4,Bangladesh,Sharmin Akhter,Fargana Hoque,A Aitken,0,0,"",""
ball,2,12.5,Bangladesh,Sharmin Akhter,Fargana Hoque,A Aitken,1,0,"",""
ball,2,12.6,Bangladesh,Fargana Hoque,Sharmin Akhter,A Aitken,1,0,"",""
ball,2,13.1,Bangladesh,Fargana Hoque,Sharmin Akhter,KL Gordon,0,0,"",""
ball,2,13.2,Bangladesh,Fargana Hoque,Sharmin Akhter,KL Gordon,0,0,"",""
ball,2,13.3,Bangladesh,Fargana Hoque,Sharmin Akhter,KL Gordon,1,0,"",""
ball,2,13.4,Bangladesh,Sharmin Akhter,Fargana Hoque,KL Gordon,0,0,"",""
ball,2,13.5,Bangladesh,Sharmin Akhter,Fargana Hoque,KL Gordon,0,1,"",""
ball,2,13.6,Bangladesh,Sharmin Akhter,Fargana Hoque,KL Gordon,0,0,"",""
ball,2,13.7,Bangladesh,Sharmin Akhter,Fargana Hoque,KL Gordon,0,0,"",""
ball,2,14.1,Bangladesh,Fargana Hoque,Sharmin Akhter,A Aitken,0,0,"",""
ball,2,14.2,Bangladesh,Fargana Hoque,Sharmin Akhter,A Aitken,4,0,"",""
ball,2,14.3,Bangladesh,Fargana Hoque,Sharmin Akhter,A Aitken,0,0,"",""
ball,2,14.4,Bangladesh,Fargana Hoque,Sharmin Akhter,A Aitken,0,0,"",""
ball,2,14.5,Bangladesh,Fargana Hoque,Sharmin Akhter,A Aitken,1,0,"",""
ball,2,14.6,Bangladesh,Sharmin Akhter,Fargana Hoque,A Aitken,0,0,"",""
ball,2,15.1,Bangladesh,Fargana Hoque,Sharmin Akhter,KL Gordon,0,0,"",""
ball,2,15.2,Bangladesh,Fargana Hoque,Sharmin Akhter,KL Gordon,0,0,"",""
ball,2,15.3,Bangladesh,Fargana Hoque,Sharmin Akhter,KL Gordon,0,0,"",""
ball,2,15.4,Bangladesh,Fargana Hoque,Sharmin Akhter,KL Gordon,1,0,"",""
ball,2,15.5,Bangladesh,Sharmin Akhter,Fargana Hoque,KL Gordon,0,0,"",""
ball,2,15.6,Bangladesh,Sharmin Akhter,Fargana Hoque,KL Gordon,0,0,"",""
ball,2,16.1,Bangladesh,Fargana Hoque,Sharmin Akhter,RV Scholes,0,0,"",""
ball,2,16.2,Bangladesh,Fargana Hoque,Sharmin Akhter,RV Scholes,0,0,"",""
ball,2,16.3,Bangladesh,Fargana Hoque,Sharmin Akhter,RV Scholes,4,0,"",""
ball,2,16.4,Bangladesh,Fargana Hoque,Sharmin Akhter,RV Scholes,0,0,"",""
ball,2,16.5,Bangladesh,Fargana Hoque,Sharmin Akhter,RV Scholes,0,0,"",""
ball,2,16.6,Bangladesh,Fargana Hoque,Sharmin Akhter,RV Scholes,0,0,"",""
ball,2,17.1,Bangladesh,Sharmin Akhter,Fargana Hoque,KL Gordon,0,0,"",""
ball,2,17.2,Bangladesh,Sharmin Akhter,Fargana Hoque,KL Gordon,2,0,"",""
ball,2,17.3,Bangladesh,Sharmin Akhter,Fargana Hoque,KL Gordon,0,1,"",""
ball,2,17.4,Bangladesh,Sharmin Akhter,Fargana Hoque,KL Gordon,0,0,"",""
ball,2,17.5,Bangladesh,Sharmin Akhter,Fargana Hoque,KL Gordon,0,0,"",""
ball,2,17.6,Bangladesh,Sharmin Akhter,Fargana Hoque,KL Gordon,0,0,"",""
ball,2,17.7,Bangladesh,Sharmin Akhter,Fargana Hoque,KL Gordon,1,0,"",""
ball,2,18.1,Bangladesh,Sharmin Akhter,Fargana Hoque,RV Scholes,0,0,"",""
ball,2,18.2,Bangladesh,Sharmin Akhter,Fargana Hoque,RV Scholes,1,0,"",""
ball,2,18.3,Bangladesh,Fargana Hoque,Sharmin Akhter,RV Scholes,0,0,"",""
ball,2,18.4,Bangladesh,Fargana Hoque,Sharmin Akhter,RV Scholes,1,0,"",""
ball,2,18.5,Bangladesh,Sharmin Akhter,Fargana Hoque,RV Scholes,0,0,"",""
ball,2,18.6,Bangladesh,Sharmin Akhter,Fargana Hoque,RV Scholes,0,0,"",""
ball,2,19.1,Bangladesh,Fargana Hoque,Sharmin Akhter,KL Gordon,0,0,"",""
ball,2,19.2,Bangladesh,Fargana Hoque,Sharmin Akhter,KL Gordon,0,0,"",""
ball,2,19.3,Bangladesh,Fargana Hoque,Sharmin Akhter,KL Gordon,0,0,"",""
ball,2,19.4,Bangladesh,Fargana Hoque,Sharmin Akhter,KL Gordon,0,0,"",""
ball,2,19.5,Bangladesh,Fargana Hoque,Sharmin Akhter,KL Gordon,0,0,"",""
ball,2,19.6,Bangladesh,Fargana Hoque,Sharmin Akhter,KL Gordon,0,0,"",""
ball,2,20.1,Bangladesh,Sharmin Akhter,Fargana Hoque,RV Scholes,0,0,caught,Sharmin Akhter
ball,2,20.2,Bangladesh,Rumana Ahmed,Fargana Hoque,RV Scholes,0,0,"",""
ball,2,20.3,Bangladesh,Rumana Ahmed,Fargana Hoque,RV Scholes,0,0,"",""
ball,2,20.4,Bangladesh,Rumana Ahmed,Fargana Hoque,RV Scholes,0,0,"",""
ball,2,20.5,Bangladesh,Rumana Ahmed,Fargana Hoque,RV Scholes,0,0,"",""
ball,2,20.6,Bangladesh,Rumana Ahmed,Fargana Hoque,RV Scholes,0,0,"",""
ball,2,21.1,Bangladesh,Fargana Hoque,Rumana Ahmed,KL Gordon,0,0,"",""
ball,2,21.2,Bangladesh,Fargana Hoque,Rumana Ahmed,KL Gordon,0,0,"",""
ball,2,21.3,Bangladesh,Fargana Hoque,Rumana Ahmed,KL Gordon,0,0,"",""
ball,2,21.4,Bangladesh,Fargana Hoque,Rumana Ahmed,KL Gordon,0,0,"",""
ball,2,21.5,Bangladesh,Fargana Hoque,Rumana Ahmed,KL Gordon,0,1,"",""
ball,2,21.6,Bangladesh,Fargana Hoque,Rumana Ahmed,KL Gordon,0,0,"",""
ball,2,21.7,Bangladesh,Fargana Hoque,Rumana Ahmed,KL Gordon,1,0,"",""
ball,2,22.1,Bangladesh,Fargana Hoque,Rumana Ahmed,RV Scholes,0,0,"",""
ball,2,22.2,Bangladesh,Fargana Hoque,Rumana Ahmed,RV Scholes,0,0,"",""
ball,2,22.3,Bangladesh,Fargana Hoque,Rumana Ahmed,RV Scholes,4,0,"",""
ball,2,22.4,Bangladesh,Fargana Hoque,Rumana Ahmed,RV Scholes,0,0,"",""
ball,2,22.5,Bangladesh,Fargana Hoque,Rumana Ahmed,RV Scholes,0,0,"",""
ball,2,22.6,Bangladesh,Fargana Hoque,Rumana Ahmed,RV Scholes,1,0,"",""
ball,2,23.1,Bangladesh,Fargana Hoque,Rumana Ahmed,KL Gordon,0,0,"",""
ball,2,23.2,Bangladesh,Fargana Hoque,Rumana Ahmed,KL Gordon,0,0,"",""
ball,2,23.3,Bangladesh,Fargana Hoque,Rumana Ahmed,KL Gordon,0,0,"",""
ball,2,23.4,Bangladesh,Fargana Hoque,Rumana Ahmed,KL Gordon,0,0,"",""
ball,2,23.5,Bangladesh,Fargana Hoque,Rumana Ahmed,KL Gordon,0,0,"",""
ball,2,23.6,Bangladesh,Fargana Hoque,Rumana Ahmed,KL Gordon,0,0,"",""
ball,2,24.1,Bangladesh,Rumana Ahmed,Fargana Hoque,RV Scholes,0,0,"",""
ball,2,24.2,Bangladesh,Rumana Ahmed,Fargana Hoque,RV Scholes,0,0,"",""
ball,2,24.3,Bangladesh,Rumana Ahmed,Fargana Hoque,RV Scholes,0,0,"",""
ball,2,24.4,Bangladesh,Rumana Ahmed,Fargana Hoque,RV Scholes,4,0,"",""
ball,2,24.5,Bangladesh,Rumana Ahmed,Fargana Hoque,RV Scholes,0,0,"",""
ball,2,24.6,Bangladesh,Rumana Ahmed,Fargana Hoque,RV Scholes,4,0,"",""
ball,2,25.1,Bangladesh,Fargana Hoque,Rumana Ahmed,KL Gordon,0,0,"",""
ball,2,25.2,Bangladesh,Fargana Hoque,Rumana Ahmed,KL Gordon,4,0,"",""
ball,2,25.3,Bangladesh,Fargana Hoque,Rumana Ahmed,KL Gordon,0,0,"",""
ball,2,25.4,Bangladesh,Fargana Hoque,Rumana Ahmed,KL Gordon,0,0,"",""
ball,2,25.5,Bangladesh,Fargana Hoque,Rumana Ahmed,KL Gordon,0,0,"",""
ball,2,25.6,Bangladesh,Fargana Hoque,Rumana Ahmed,KL Gordon,0,0,"",""
ball,2,26.1,Bangladesh,Rumana Ahmed,Fargana Hoque,RV Scholes,2,0,"",""
ball,2,26.2,Bangladesh,Rumana Ahmed,Fargana Hoque,RV Scholes,0,0,"",""
ball,2,26.3,Bangladesh,Rumana Ahmed,Fargana Hoque,RV Scholes,1,0,"",""
ball,2,26.4,Bangladesh,Fargana Hoque,Rumana Ahmed,RV Scholes,0,0,"",""
ball,2,26.5,Bangladesh,Fargana Hoque,Rumana Ahmed,RV Scholes,1,0,"",""
ball,2,26.6,Bangladesh,Rumana Ahmed,Fargana Hoque,RV Scholes,0,0,"",""
ball,2,27.1,Bangladesh,Fargana Hoque,Rumana Ahmed,K Anderson,0,0,"",""
ball,2,27.2,Bangladesh,Fargana Hoque,Rumana Ahmed,K Anderson,1,0,"",""
ball,2,27.3,Bangladesh,Rumana Ahmed,Fargana Hoque,K Anderson,1,0,"",""
ball,2,27.4,Bangladesh,Fargana Hoque,Rumana Ahmed,K Anderson,0,0,"",""
ball,2,27.5,Bangladesh,Fargana Hoque,Rumana Ahmed,K Anderson,0,0,"",""
ball,2,27.6,Bangladesh,Fargana Hoque,Rumana Ahmed,K Anderson,0,0,"",""
ball,2,28.1,Bangladesh,Rumana Ahmed,Fargana Hoque,KE Bryce,2,0,"",""
ball,2,28.2,Bangladesh,Rumana Ahmed,Fargana Hoque,KE Bryce,4,0,"",""
ball,2,28.3,Bangladesh,Rumana Ahmed,Fargana Hoque,KE Bryce,0,0,"",""
ball,2,28.4,Bangladesh,Rumana Ahmed,Fargana Hoque,KE Bryce,0,0,"",""
ball,2,28.5,Bangladesh,Rumana Ahmed,Fargana Hoque,KE Bryce,0,0,"",""
ball,2,28.6,Bangladesh,Rumana Ahmed,Fargana Hoque,KE Bryce,0,0,"",""
ball,2,29.1,Bangladesh,Fargana Hoque,Rumana Ahmed,K Anderson,0,0,"",""
ball,2,29.2,Bangladesh,Fargana Hoque,Rumana Ahmed,K Anderson,0,0,"",""
ball,2,29.3,Bangladesh,Fargana Hoque,Rumana Ahmed,K Anderson,1,0,"",""
ball,2,29.4,Bangladesh,Rumana Ahmed,Fargana Hoque,K Anderson,0,0,"",""
ball,2,29.5,Bangladesh,Rumana Ahmed,Fargana Hoque,K Anderson,0,0,"",""
ball,2,29.6,Bangladesh,Rumana Ahmed,Fargana Hoque,K Anderson,1,0,"",""
ball,2,30.1,Bangladesh,Rumana Ahmed,Fargana Hoque,KE Bryce,0,0,"",""
ball,2,30.2,Bangladesh,Rumana Ahmed,Fargana Hoque,KE Bryce,2,0,"",""
ball,2,30.3,Bangladesh,Rumana Ahmed,Fargana Hoque,KE Bryce,1,0,"",""
ball,2,30.4,Bangladesh,Fargana Hoque,Rumana Ahmed,KE Bryce,0,0,"",""
ball,2,30.5,Bangladesh,Fargana Hoque,Rumana Ahmed,KE Bryce,1,0,"",""
ball,2,30.6,Bangladesh,Rumana Ahmed,Fargana Hoque,KE Bryce,0,0,"",""
ball,2,31.1,Bangladesh,Fargana Hoque,Rumana Ahmed,K Anderson,1,0,"",""
ball,2,31.2,Bangladesh,Rumana Ahmed,Fargana Hoque,K Anderson,1,0,"",""
ball,2,31.3,Bangladesh,Fargana Hoque,Rumana Ahmed,K Anderson,0,1,"",""
ball,2,31.4,Bangladesh,Fargana Hoque,Rumana Ahmed,K Anderson,0,0,"",""
ball,2,31.5,Bangladesh,Fargana Hoque,Rumana Ahmed,K Anderson,0,0,"",""
ball,2,31.6,Bangladesh,Fargana Hoque,Rumana Ahmed,K Anderson,1,0,"",""
ball,2,31.7,Bangladesh,Rumana Ahmed,Fargana Hoque,K Anderson,0,0,"",""
ball,2,32.1,Bangladesh,Fargana Hoque,Rumana Ahmed,KE Bryce,1,0,"",""
ball,2,32.2,Bangladesh,Rumana Ahmed,Fargana Hoque,KE Bryce,1,0,"",""
ball,2,32.3,Bangladesh,Fargana Hoque,Rumana Ahmed,KE Bryce,1,0,"",""
ball,2,32.4,Bangladesh,Rumana Ahmed,Fargana Hoque,KE Bryce,0,0,"",""
ball,2,32.5,Bangladesh,Rumana Ahmed,Fargana Hoque,KE Bryce,0,0,"",""
ball,2,32.6,Bangladesh,Rumana Ahmed,Fargana Hoque,KE Bryce,4,0,"",""
ball,2,33.1,Bangladesh,Fargana Hoque,Rumana Ahmed,KL Gordon,0,0,"",""
ball,2,33.2,Bangladesh,Fargana Hoque,Rumana Ahmed,KL Gordon,0,0,"",""
ball,2,33.3,Bangladesh,Fargana Hoque,Rumana Ahmed,KL Gordon,0,0,"",""
ball,2,33.4,Bangladesh,Fargana Hoque,Rumana Ahmed,KL Gordon,0,0,"",""
ball,2,33.5,Bangladesh,Fargana Hoque,Rumana Ahmed,KL Gordon,1,0,"",""
ball,2,33.6,Bangladesh,Rumana Ahmed,Fargana Hoque,KL Gordon,1,0,"",""
ball,2,34.1,Bangladesh,Rumana Ahmed,Fargana Hoque,K McGill,1,0,"",""
ball,2,34.2,Bangladesh,Fargana Hoque,Rumana Ahmed,K McGill,0,1,"",""
ball,2,34.3,Bangladesh,Fargana Hoque,Rumana Ahmed,K McGill,0,0,"",""
ball,2,34.4,Bangladesh,Fargana Hoque,Rumana Ahmed,K McGill,4,0,"",""
ball,2,34.5,Bangladesh,Fargana Hoque,Rumana Ahmed,K McGill,0,0,"",""
ball,2,34.6,Bangladesh,Fargana Hoque,Rumana Ahmed,K McGill,0,0,"",""
ball,2,34.7,Bangladesh,Fargana Hoque,Rumana Ahmed,K McGill,1,0,"",""
ball,2,35.1,Bangladesh,Fargana Hoque,Rumana Ahmed,KL Gordon,0,0,"",""
ball,2,35.2,Bangladesh,Fargana Hoque,Rumana Ahmed,KL Gordon,1,0,"",""
ball,2,35.3,Bangladesh,Rumana Ahmed,Fargana Hoque,KL Gordon,0,0,"",""
ball,2,35.4,Bangladesh,Rumana Ahmed,Fargana Hoque,KL Gordon,4,0,"",""
ball,2,35.5,Bangladesh,Rumana Ahmed,Fargana Hoque,KL Gordon,0,3,"",""
ball,2,35.6,Bangladesh,Rumana Ahmed,Fargana Hoque,KL Gordon,0,0,"",""
ball,2,35.7,Bangladesh,Rumana Ahmed,Fargana Hoque,KL Gordon,0,0,"",""
ball,2,36.1,Bangladesh,Fargana Hoque,Rumana Ahmed,K McGill,1,0,"",""
ball,2,36.2,Bangladesh,Rumana Ahmed,Fargana Hoque,K McGill,4,0,"",""
ball,2,36.3,Bangladesh,Rumana Ahmed,Fargana Hoque,K McGill,0,0,"",""
ball,2,36.4,Bangladesh,Rumana Ahmed,Fargana Hoque,K McGill,0,0,"",""
ball,2,36.5,Bangladesh,Rumana Ahmed,Fargana Hoque,K McGill,0,0,"",""
ball,2,36.6,Bangladesh,Rumana Ahmed,Fargana Hoque,K McGill,0,1,"",""
ball,2,36.7,Bangladesh,Rumana Ahmed,Fargana Hoque,K McGill,0,0,"",""
ball,2,37.1,Bangladesh,Fargana Hoque,Rumana Ahmed,RV Scholes,0,0,"",""
ball,2,37.2,Bangladesh,Fargana Hoque,Rumana Ahmed,RV Scholes,0,0,"",""
ball,2,37.3,Bangladesh,Fargana Hoque,Rumana Ahmed,RV Scholes,4,0,"",""
