version,1.3.0
info,team,Papua New Guinea
info,team,South Africa
info,gender,female
info,season,2016/17
info,date,2017/02/13
info,competition,ICC Women's World Cup Qualifier
info,match_number,19
info,venue,Nondescripts Cricket Club Ground
info,city,Colombo
info,neutralvenue,true
info,toss_winner,Papua New Guinea
info,toss_decision,bat
info,player_of_match,S Ismail
info,umpire,AK Chaudhary
info,umpire,CA Polosak
info,reserve_umpire,WN de Silva
info,winner,South Africa
info,winner_wickets,10
ball,1,0.1,Papua New Guinea,T Ruma,B Tau,S Ismail,1,0,"",""
ball,1,0.2,Papua New Guinea,B Tau,T Ruma,S Ismail,0,0,"",""
ball,1,0.3,Papua New Guinea,B Tau,T Ruma,S Ismail,0,0,"",""
ball,1,0.4,Papua New Guinea,B Tau,T Ruma,S Ismail,1,0,"",""
ball,1,0.5,Papua New Guinea,T Ruma,B Tau,S Ismail,0,0,"",""
ball,1,0.6,Papua New Guinea,T Ruma,B Tau,S Ismail,0,0,"",""
ball,1,1.1,Papua New Guinea,B Tau,T Ruma,M Daniels,0,0,"",""
ball,1,1.2,Papua New Guinea,B Tau,T Ruma,M Daniels,4,0,"",""
ball,1,1.3,Papua New Guinea,B Tau,T Ruma,M Daniels,0,0,"",""
ball,1,1.4,Papua New Guinea,B Tau,T Ruma,M Daniels,0,0,"",""
ball,1,1.5,Papua New Guinea,B Tau,T Ruma,M Daniels,1,0,"",""
ball,1,1.6,Papua New Guinea,T Ruma,B Tau,M Daniels,0,0,"",""
ball,1,2.1,Papua New Guinea,B Tau,T Ruma,S Ismail,0,0,"",""
ball,1,2.2,Papua New Guinea,B Tau,T Ruma,S Ismail,0,0,"",""
ball,1,2.3,Papua New Guinea,B Tau,T Ruma,S Ismail,0,0,"",""
ball,1,2.4,Papua New Guinea,B Tau,T Ruma,S Ismail,0,0,"",""
ball,1,2.5,Papua New Guinea,B Tau,T Ruma,S Ismail,0,0,"",""
ball,1,2.6,Papua New Guinea,B Tau,T Ruma,S Ismail,0,0,"",""
ball,1,3.1,Papua New Guinea,T Ruma,B Tau,M Daniels,0,0,"",""
ball,1,3.2,Papua New Guinea,T Ruma,B Tau,M Daniels,0,0,"",""
ball,1,3.3,Papua New Guinea,T Ruma,B Tau,M Daniels,0,0,"",""
ball,1,3.4,Papua New Guinea,T Ruma,B Tau,M Daniels,0,0,"",""
ball,1,3.5,Papua New Guinea,T Ruma,B Tau,M Daniels,0,0,"",""
ball,1,3.6,Papua New Guinea,T Ruma,B Tau,M Daniels,0,0,"",""
ball,1,4.1,Papua New Guinea,B Tau,T Ruma,S Ismail,1,0,"",""
ball,1,4.2,Papua New Guinea,T Ruma,B Tau,S Ismail,0,0,caught,T Ruma
ball,1,4.3,Papua New Guinea,P Siaka,B Tau,S Ismail,0,0,"",""
ball,1,4.4,Papua New Guinea,P Siaka,B Tau,S Ismail,2,0,"",""
ball,1,4.5,Papua New Guinea,P Siaka,B Tau,S Ismail,0,0,"",""
ball,1,4.6,Papua New Guinea,P Siaka,B Tau,S Ismail,0,0,"",""
ball,1,5.1,Papua New Guinea,B Tau,P Siaka,M Daniels,0,0,"",""
ball,1,5.2,Papua New Guinea,B Tau,P Siaka,M Daniels,0,0,"",""
ball,1,5.3,Papua New Guinea,B Tau,P Siaka,M Daniels,0,0,"",""
ball,1,5.4,Papua New Guinea,B Tau,P Siaka,M Daniels,0,1,"",""
ball,1,5.5,Papua New Guinea,B Tau,P Siaka,M Daniels,1,0,"",""
ball,1,5.6,Papua New Guinea,P Siaka,B Tau,M Daniels,4,0,"",""
ball,1,5.7,Papua New Guinea,P Siaka,B Tau,M Daniels,0,0,"",""
ball,1,6.1,Papua New Guinea,B Tau,P Siaka,S Ismail,0,0,"",""
ball,1,6.2,Papua New Guinea,B Tau,P Siaka,S Ismail,0,0,"",""
ball,1,6.3,Papua New Guinea,B Tau,P Siaka,S Ismail,0,0,"",""
ball,1,6.4,Papua New Guinea,B Tau,P Siaka,S Ismail,0,0,"",""
ball,1,6.5,Papua New Guinea,B Tau,P Siaka,S Ismail,0,0,"",""
ball,1,6.6,Papua New Guinea,B Tau,P Siaka,S Ismail,4,0,"",""
ball,1,7.1,Papua New Guinea,P Siaka,B Tau,Y Fourie,0,1,"",""
ball,1,7.2,Papua New Guinea,P Siaka,B Tau,Y Fourie,0,0,"",""
ball,1,7.3,Papua New Guinea,P Siaka,B Tau,Y Fourie,0,0,"",""
ball,1,7.4,Papua New Guinea,P Siaka,B Tau,Y Fourie,0,1,"",""
ball,1,7.5,Papua New Guinea,P Siaka,B Tau,Y Fourie,0,0,"",""
ball,1,7.6,Papua New Guinea,P Siaka,B Tau,Y Fourie,4,0,"",""
ball,1,7.7,Papua New Guinea,P Siaka,B Tau,Y Fourie,0,0,"",""
ball,1,7.8,Papua New Guinea,P Siaka,B Tau,Y Fourie,0,0,"",""
ball,1,8.1,Papua New Guinea,B Tau,P Siaka,S Ismail,0,0,"",""
ball,1,8.2,Papua New Guinea,B Tau,P Siaka,S Ismail,1,0,"",""
ball,1,8.3,Papua New Guinea,P Siaka,B Tau,S Ismail,0,0,"",""
ball,1,8.4,Papua New Guinea,P Siaka,B Tau,S Ismail,0,1,"",""
ball,1,8.5,Papua New Guinea,P Siaka,B Tau,S Ismail,0,0,"",""
ball,1,8.6,Papua New Guinea,P Siaka,B Tau,S Ismail,1,0,"",""
ball,1,8.7,Papua New Guinea,B Tau,P Siaka,S Ismail,0,0,"",""
ball,1,9.1,Papua New Guinea,P Siaka,B Tau,Y Fourie,0,0,"",""
ball,1,9.2,Papua New Guinea,P Siaka,B Tau,Y Fourie,0,0,"",""
ball,1,9.3,Papua New Guinea,P Siaka,B Tau,Y Fourie,0,0,"",""
ball,1,9.4,Papua New Guinea,P Siaka,B Tau,Y Fourie,0,0,"",""
ball,1,9.5,Papua New Guinea,P Siaka,B Tau,Y Fourie,1,0,"",""
ball,1,9.6,Papua New Guinea,B Tau,P Siaka,Y Fourie,0,0,"",""
ball,1,10.1,Papua New Guinea,P Siaka,B Tau,MM Letsoalo,0,0,"",""
ball,1,10.2,Papua New Guinea,P Siaka,B Tau,MM Letsoalo,0,0,"",""
ball,1,10.3,Papua New Guinea,P Siaka,B Tau,MM Letsoalo,0,0,"",""
ball,1,10.4,Papua New Guinea,P Siaka,B Tau,MM Letsoalo,0,0,"",""
ball,1,10.5,Papua New Guinea,P Siaka,B Tau,MM Letsoalo,4,0,"",""
ball,1,10.6,Papua New Guinea,P Siaka,B Tau,MM Letsoalo,0,0,"",""
ball,1,11.1,Papua New Guinea,B Tau,P Siaka,Y Fourie,0,0,"",""
ball,1,11.2,Papua New Guinea,B Tau,P Siaka,Y Fourie,1,0,"",""
ball,1,11.3,Papua New Guinea,P Siaka,B Tau,Y Fourie,0,0,"",""
ball,1,11.4,Papua New Guinea,P Siaka,B Tau,Y Fourie,0,0,"",""
ball,1,11.5,Papua New Guinea,P Siaka,B Tau,Y Fourie,1,0,"",""
ball,1,11.6,Papua New Guinea,B Tau,P Siaka,Y Fourie,0,0,"",""
ball,1,12.1,Papua New Guinea,P Siaka,B Tau,MM Letsoalo,0,0,"",""
ball,1,12.2,Papua New Guinea,P Siaka,B Tau,MM Letsoalo,0,0,"",""
ball,1,12.3,Papua New Guinea,P Siaka,B Tau,MM Letsoalo,0,0,"",""
ball,1,12.4,Papua New Guinea,P Siaka,B Tau,MM Letsoalo,0,0,"",""
ball,1,12.5,Papua New Guinea,P Siaka,B Tau,MM Letsoalo,0,0,"",""
ball,1,12.6,Papua New Guinea,P Siaka,B Tau,MM Letsoalo,0,0,"",""
ball,1,13.1,Papua New Guinea,B Tau,P Siaka,Y Fourie,0,0,"",""
ball,1,13.2,Papua New Guinea,B Tau,P Siaka,Y Fourie,0,0,"",""
ball,1,13.3,Papua New Guinea,B Tau,P Siaka,Y Fourie,0,0,"",""
ball,1,13.4,Papua New Guinea,B Tau,P Siaka,Y Fourie,0,0,"",""
ball,1,13.5,Papua New Guinea,B Tau,P Siaka,Y Fourie,0,0,"",""
ball,1,13.6,Papua New Guinea,B Tau,P Siaka,Y Fourie,0,0,"",""
ball,1,14.1,Papua New Guinea,P Siaka,B Tau,MM Letsoalo,0,0,"",""
ball,1,14.2,Papua New Guinea,P Siaka,B Tau,MM Letsoalo,0,0,caught,P Siaka
ball,1,14.3,Papua New Guinea,K Oala,B Tau,MM Letsoalo,0,0,"",""
ball,1,14.4,Papua New Guinea,K Oala,B Tau,MM Letsoalo,0,0,"",""
ball,1,14.5,Papua New Guinea,K Oala,B Tau,MM Letsoalo,0,0,"",""
ball,1,14.6,Papua New Guinea,K Oala,B Tau,MM Letsoalo,0,0,"",""
ball,1,15.1,Papua New Guinea,B Tau,K Oala,Y Fourie,0,0,"",""
ball,1,15.2,Papua New Guinea,B Tau,K Oala,Y Fourie,4,0,"",""
ball,1,15.3,Papua New Guinea,B Tau,K Oala,Y Fourie,0,0,"",""
ball,1,15.4,Papua New Guinea,B Tau,K Oala,Y Fourie,0,0,"",""
ball,1,15.5,Papua New Guinea,B Tau,K Oala,Y Fourie,0,0,"",""
ball,1,15.6,Papua New Guinea,B Tau,K Oala,Y Fourie,0,0,"",""
ball,1,16.1,Papua New Guinea,K Oala,B Tau,MM Letsoalo,1,0,"",""
ball,1,16.2,Papua New Guinea,B Tau,K Oala,MM Letsoalo,1,0,"",""
ball,1,16.3,Papua New Guinea,K Oala,B Tau,MM Letsoalo,0,0,"",""
ball,1,16.4,Papua New Guinea,K Oala,B Tau,MM Letsoalo,0,0,"",""
ball,1,16.5,Papua New Guinea,K Oala,B Tau,MM Letsoalo,0,0,"",""
ball,1,16.6,Papua New Guinea,K Oala,B Tau,MM Letsoalo,0,0,"",""
ball,1,17.1,Papua New Guinea,B Tau,K Oala,D van Niekerk,0,0,"",""
ball,1,17.2,Papua New Guinea,B Tau,K Oala,D van Niekerk,1,0,"",""
ball,1,17.3,Papua New Guinea,K Oala,B Tau,D van Niekerk,0,0,"",""
ball,1,17.4,Papua New Guinea,K Oala,B Tau,D van Niekerk,0,0,"",""
ball,1,17.5,Papua New Guinea,K Oala,B Tau,D van Niekerk,0,0,"",""
ball,1,17.6,Papua New Guinea,K Oala,B Tau,D van Niekerk,0,0,caught,K Oala
ball,1,18.1,Papua New Guinea,B Tau,V Frank,MM Letsoalo,0,0,"",""
ball,1,18.2,Papua New Guinea,B Tau,V Frank,MM Letsoalo,0,0,"",""
ball,1,18.3,Papua New Guinea,B Tau,V Frank,MM Letsoalo,0,0,"",""
ball,1,18.4,Papua New Guinea,B Tau,V Frank,MM Letsoalo,0,0,"",""
ball,1,18.5,Papua New Guinea,B Tau,V Frank,MM Letsoalo,1,0,"",""
ball,1,18.6,Papua New Guinea,V Frank,B Tau,MM Letsoalo,0,0,"",""
ball,1,19.1,Papua New Guinea,B Tau,V Frank,D van Niekerk,1,0,"",""
ball,1,19.2,Papua New Guinea,V Frank,B Tau,D van Niekerk,4,0,"",""
ball,1,19.3,Papua New Guinea,V Frank,B Tau,D van Niekerk,0,0,"",""
ball,1,19.4,Papua New Guinea,V Frank,B Tau,D van Niekerk,0,0,"",""
ball,1,19.5,Papua New Guinea,V Frank,B Tau,D van Niekerk,0,0,"",""
ball,1,19.6,Papua New Guinea,V Frank,B Tau,D van Niekerk,0,0,"",""
ball,1,20.1,Papua New Guinea,B Tau,V Frank,MM Letsoalo,0,0,"",""
ball,1,20.2,Papua New Guinea,B Tau,V Frank,MM Letsoalo,4,0,"",""
ball,1,20.3,Papua New Guinea,B Tau,V Frank,MM Letsoalo,0,0,"",""
ball,1,20.4,Papua New Guinea,B Tau,V Frank,MM Letsoalo,0,0,"",""
ball,1,20.5,Papua New Guinea,B Tau,V Frank,MM Letsoalo,0,0,"",""
ball,1,20.6,Papua New Guinea,B Tau,V Frank,MM Letsoalo,0,0,"",""
ball,1,21.1,Papua New Guinea,V Frank,B Tau,D van Niekerk,1,0,"",""
ball,1,21.2,Papua New Guinea,B Tau,V Frank,D van Niekerk,1,0,"",""
ball,1,21.3,Papua New Guinea,V Frank,B Tau,D van Niekerk,0,0,"",""
ball,1,21.4,Papua New Guinea,V Frank,B Tau,D van Niekerk,2,0,"",""
ball,1,21.5,Papua New Guinea,V Frank,B Tau,D van Niekerk,0,0,"",""
ball,1,21.6,Papua New Guinea,V Frank,B Tau,D van Niekerk,0,0,"",""
ball,1,22.1,Papua New Guinea,B Tau,V Frank,S Luus,0,0,"",""
ball,1,22.2,Papua New Guinea,B Tau,V Frank,S Luus,0,0,"",""
ball,1,22.3,Papua New Guinea,B Tau,V Frank,S Luus,1,0,"",""
ball,1,22.4,Papua New Guinea,V Frank,B Tau,S Luus,0,0,"",""
ball,1,22.5,Papua New Guinea,V Frank,B Tau,S Luus,0,1,"",""
ball,1,22.6,Papua New Guinea,V Frank,B Tau,S Luus,0,0,"",""
ball,1,22.7,Papua New Guinea,V Frank,B Tau,S Luus,1,0,"",""
ball,1,23.1,Papua New Guinea,V Frank,B Tau,Y Fourie,0,0,"",""
ball,1,23.2,Papua New Guinea,V Frank,B Tau,Y Fourie,0,0,"",""
ball,1,23.3,Papua New Guinea,V Frank,B Tau,Y Fourie,1,0,"",""
ball,1,23.4,Papua New Guinea,B Tau,V Frank,Y Fourie,1,0,"",""
ball,1,23.5,Papua New Guinea,V Frank,B Tau,Y Fourie,0,0,"",""
ball,1,23.6,Papua New Guinea,V Frank,B Tau,Y Fourie,0,0,"",""
ball,1,24.1,Papua New Guinea,B Tau,V Frank,S Luus,0,0,"",""
ball,1,24.2,Papua New Guinea,B Tau,V Frank,S Luus,0,0,"",""
ball,1,24.3,Papua New Guinea,B Tau,V Frank,S Luus,1,0,"",""
ball,1,24.4,Papua New Guinea,V Frank,B Tau,S Luus,0,0,caught,V Frank
ball,1,24.5,Papua New Guinea,S Jimmy,B Tau,S Luus,0,0,"",""
ball,1,24.6,Papua New Guinea,S Jimmy,B Tau,S Luus,0,0,bowled,S Jimmy
ball,1,25.1,Papua New Guinea,B Tau,K John,Y Fourie,0,0,lbw,B Tau
ball,1,25.2,Papua New Guinea,H Buruka,K John,Y Fourie,0,0,"",""
ball,1,25.3,Papua New Guinea,H Buruka,K John,Y Fourie,0,0,run out,K John
ball,1,25.4,Papua New Guinea,K Arua,H Buruka,Y Fourie,0,0,"",""
ball,1,25.5,Papua New Guinea,K Arua,H Buruka,Y Fourie,0,0,"",""
ball,1,25.6,Papua New Guinea,K Arua,H Buruka,Y Fourie,0,0,"",""
ball,1,26.1,Papua New Guinea,H Buruka,K Arua,S Luus,0,0,"",""
ball,1,26.2,Papua New Guinea,H Buruka,K Arua,S Luus,2,0,"",""
ball,1,26.3,Papua New Guinea,H Buruka,K Arua,S Luus,0,0,"",""
ball,1,26.4,Papua New Guinea,H Buruka,K Arua,S Luus,1,0,"",""
ball,1,26.5,Papua New Guinea,K Arua,H Buruka,S Luus,0,0,run out,K Arua
ball,1,26.6,Papua New Guinea,H Buruka,R Oa,S Luus,0,0,"",""
ball,1,27.1,Papua New Guinea,R Oa,H Buruka,Y Fourie,0,0,"",""
ball,1,27.2,Papua New Guinea,R Oa,H Buruka,Y Fourie,0,0,"",""
ball,1,27.3,Papua New Guinea,R Oa,H Buruka,Y Fourie,0,0,"",""
ball,1,27.4,Papua New Guinea,R Oa,H Buruka,Y Fourie,0,0,caught,R Oa
ball,1,27.5,Papua New Guinea,M Tom,H Buruka,Y Fourie,0,0,"",""
ball,1,27.6,Papua New Guinea,M Tom,H Buruka,Y Fourie,0,0,"",""
ball,1,28.1,Papua New Guinea,H Buruka,M Tom,S Luus,1,0,"",""
ball,1,28.2,Papua New Guinea,M Tom,H Buruka,S Luus,0,0,"",""
ball,1,28.3,Papua New Guinea,M Tom,H Buruka,S Luus,0,0,"",""
ball,1,28.4,Papua New Guinea,M Tom,H Buruka,S Luus,0,0,"",""
ball,1,28.5,Papua New Guinea,M Tom,H Buruka,S Luus,0,0,"",""
ball,1,28.6,Papua New Guinea,M Tom,H Buruka,S Luus,0,0,"",""
ball,1,29.1,Papua New Guinea,H Buruka,M Tom,Y Fourie,1,0,"",""
ball,1,29.2,Papua New Guinea,M Tom,H Buruka,Y Fourie,0,0,"",""
ball,1,29.3,Papua New Guinea,M Tom,H Buruka,Y Fourie,0,0,"",""
ball,1,29.4,Papua New Guinea,M Tom,H Buruka,Y Fourie,0,0,"",""
ball,1,29.5,Papua New Guinea,M Tom,H Buruka,Y Fourie,0,1,"",""
ball,1,29.6,Papua New Guinea,M Tom,H Buruka,Y Fourie,0,0,"",""
ball,1,29.7,Papua New Guinea,M Tom,H Buruka,Y Fourie,1,0,"",""
ball,1,30.1,Papua New Guinea,M Tom,H Buruka,S Ismail,0,0,"",""
ball,1,30.2,Papua New Guinea,M Tom,H Buruka,S Ismail,0,0,"",""
ball,1,30.3,Papua New Guinea,M Tom,H Buruka,S Ismail,0,0,"",""
ball,1,30.4,Papua New Guinea,M Tom,H Buruka,S Ismail,0,0,"",""
ball,1,30.5,Papua New Guinea,M Tom,H Buruka,S Ismail,1,0,"",""
ball,1,30.6,Papua New Guinea,H Buruka,M Tom,S Ismail,0,0,"",""
ball,1,31.1,Papua New Guinea,M Tom,H Buruka,S Luus,4,0,"",""
ball,1,31.2,Papua New Guinea,M Tom,H Buruka,S Luus,0,0,"",""
ball,1,31.3,Papua New Guinea,M Tom,H Buruka,S Luus,0,0,"",""
ball,1,31.4,Papua New Guinea,M Tom,H Buruka,S Luus,0,0,"",""
ball,1,31.5,Papua New Guinea,M Tom,H Buruka,S Luus,0,0,"",""
ball,1,31.6,Papua New Guinea,M Tom,H Buruka,S Luus,1,0,"",""
ball,1,32.1,Papua New Guinea,M Tom,H Buruka,S Ismail,0,0,"",""
ball,1,32.2,Papua New Guinea,M Tom,H Buruka,S Ismail,0,0,"",""
ball,1,32.3,Papua New Guinea,M Tom,H Buruka,S Ismail,0,0,"",""
ball,1,32.4,Papua New Guinea,M Tom,H Buruka,S Ismail,0,0,caught,M Tom
ball,2,0.1,South Africa,L Wolvaardt,L Goodall,R Oa,4,0,"",""
ball,2,0.2,South Africa,L Wolvaardt,L Goodall,R Oa,0,0,"",""
ball,2,0.3,South Africa,L Wolvaardt,L Goodall,R Oa,0,0,"",""
ball,2,0.4,South Africa,L Wolvaardt,L Goodall,R Oa,0,0,"",""
ball,2,0.5,South Africa,L Wolvaardt,L Goodall,R Oa,0,0,"",""
ball,2,0.6,South Africa,L Wolvaardt,L Goodall,R Oa,0,0,"",""
ball,2,1.1,South Africa,L Goodall,L Wolvaardt,M Tom,0,1,"",""
ball,2,1.2,South Africa,L Wolvaardt,L Goodall,M Tom,0,0,"",""
ball,2,1.3,South Africa,L Wolvaardt,L Goodall,M Tom,0,0,"",""
ball,2,1.4,South Africa,L Wolvaardt,L Goodall,M Tom,0,0,"",""
ball,2,1.5,South Africa,L Wolvaardt,L Goodall,M Tom,0,0,"",""
ball,2,1.6,South Africa,L Wolvaardt,L Goodall,M Tom,0,0,"",""
ball,2,2.1,South Africa,L Goodall,L Wolvaardt,R Oa,0,0,"",""
ball,2,2.2,South Africa,L Goodall,L Wolvaardt,R Oa,1,0,"",""
ball,2,2.3,South Africa,L Wolvaardt,L Goodall,R Oa,0,0,"",""
ball,2,2.4,South Africa,L Wolvaardt,L Goodall,R Oa,0,0,"",""
ball,2,2.5,South Africa,L Wolvaardt,L Goodall,R Oa,0,0,"",""
ball,2,2.6,South Africa,L Wolvaardt,L Goodall,R Oa,0,0,"",""
ball,2,3.1,South Africa,L Goodall,L Wolvaardt,M Tom,0,0,"",""
ball,2,3.2,South Africa,L Goodall,L Wolvaardt,M Tom,0,0,"",""
ball,2,3.3,South Africa,L Goodall,L Wolvaardt,M Tom,0,0,"",""
ball,2,3.4,South Africa,L Goodall,L Wolvaardt,M Tom,0,0,"",""
ball,2,3.5,South Africa,L Goodall,L Wolvaardt,M Tom,0,1,"",""
ball,2,3.6,South Africa,L Goodall,L Wolvaardt,M Tom,0,0,"",""
ball,2,3.7,South Africa,L Goodall,L Wolvaardt,M Tom,4,0,"",""
ball,2,4.1,South Africa,L Wolvaardt,L Goodall,R Oa,0,0,"",""
ball,2,4.2,South Africa,L Wolvaardt,L Goodall,R Oa,0,0,"",""
ball,2,4.3,South Africa,L Wolvaardt,L Goodall,R Oa,0,0,"",""
ball,2,4.4,South Africa,L Wolvaardt,L Goodall,R Oa,4,0,"",""
ball,2,4.5,South Africa,L Wolvaardt,L Goodall,R Oa,0,0,"",""
ball,2,4.6,South Africa,L Wolvaardt,L Goodall,R Oa,0,1,"",""
ball,2,4.7,South Africa,L Wolvaardt,L Goodall,R Oa,1,0,"",""
ball,2,5.1,South Africa,L Wolvaardt,L Goodall,M Tom,0,0,"",""
ball,2,5.2,South Africa,L Wolvaardt,L Goodall,M Tom,0,0,"",""
ball,2,5.3,South Africa,L Wolvaardt,L Goodall,M Tom,4,0,"",""
ball,2,5.4,South Africa,L Wolvaardt,L Goodall,M Tom,0,0,"",""
ball,2,5.5,South Africa,L Wolvaardt,L Goodall,M Tom,0,0,"",""
ball,2,5.6,South Africa,L Wolvaardt,L Goodall,M Tom,4,1,"",""
ball,2,5.7,South Africa,L Wolvaardt,L Goodall,M Tom,1,0,"",""
ball,2,6.1,South Africa,L Wolvaardt,L Goodall,R Oa,0,0,"",""
ball,2,6.2,South Africa,L Wolvaardt,L Goodall,R Oa,0,0,"",""
ball,2,6.3,South Africa,L Wolvaardt,L Goodall,R Oa,4,0,"",""
ball,2,6.4,South Africa,L Wolvaardt,L Goodall,R Oa,1,0,"",""
ball,2,6.5,South Africa,L Goodall,L Wolvaardt,R Oa,0,0,"",""
ball,2,6.6,South Africa,L Goodall,L Wolvaardt,R Oa,0,0,"",""
ball,2,7.1,South Africa,L Wolvaardt,L Goodall,S Jimmy,1,0,"",""
ball,2,7.2,South Africa,L Goodall,L Wolvaardt,S Jimmy,4,0,"",""
ball,2,7.3,South Africa,L Goodall,L Wolvaardt,S Jimmy,0,0,"",""
ball,2,7.4,South Africa,L Goodall,L Wolvaardt,S Jimmy,0,0,"",""
ball,2,7.5,South Africa,L Goodall,L Wolvaardt,S Jimmy,4,0,"",""
ball,2,7.6,South Africa,L Goodall,L Wolvaardt,S Jimmy,0,0,"",""
ball,2,8.1,South Africa,L Wolvaardt,L Goodall,R Oa,0,0,"",""
ball,2,8.2,South Africa,L Wolvaardt,L Goodall,R Oa,0,0,"",""
ball,2,8.3,South Africa,L Wolvaardt,L Goodall,R Oa,0,1,"",""
ball,2,8.4,South Africa,L Wolvaardt,L Goodall,R Oa,4,0,"",""
ball,2,8.5,South Africa,L Wolvaardt,L Goodall,R Oa,0,0,"",""
ball,2,8.6,South Africa,L Wolvaardt,L Goodall,R Oa,4,0,"",""
ball,2,8.7,South Africa,L Wolvaardt,L Goodall,R Oa,0,0,"",""
ball,2,9.1,South Africa,L Goodall,L Wolvaardt,S Jimmy,0,0,"",""
ball,2,9.2,South Africa,L Goodall,L Wolvaardt,S Jimmy,4,0,"",""
ball,2,9.3,South Africa,L Goodall,L Wolvaardt,S Jimmy,0,0,"",""
ball,2,9.4,South Africa,L Goodall,L Wolvaardt,S Jimmy,4,0,"",""
ball,2,9.5,South Africa,L Goodall,L Wolvaardt,S Jimmy,0,0,"",""
ball,2,9.6,South Africa,L Goodall,L Wolvaardt,S Jimmy,1,0,"",""
ball,2,10.1,South Africa,L Goodall,L Wolvaardt,K Oala,0,0,"",""
ball,2,10.2,South Africa,L Goodall,L Wolvaardt,K Oala,0,0,"",""
ball,2,10.3,South Africa,L Goodall,L Wolvaardt,K Oala,0,0,"",""
ball,2,10.4,South Africa,L Goodall,L Wolvaardt,K Oala,1,0,"",""
ball,2,10.5,South Africa,L Wolvaardt,L Goodall,K Oala,0,0,"",""
ball,2,10.6,South Africa,L Wolvaardt,L Goodall,K Oala,0,0,"",""
ball,2,11.1,South Africa,L Goodall,L Wolvaardt,S Jimmy,0,0,"",""
ball,2,11.2,South Africa,L Goodall,L Wolvaardt,S Jimmy,0,0,"",""
ball,2,11.3,South Africa,L Goodall,L Wolvaardt,S Jimmy,0,0,"",""
ball,2,11.4,South Africa,L Goodall,L Wolvaardt,S Jimmy,1,0,"",""
ball,2,11.5,South Africa,L Wolvaardt,L Goodall,S Jimmy,0,0,"",""
ball,2,11.6,South Africa,L Wolvaardt,L Goodall,S Jimmy,0,0,"",""
ball,2,12.1,South Africa,L Goodall,L Wolvaardt,K Oala,4,0,"",""
ball,2,12.2,South Africa,L Goodall,L Wolvaardt,K Oala,0,0,"",""
ball,2,12.3,South Africa,L Goodall,L Wolvaardt,K Oala,0,1,"",""
ball,2,12.4,South Africa,L Wolvaardt,L Goodall,K Oala,4,0,"",""
ball,2,12.5,South Africa,L Wolvaardt,L Goodall,K Oala,0,0,"",""
ball,2,12.6,South Africa,L Wolvaardt,L Goodall,K Oala,1,0,"",""
ball,2,13.1,South Africa,L Wolvaardt,L Goodall,S Jimmy,2,0,"",""
ball,2,13.2,South Africa,L Wolvaardt,L Goodall,S Jimmy,0,0,"",""
ball,2,13.3,South Africa,L Wolvaardt,L Goodall,S Jimmy,0,0,"",""
ball,2,13.4,South Africa,L Wolvaardt,L Goodall,S Jimmy,0,0,"",""
ball,2,13.5,South Africa,L Wolvaardt,L Goodall,S Jimmy,4,0,"",""
