version,1.3.0
info,team,Sri Lanka
info,team,Thailand
info,gender,female
info,season,2016/17
info,date,2017/02/13
info,competition,ICC Women's World Cup Qualifier
info,match_number,18
info,venue,Mercantile Cricket Association Ground
info,city,Colombo
info,toss_winner,Thailand
info,toss_decision,bat
info,player_of_match,PRCS Kumarihami
info,umpire,M Hawthorne
info,umpire,S Redfern
info,reserve_umpire,LS Reifer
info,winner,Sri Lanka
info,winner_wickets,7
ball,1,0.1,Thailand,N Chantam,S Saengsakaorat,SS Weerakkody,0,0,"",""
ball,1,0.2,Thailand,N Chantam,S Saengsakaorat,SS Weerakkody,0,0,"",""
ball,1,0.3,Thailand,N Chantam,S Saengsakaorat,SS Weerakkody,1,0,"",""
ball,1,0.4,Thailand,S Saengsakaorat,N Chantam,SS Weerakkody,0,0,"",""
ball,1,0.5,Thailand,S Saengsakaorat,N Chantam,SS Weerakkody,0,0,"",""
ball,1,0.6,Thailand,S Saengsakaorat,N Chantam,SS Weerakkody,0,0,"",""
ball,1,1.1,Thailand,N Chantam,S Saengsakaorat,SIP Fernando,4,0,"",""
ball,1,1.2,Thailand,N Chantam,S Saengsakaorat,SIP Fernando,0,0,"",""
ball,1,1.3,Thailand,N Chantam,S Saengsakaorat,SIP Fernando,0,0,"",""
ball,1,1.4,Thailand,N Chantam,S Saengsakaorat,SIP Fernando,0,0,"",""
ball,1,1.5,Thailand,N Chantam,S Saengsakaorat,SIP Fernando,0,0,bowled,N Chantam
ball,1,1.6,Thailand,N Boochatham,S Saengsakaorat,SIP Fernando,0,1,"",""
ball,1,2.1,Thailand,N Boochatham,S Saengsakaorat,SS Weerakkody,0,0,"",""
ball,1,2.2,Thailand,N Boochatham,S Saengsakaorat,SS Weerakkody,0,0,"",""
ball,1,2.3,Thailand,N Boochatham,S Saengsakaorat,SS Weerakkody,0,0,"",""
ball,1,2.4,Thailand,N Boochatham,S Saengsakaorat,SS Weerakkody,0,0,"",""
ball,1,2.5,Thailand,N Boochatham,S Saengsakaorat,SS Weerakkody,0,0,"",""
ball,1,2.6,Thailand,N Boochatham,S Saengsakaorat,SS Weerakkody,0,0,"",""
ball,1,3.1,Thailand,S Saengsakaorat,N Boochatham,SIP Fernando,0,0,"",""
ball,1,3.2,Thailand,S Saengsakaorat,N Boochatham,SIP Fernando,0,0,"",""
ball,1,3.3,Thailand,S Saengsakaorat,N Boochatham,SIP Fernando,0,0,"",""
ball,1,3.4,Thailand,S Saengsakaorat,N Boochatham,SIP Fernando,0,0,"",""
ball,1,3.5,Thailand,S Saengsakaorat,N Boochatham,SIP Fernando,0,0,"",""
ball,1,3.6,Thailand,S Saengsakaorat,N Boochatham,SIP Fernando,0,0,"",""
ball,1,4.1,Thailand,N Boochatham,S Saengsakaorat,SS Weerakkody,0,0,"",""
ball,1,4.2,Thailand,N Boochatham,S Saengsakaorat,SS Weerakkody,1,0,"",""
ball,1,4.3,Thailand,S Saengsakaorat,N Boochatham,SS Weerakkody,1,0,"",""
ball,1,4.4,Thailand,N Boochatham,S Saengsakaorat,SS Weerakkody,0,0,"",""
ball,1,4.5,Thailand,N Boochatham,S Saengsakaorat,SS Weerakkody,2,0,"",""
ball,1,4.6,Thailand,N Boochatham,S Saengsakaorat,SS Weerakkody,0,0,"",""
ball,1,5.1,Thailand,S Saengsakaorat,N Boochatham,SIP Fernando,0,0,"",""
ball,1,5.2,Thailand,S Saengsakaorat,N Boochatham,SIP Fernando,0,0,"",""
ball,1,5.3,Thailand,S Saengsakaorat,N Boochatham,SIP Fernando,0,0,"",""
ball,1,5.4,Thailand,S Saengsakaorat,N Boochatham,SIP Fernando,0,0,"",""
ball,1,5.5,Thailand,S Saengsakaorat,N Boochatham,SIP Fernando,0,0,"",""
ball,1,5.6,Thailand,S Saengsakaorat,N Boochatham,SIP Fernando,0,0,"",""
ball,1,6.1,Thailand,N Boochatham,S Saengsakaorat,SS Weerakkody,0,0,"",""
ball,1,6.2,Thailand,N Boochatham,S Saengsakaorat,SS Weerakkody,4,0,"",""
ball,1,6.3,Thailand,N Boochatham,S Saengsakaorat,SS Weerakkody,0,0,"",""
ball,1,6.4,Thailand,N Boochatham,S Saengsakaorat,SS Weerakkody,2,0,"",""
ball,1,6.5,Thailand,N Boochatham,S Saengsakaorat,SS Weerakkody,0,0,"",""
ball,1,6.6,Thailand,N Boochatham,S Saengsakaorat,SS Weerakkody,0,0,"",""
ball,1,7.1,Thailand,S Saengsakaorat,N Boochatham,SIP Fernando,0,0,"",""
ball,1,7.2,Thailand,S Saengsakaorat,N Boochatham,SIP Fernando,0,0,"",""
ball,1,7.3,Thailand,S Saengsakaorat,N Boochatham,SIP Fernando,0,0,"",""
ball,1,7.4,Thailand,S Saengsakaorat,N Boochatham,SIP Fernando,0,0,"",""
ball,1,7.5,Thailand,S Saengsakaorat,N Boochatham,SIP Fernando,0,0,"",""
ball,1,7.6,Thailand,S Saengsakaorat,N Boochatham,SIP Fernando,0,0,"",""
ball,1,8.1,Thailand,N Boochatham,S Saengsakaorat,I Ranaweera,1,0,"",""
ball,1,8.2,Thailand,S Saengsakaorat,N Boochatham,I Ranaweera,0,0,"",""
ball,1,8.3,Thailand,S Saengsakaorat,N Boochatham,I Ranaweera,0,0,"",""
ball,1,8.4,Thailand,S Saengsakaorat,N Boochatham,I Ranaweera,0,0,"",""
ball,1,8.5,Thailand,S Saengsakaorat,N Boochatham,I Ranaweera,0,0,"",""
ball,1,8.6,Thailand,S Saengsakaorat,N Boochatham,I Ranaweera,0,0,"",""
ball,1,9.1,Thailand,N Boochatham,S Saengsakaorat,SIP Fernando,1,0,"",""
ball,1,9.2,Thailand,S Saengsakaorat,N Boochatham,SIP Fernando,0,0,"",""
ball,1,9.3,Thailand,S Saengsakaorat,N Boochatham,SIP Fernando,0,0,"",""
ball,1,9.4,Thailand,S Saengsakaorat,N Boochatham,SIP Fernando,1,0,"",""
ball,1,9.5,Thailand,N Boochatham,S Saengsakaorat,SIP Fernando,0,0,"",""
ball,1,9.6,Thailand,N Boochatham,S Saengsakaorat,SIP Fernando,0,0,"",""
ball,1,10.1,Thailand,S Saengsakaorat,N Boochatham,I Ranaweera,0,0,"",""
ball,1,10.2,Thailand,S Saengsakaorat,N Boochatham,I Ranaweera,0,0,"",""
ball,1,10.3,Thailand,S Saengsakaorat,N Boochatham,I Ranaweera,0,0,"",""
ball,1,10.4,Thailand,S Saengsakaorat,N Boochatham,I Ranaweera,0,0,"",""
ball,1,10.5,Thailand,S Saengsakaorat,N Boochatham,I Ranaweera,0,0,"",""
ball,1,10.6,Thailand,S Saengsakaorat,N Boochatham,I Ranaweera,0,0,"",""
ball,1,11.1,Thailand,N Boochatham,S Saengsakaorat,SIP Fernando,0,0,"",""
ball,1,11.2,Thailand,N Boochatham,S Saengsakaorat,SIP Fernando,1,0,"",""
ball,1,11.3,Thailand,S Saengsakaorat,N Boochatham,SIP Fernando,0,0,"",""
ball,1,11.4,Thailand,S Saengsakaorat,N Boochatham,SIP Fernando,0,0,"",""
ball,1,11.5,Thailand,S Saengsakaorat,N Boochatham,SIP Fernando,0,0,"",""
ball,1,11.6,Thailand,S Saengsakaorat,N Boochatham,SIP Fernando,1,0,"",""
ball,1,12.1,Thailand,S Saengsakaorat,N Boochatham,I Ranaweera,0,0,"",""
ball,1,12.2,Thailand,S Saengsakaorat,N Boochatham,I Ranaweera,4,0,"",""
ball,1,12.3,Thailand,S Saengsakaorat,N Boochatham,I Ranaweera,0,0,"",""
ball,1,12.4,Thailand,S Saengsakaorat,N Boochatham,I Ranaweera,0,0,"",""
ball,1,12.5,Thailand,S Saengsakaorat,N Boochatham,I Ranaweera,0,0,"",""
ball,1,12.6,Thailand,S Saengsakaorat,N Boochatham,I Ranaweera,0,0,"",""
ball,1,13.1,Thailand,N Boochatham,S Saengsakaorat,SIP Fernando,0,0,"",""
ball,1,13.2,Thailand,N Boochatham,S Saengsakaorat,SIP Fernando,0,0,"",""
ball,1,13.3,Thailand,N Boochatham,S Saengsakaorat,SIP Fernando,0,0,"",""
ball,1,13.4,Thailand,N Boochatham,S Saengsakaorat,SIP Fernando,4,0,"",""
ball,1,13.5,Thailand,N Boochatham,S Saengsakaorat,SIP Fernando,0,0,"",""
ball,1,13.6,Thailand,N Boochatham,S Saengsakaorat,SIP Fernando,0,0,"",""
ball,1,14.1,Thailand,S Saengsakaorat,N Boochatham,AC Jayangani,0,0,"",""
ball,1,14.2,Thailand,S Saengsakaorat,N Boochatham,AC Jayangani,0,0,"",""
ball,1,14.3,Thailand,S Saengsakaorat,N Boochatham,AC Jayangani,0,0,"",""
ball,1,14.4,Thailand,S Saengsakaorat,N Boochatham,AC Jayangani,0,0,"",""
ball,1,14.5,Thailand,S Saengsakaorat,N Boochatham,AC Jayangani,0,1,"",""
ball,1,14.6,Thailand,S Saengsakaorat,N Boochatham,AC Jayangani,0,0,"",""
ball,1,14.7,Thailand,S Saengsakaorat,N Boochatham,AC Jayangani,0,0,"",""
ball,1,15.1,Thailand,N Boochatham,S Saengsakaorat,PRCS Kumarihami,0,0,"",""
ball,1,15.2,Thailand,N Boochatham,S Saengsakaorat,PRCS Kumarihami,0,0,"",""
ball,1,15.3,Thailand,N Boochatham,S Saengsakaorat,PRCS Kumarihami,0,0,"",""
ball,1,15.4,Thailand,N Boochatham,S Saengsakaorat,PRCS Kumarihami,0,0,"",""
ball,1,15.5,Thailand,N Boochatham,S Saengsakaorat,PRCS Kumarihami,0,0,"",""
ball,1,15.6,Thailand,N Boochatham,S Saengsakaorat,PRCS Kumarihami,0,0,"",""
ball,1,16.1,Thailand,S Saengsakaorat,N Boochatham,AC Jayangani,0,0,"",""
ball,1,16.2,Thailand,S Saengsakaorat,N Boochatham,AC Jayangani,0,0,"",""
ball,1,16.3,Thailand,S Saengsakaorat,N Boochatham,AC Jayangani,0,0,"",""
ball,1,16.4,Thailand,S Saengsakaorat,N Boochatham,AC Jayangani,0,0,"",""
ball,1,16.5,Thailand,S Saengsakaorat,N Boochatham,AC Jayangani,0,0,"",""
ball,1,16.6,Thailand,S Saengsakaorat,N Boochatham,AC Jayangani,0,0,"",""
ball,1,17.1,Thailand,N Boochatham,S Saengsakaorat,PRCS Kumarihami,0,0,"",""
ball,1,17.2,Thailand,N Boochatham,S Saengsakaorat,PRCS Kumarihami,0,0,"",""
ball,1,17.3,Thailand,N Boochatham,S Saengsakaorat,PRCS Kumarihami,6,0,"",""
ball,1,17.4,Thailand,N Boochatham,S Saengsakaorat,PRCS Kumarihami,0,0,"",""
ball,1,17.5,Thailand,N Boochatham,S Saengsakaorat,PRCS Kumarihami,0,0,"",""
ball,1,17.6,Thailand,N Boochatham,S Saengsakaorat,PRCS Kumarihami,2,0,"",""
ball,1,18.1,Thailand,S Saengsakaorat,N Boochatham,AC Jayangani,0,0,"",""
ball,1,18.2,Thailand,S Saengsakaorat,N Boochatham,AC Jayangani,0,0,"",""
ball,1,18.3,Thailand,S Saengsakaorat,N Boochatham,AC Jayangani,0,0,"",""
ball,1,18.4,Thailand,S Saengsakaorat,N Boochatham,AC Jayangani,0,0,"",""
ball,1,18.5,Thailand,S Saengsakaorat,N Boochatham,AC Jayangani,0,0,"",""
ball,1,18.6,Thailand,S Saengsakaorat,N Boochatham,AC Jayangani,0,0,"",""
ball,1,19.1,Thailand,N Boochatham,S Saengsakaorat,PRCS Kumarihami,0,0,"",""
ball,1,19.2,Thailand,N Boochatham,S Saengsakaorat,PRCS Kumarihami,0,0,"",""
ball,1,19.3,Thailand,N Boochatham,S Saengsakaorat,PRCS Kumarihami,0,0,"",""
ball,1,19.4,Thailand,N Boochatham,S Saengsakaorat,PRCS Kumarihami,2,0,"",""
ball,1,19.5,Thailand,N Boochatham,S Saengsakaorat,PRCS Kumarihami,0,0,"",""
ball,1,19.6,Thailand,N Boochatham,S Saengsakaorat,PRCS Kumarihami,0,0,"",""
ball,1,20.1,Thailand,S Saengsakaorat,N Boochatham,AC Jayangani,0,0,"",""
ball,1,20.2,Thailand,S Saengsakaorat,N Boochatham,AC Jayangani,0,0,"",""
ball,1,20.3,Thailand,S Saengsakaorat,N Boochatham,AC Jayangani,0,0,"",""
ball,1,20.4,Thailand,S Saengsakaorat,N Boochatham,AC Jayangani,0,0,"",""
ball,1,20.5,Thailand,S Saengsakaorat,N Boochatham,AC Jayangani,0,0,"",""
ball,1,20.6,Thailand,S Saengsakaorat,N Boochatham,AC Jayangani,4,0,"",""
ball,1,21.1,Thailand,N Boochatham,S Saengsakaorat,PRCS Kumarihami,0,0,"",""
ball,1,21.2,Thailand,N Boochatham,S Saengsakaorat,PRCS Kumarihami,0,0,"",""
ball,1,21.3,Thailand,N Boochatham,S Saengsakaorat,PRCS Kumarihami,2,0,"",""
ball,1,21.4,Thailand,N Boochatham,S Saengsakaorat,PRCS Kumarihami,1,0,"",""
ball,1,21.5,Thailand,S Saengsakaorat,N Boochatham,PRCS Kumarihami,0,0,"",""
ball,1,21.6,Thailand,S Saengsakaorat,N Boochatham,PRCS Kumarihami,0,0,"",""
ball,1,22.1,Thailand,N Boochatham,S Saengsakaorat,AC Jayangani,0,0,"",""
ball,1,22.2,Thailand,N Boochatham,S Saengsakaorat,AC Jayangani,0,0,"",""
ball,1,22.3,Thailand,N Boochatham,S Saengsakaorat,AC Jayangani,0,0,"",""
ball,1,22.4,Thailand,N Boochatham,S Saengsakaorat,AC Jayangani,4,0,"",""
ball,1,22.5,Thailand,N Boochatham,S Saengsakaorat,AC Jayangani,0,0,"",""
ball,1,22.6,Thailand,N Boochatham,S Saengsakaorat,AC Jayangani,0,0,"",""
ball,1,23.1,Thailand,S Saengsakaorat,N Boochatham,LE Kaushalya,0,0,lbw,S Saengsakaorat
ball,1,23.2,Thailand,N Koncharoenkai,N Boochatham,LE Kaushalya,0,0,"",""
ball,1,23.3,Thailand,N Koncharoenkai,N Boochatham,LE Kaushalya,4,0,"",""
ball,1,23.4,Thailand,N Koncharoenkai,N Boochatham,LE Kaushalya,0,0,"",""
ball,1,23.5,Thailand,N Koncharoenkai,N Boochatham,LE Kaushalya,0,0,"",""
ball,1,23.6,Thailand,N Koncharoenkai,N Boochatham,LE Kaushalya,0,0,"",""
ball,1,24.1,Thailand,N Boochatham,N Koncharoenkai,AC Jayangani,0,0,"",""
ball,1,24.2,Thailand,N Boochatham,N Koncharoenkai,AC Jayangani,0,0,"",""
ball,1,24.3,Thailand,N Boochatham,N Koncharoenkai,AC Jayangani,1,0,"",""
ball,1,24.4,Thailand,N Koncharoenkai,N Boochatham,AC Jayangani,0,0,"",""
ball,1,24.5,Thailand,N Koncharoenkai,N Boochatham,AC Jayangani,1,0,"",""
ball,1,24.6,Thailand,N Boochatham,N Koncharoenkai,AC Jayangani,0,0,"",""
ball,1,25.1,Thailand,N Koncharoenkai,N Boochatham,LE Kaushalya,0,0,"",""
ball,1,25.2,Thailand,N Koncharoenkai,N Boochatham,LE Kaushalya,0,0,"",""
ball,1,25.3,Thailand,N Koncharoenkai,N Boochatham,LE Kaushalya,0,0,"",""
ball,1,25.4,Thailand,N Koncharoenkai,N Boochatham,LE Kaushalya,0,0,"",""
ball,1,25.5,Thailand,N Koncharoenkai,N Boochatham,LE Kaushalya,0,0,"",""
ball,1,25.6,Thailand,N Koncharoenkai,N Boochatham,LE Kaushalya,0,0,"",""
ball,1,26.1,Thailand,N Boochatham,N Koncharoenkai,I Ranaweera,0,0,"",""
ball,1,26.2,Thailand,N Boochatham,N Koncharoenkai,I Ranaweera,4,0,"",""
ball,1,26.3,Thailand,N Boochatham,N Koncharoenkai,I Ranaweera,0,0,"",""
ball,1,26.4,Thailand,N Boochatham,N Koncharoenkai,I Ranaweera,0,0,"",""
ball,1,26.5,Thailand,N Boochatham,N Koncharoenkai,I Ranaweera,0,0,"",""
ball,1,26.6,Thailand,N Boochatham,N Koncharoenkai,I Ranaweera,0,0,"",""
ball,1,27.1,Thailand,N Koncharoenkai,N Boochatham,LE Kaushalya,0,0,"",""
ball,1,27.2,Thailand,N Koncharoenkai,N Boochatham,LE Kaushalya,1,0,"",""
ball,1,27.3,Thailand,N Boochatham,N Koncharoenkai,LE Kaushalya,1,0,"",""
ball,1,27.4,Thailand,N Koncharoenkai,N Boochatham,LE Kaushalya,0,0,lbw,N Koncharoenkai
ball,1,27.5,Thailand,S Tippoch,N Boochatham,LE Kaushalya,0,1,"",""
ball,1,27.6,Thailand,S Tippoch,N Boochatham,LE Kaushalya,0,0,"",""
ball,1,27.7,Thailand,S Tippoch,N Boochatham,LE Kaushalya,0,0,"",""
ball,1,28.1,Thailand,N Boochatham,S Tippoch,I Ranaweera,0,0,"",""
ball,1,28.2,Thailand,N Boochatham,S Tippoch,I Ranaweera,0,0,"",""
ball,1,28.3,Thailand,N Boochatham,S Tippoch,I Ranaweera,0,0,"",""
ball,1,28.4,Thailand,N Boochatham,S Tippoch,I Ranaweera,0,0,"",""
ball,1,28.5,Thailand,N Boochatham,S Tippoch,I Ranaweera,0,0,"",""
ball,1,28.6,Thailand,N Boochatham,S Tippoch,I Ranaweera,0,0,"",""
ball,1,29.1,Thailand,S Tippoch,N Boochatham,LE Kaushalya,0,0,"",""
ball,1,29.2,Thailand,S Tippoch,N Boochatham,LE Kaushalya,0,0,"",""
ball,1,29.3,Thailand,S Tippoch,N Boochatham,LE Kaushalya,0,0,"",""
ball,1,29.4,Thailand,S Tippoch,N Boochatham,LE Kaushalya,0,0,"",""
ball,1,29.5,Thailand,S Tippoch,N Boochatham,LE Kaushalya,0,0,"",""
ball,1,29.6,Thailand,S Tippoch,N Boochatham,LE Kaushalya,0,0,"",""
ball,1,30.1,Thailand,N Boochatham,S Tippoch,AC Jayangani,0,0,"",""
ball,1,30.2,Thailand,N Boochatham,S Tippoch,AC Jayangani,1,0,"",""
ball,1,30.3,Thailand,S Tippoch,N Boochatham,AC Jayangani,0,0,"",""
ball,1,30.4,Thailand,S Tippoch,N Boochatham,AC Jayangani,1,0,"",""
ball,1,30.5,Thailand,N Boochatham,S Tippoch,AC Jayangani,1,0,"",""
ball,1,30.6,Thailand,S Tippoch,N Boochatham,AC Jayangani,0,0,"",""
ball,1,31.1,Thailand,N Boochatham,S Tippoch,LE Kaushalya,0,0,"",""
ball,1,31.2,Thailand,N Boochatham,S Tippoch,LE Kaushalya,0,0,"",""
ball,1,31.3,Thailand,N Boochatham,S Tippoch,LE Kaushalya,0,0,"",""
ball,1,31.4,Thailand,N Boochatham,S Tippoch,LE Kaushalya,0,1,"",""
ball,1,31.5,Thailand,N Boochatham,S Tippoch,LE Kaushalya,0,0,"",""
ball,1,31.6,Thailand,N Boochatham,S Tippoch,LE Kaushalya,1,0,"",""
ball,1,31.7,Thailand,S Tippoch,N Boochatham,LE Kaushalya,0,0,"",""
ball,1,32.1,Thailand,N Boochatham,S Tippoch,AC Jayangani,0,1,"",""
ball,1,32.2,Thailand,S Tippoch,N Boochatham,AC Jayangani,0,0,"",""
ball,1,32.3,Thailand,S Tippoch,N Boochatham,AC Jayangani,1,0,"",""
ball,1,32.4,Thailand,N Boochatham,S Tippoch,AC Jayangani,0,0,"",""
ball,1,32.5,Thailand,N Boochatham,S Tippoch,AC Jayangani,1,0,"",""
ball,1,32.6,Thailand,S Tippoch,N Boochatham,AC Jayangani,0,0,"",""
ball,1,33.1,Thailand,N Boochatham,S Tippoch,LE Kaushalya,0,0,"",""
ball,1,33.2,Thailand,N Boochatham,S Tippoch,LE Kaushalya,0,1,"",""
ball,1,33.3,Thailand,N Boochatham,S Tippoch,LE Kaushalya,4,0,"",""
ball,1,33.4,Thailand,N Boochatham,S Tippoch,LE Kaushalya,1,0,"",""
ball,1,33.5,Thailand,S Tippoch,N Boochatham,LE Kaushalya,0,0,"",""
ball,1,33.6,Thailand,S Tippoch,N Boochatham,LE Kaushalya,0,0,"",""
ball,1,33.7,Thailand,S Tippoch,N Boochatham,LE Kaushalya,0,0,"",""
ball,1,34.1,Thailand,N Boochatham,S Tippoch,SS Weerakkody,0,0,"",""
ball,1,34.2,Thailand,N Boochatham,S Tippoch,SS Weerakkody,1,0,"",""
ball,1,34.3,Thailand,S Tippoch,N Boochatham,SS Weerakkody,0,0,"",""
ball,1,34.4,Thailand,S Tippoch,N Boochatham,SS Weerakkody,0,0,"",""
ball,1,34.5,Thailand,S Tippoch,N Boochatham,SS Weerakkody,1,0,"",""
ball,1,34.6,Thailand,N Boochatham,S Tippoch,SS Weerakkody,0,0,"",""
ball,1,35.1,Thailand,S Tippoch,N Boochatham,PRCS Kumarihami,0,0,"",""
ball,1,35.2,Thailand,S Tippoch,N Boochatham,PRCS Kumarihami,1,0,"",""
ball,1,35.3,Thailand,N Boochatham,S Tippoch,PRCS Kumarihami,0,0,"",""
ball,1,35.4,Thailand,N Boochatham,S Tippoch,PRCS Kumarihami,0,0,"",""
ball,1,35.5,Thailand,N Boochatham,S Tippoch,PRCS Kumarihami,1,0,"",""
ball,1,35.6,Thailand,S Tippoch,N Boochatham,PRCS Kumarihami,1,0,"",""
ball,1,36.1,Thailand,S Tippoch,N Boochatham,SS Weerakkody,0,0,"",""
ball,1,36.2,Thailand,S Tippoch,N Boochatham,SS Weerakkody,0,0,"",""
ball,1,36.3,Thailand,S Tippoch,N Boochatham,SS Weerakkody,4,0,"",""
ball,1,36.4,Thailand,S Tippoch,N Boochatham,SS Weerakkody,1,0,"",""
ball,1,36.5,Thailand,N Boochatham,S Tippoch,SS Weerakkody,0,0,"",""
ball,1,36.6,Thailand,N Boochatham,S Tippoch,SS Weerakkody,0,0,caught,N Boochatham
ball,1,37.1,Thailand,S Tippoch,C Sutthiruang,PRCS Kumarihami,1,0,"",""
ball,1,37.2,Thailand,C Sutthiruang,S Tippoch,PRCS Kumarihami,0,0,"",""
ball,1,37.3,Thailand,C Sutthiruang,S Tippoch,PRCS Kumarihami,0,0,"",""
ball,1,37.4,Thailand,C Sutthiruang,S Tippoch,PRCS Kumarihami,0,0,bowled,C Sutthiruang
ball,1,37.5,Thailand,N Chaiwai,S Tippoch,PRCS Kumarihami,0,0,"",""
ball,1,37.6,Thailand,N Chaiwai,S Tippoch,PRCS Kumarihami,0,0,"",""
ball,1,38.1,Thailand,S Tippoch,N Chaiwai,SS Weerakkody,0,0,"",""
ball,1,38.2,Thailand,S Tippoch,N Chaiwai,SS Weerakkody,0,0,"",""
ball,1,38.3,Thailand,S Tippoch,N Chaiwai,SS Weerakkody,0,0,"",""
ball,1,38.4,Thailand,S Tippoch,N Chaiwai,SS Weerakkody,0,0,caught,S Tippoch
ball,1,38.5,Thailand,R Padunglerd,N Chaiwai,SS Weerakkody,0,0,"",""
ball,1,38.6,Thailand,R Padunglerd,N Chaiwai,SS Weerakkody,0,0,"",""
ball,1,39.1,Thailand,N Chaiwai,R Padunglerd,PRCS Kumarihami,0,0,"",""
ball,1,39.2,Thailand,N Chaiwai,R Padunglerd,PRCS Kumarihami,0,0,"",""
ball,1,39.3,Thailand,N Chaiwai,R Padunglerd,PRCS Kumarihami,0,0,"",""
ball,1,39.4,Thailand,N Chaiwai,R Padunglerd,PRCS Kumarihami,0,0,"",""
ball,1,39.5,Thailand,N Chaiwai,R Padunglerd,PRCS Kumarihami,0,0,"",""
ball,1,39.6,Thailand,N Chaiwai,R Padunglerd,PRCS Kumarihami,2,1,"",""
ball,1,39.7,Thailand,N Chaiwai,R Padunglerd,PRCS Kumarihami,4,0,"",""
ball,1,40.1,Thailand,R Padunglerd,N Chaiwai,SS Weerakkody,0,0,"",""
ball,1,40.2,Thailand,R Padunglerd,N Chaiwai,SS Weerakkody,0,0,"",""
ball,1,40.3,Thailand,R Padunglerd,N Chaiwai,SS Weerakkody,0,0,"",""
ball,1,40.4,Thailand,R Padunglerd,N Chaiwai,SS Weerakkody,0,0,"",""
ball,1,40.5,Thailand,R Padunglerd,N Chaiwai,SS Weerakkody,0,0,"",""
ball,1,40.6,Thailand,R Padunglerd,N Chaiwai,SS Weerakkody,0,0,"",""
ball,1,41.1,Thailand,N Chaiwai,R Padunglerd,I Ranaweera,0,0,"",""
ball,1,41.2,Thailand,N Chaiwai,R Padunglerd,I Ranaweera,0,0,"",""
ball,1,41.3,Thailand,N Chaiwai,R Padunglerd,I Ranaweera,0,0,"",""
ball,1,41.4,Thailand,N Chaiwai,R Padunglerd,I Ranaweera,1,0,"",""
ball,1,41.5,Thailand,R Padunglerd,N Chaiwai,I Ranaweera,0,0,"",""
ball,1,41.6,Thailand,R Padunglerd,N Chaiwai,I Ranaweera,0,0,"",""
ball,1,42.1,Thailand,N Chaiwai,R Padunglerd,SS Weerakkody,0,0,"",""
ball,1,42.2,Thailand,N Chaiwai,R Padunglerd,SS Weerakkody,1,0,"",""
ball,1,42.3,Thailand,R Padunglerd,N Chaiwai,SS Weerakkody,0,0,"",""
ball,1,42.4,Thailand,R Padunglerd,N Chaiwai,SS Weerakkody,0,0,"",""
ball,1,42.5,Thailand,R Padunglerd,N Chaiwai,SS Weerakkody,0,0,"",""
ball,1,42.6,Thailand,R Padunglerd,N Chaiwai,SS Weerakkody,1,0,"",""
ball,1,43.1,Thailand,R Padunglerd,N Chaiwai,I Ranaweera,0,0,"",""
ball,1,43.2,Thailand,R Padunglerd,N Chaiwai,I Ranaweera,0,0,"",""
ball,1,43.3,Thailand,R Padunglerd,N Chaiwai,I Ranaweera,2,0,"",""
ball,1,43.4,Thailand,R Padunglerd,N Chaiwai,I Ranaweera,0,0,"",""
ball,1,43.5,Thailand,R Padunglerd,N Chaiwai,I Ranaweera,0,0,stumped,R Padunglerd
ball,1,43.6,Thailand,S Laomi,N Chaiwai,I Ranaweera,0,0,"",""
ball,1,44.1,Thailand,N Chaiwai,S Laomi,SS Weerakkody,0,0,"",""
ball,1,44.2,Thailand,N Chaiwai,S Laomi,SS Weerakkody,1,0,"",""
ball,1,44.3,Thailand,S Laomi,N Chaiwai,SS Weerakkody,0,0,"",""
ball,1,44.4,Thailand,S Laomi,N Chaiwai,SS Weerakkody,1,0,"",""
ball,1,44.5,Thailand,N Chaiwai,S Laomi,SS Weerakkody,0,0,"",""
ball,1,44.6,Thailand,N Chaiwai,S Laomi,SS Weerakkody,0,0,"",""
ball,1,45.1,Thailand,S Laomi,N Chaiwai,I Ranaweera,0,0,"",""
ball,1,45.2,Thailand,S Laomi,N Chaiwai,I Ranaweera,0,0,"",""
ball,1,45.3,Thailand,S Laomi,N Chaiwai,I Ranaweera,0,0,"",""
ball,1,45.4,Thailand,S Laomi,N Chaiwai,I Ranaweera,0,0,"",""
ball,1,45.5,Thailand,S Laomi,N Chaiwai,I Ranaweera,1,0,"",""
ball,1,45.6,Thailand,N Chaiwai,S Laomi,I Ranaweera,0,1,"",""
ball,1,45.7,Thailand,N Chaiwai,S Laomi,I Ranaweera,0,0,"",""
ball,1,46.1,Thailand,S Laomi,N Chaiwai,SIP Fernando,0,0,"",""
ball,1,46.2,Thailand,S Laomi,N Chaiwai,SIP Fernando,1,0,"",""
ball,1,46.3,Thailand,N Chaiwai,S Laomi,SIP Fernando,0,1,"",""
ball,1,46.4,Thailand,S Laomi,N Chaiwai,SIP Fernando,1,0,"",""
ball,1,46.5,Thailand,N Chaiwai,S Laomi,SIP Fernando,0,0,"",""
ball,1,46.6,Thailand,N Chaiwai,S Laomi,SIP Fernando,0,0,"",""
ball,1,47.1,Thailand,S Laomi,N Chaiwai,I Ranaweera,0,0,"",""
ball,1,47.2,Thailand,S Laomi,N Chaiwai,I Ranaweera,1,0,"",""
ball,1,47.3,Thailand,N Chaiwai,S Laomi,I Ranaweera,1,0,"",""
ball,1,47.4,Thailand,S Laomi,N Chaiwai,I Ranaweera,0,0,"",""
ball,1,47.5,Thailand,S Laomi,N Chaiwai,I Ranaweera,0,0,"",""
ball,1,47.6,Thailand,S Laomi,N Chaiwai,I Ranaweera,0,0,"",""
ball,1,48.1,Thailand,N Chaiwai,S Laomi,SIP Fernando,0,0,"",""
ball,1,48.2,Thailand,N Chaiwai,S Laomi,SIP Fernando,1,0,"",""
ball,1,48.3,Thailand,S Laomi,N Chaiwai,SIP Fernando,2,0,"",""
ball,1,48.4,Thailand,S Laomi,N Chaiwai,SIP Fernando,1,0,"",""
ball,1,48.5,Thailand,N Chaiwai,S Laomi,SIP Fernando,4,0,"",""
ball,1,48.6,Thailand,N Chaiwai,S Laomi,SIP Fernando,1,0,"",""
ball,1,49.1,Thailand,N Chaiwai,S Laomi,I Ranaweera,1,0,"",""
ball,1,49.2,Thailand,S Laomi,N Chaiwai,I Ranaweera,0,0,"",""
ball,1,49.3,Thailand,S Laomi,N Chaiwai,I Ranaweera,0,0,bowled,S Laomi
ball,1,49.4,Thailand,R Sangsoma,N Chaiwai,I Ranaweera,1,0,"",""
ball,1,49.5,Thailand,N Chaiwai,R Sangsoma,I Ranaweera,1,0,"",""
ball,1,49.6,Thailand,R Sangsoma,N Chaiwai,I Ranaweera,0,0,"",""
ball,2,0.1,Sri Lanka,AC Jayangani,MDN Hansika,R Padunglerd,1,0,"",""
ball,2,0.2,Sri Lanka,MDN Hansika,AC Jayangani,R Padunglerd,0,1,"",""
ball,2,0.3,Sri Lanka,MDN Hansika,AC Jayangani,R Padunglerd,1,0,"",""
ball,2,0.4,Sri Lanka,AC Jayangani,MDN Hansika,R Padunglerd,0,1,"",""
ball,2,0.5,Sri Lanka,MDN Hansika,AC Jayangani,R Padunglerd,0,0,"",""
ball,2,0.6,Sri Lanka,MDN Hansika,AC Jayangani,R Padunglerd,0,0,"",""
ball,2,0.7,Sri Lanka,MDN Hansika,AC Jayangani,R Padunglerd,0,0,"",""
ball,2,1.1,Sri Lanka,AC Jayangani,MDN Hansika,S Tippoch,0,0,"",""
ball,2,1.2,Sri Lanka,AC Jayangani,MDN Hansika,S Tippoch,0,0,"",""
ball,2,1.3,Sri Lanka,AC Jayangani,MDN Hansika,S Tippoch,0,0,"",""
ball,2,1.4,Sri Lanka,AC Jayangani,MDN Hansika,S Tippoch,0,0,"",""
ball,2,1.5,Sri Lanka,AC Jayangani,MDN Hansika,S Tippoch,1,0,"",""
ball,2,1.6,Sri Lanka,MDN Hansika,AC Jayangani,S Tippoch,0,0,"",""
ball,2,2.1,Sri Lanka,AC Jayangani,MDN Hansika,R Padunglerd,0,0,"",""
ball,2,2.2,Sri Lanka,AC Jayangani,MDN Hansika,R Padunglerd,0,0,"",""
ball,2,2.3,Sri Lanka,AC Jayangani,MDN Hansika,R Padunglerd,0,0,"",""
ball,2,2.4,Sri Lanka,AC Jayangani,MDN Hansika,R Padunglerd,0,0,"",""
ball,2,2.5,Sri Lanka,AC Jayangani,MDN Hansika,R Padunglerd,0,0,"",""
ball,2,2.6,Sri Lanka,AC Jayangani,MDN Hansika,R Padunglerd,0,0,"",""
ball,2,3.1,Sri Lanka,MDN Hansika,AC Jayangani,S Tippoch,0,0,"",""
ball,2,3.2,Sri Lanka,MDN Hansika,AC Jayangani,S Tippoch,4,0,"",""
ball,2,3.3,Sri Lanka,MDN Hansika,AC Jayangani,S Tippoch,0,0,"",""
ball,2,3.4,Sri Lanka,MDN Hansika,AC Jayangani,S Tippoch,1,0,"",""
ball,2,3.5,Sri Lanka,AC Jayangani,MDN Hansika,S Tippoch,0,0,"",""
ball,2,3.6,Sri Lanka,AC Jayangani,MDN Hansika,S Tippoch,0,0,"",""
ball,2,4.1,Sri Lanka,MDN Hansika,AC Jayangani,C Sutthiruang,1,0,"",""
ball,2,4.2,Sri Lanka,AC Jayangani,MDN Hansika,C Sutthiruang,4,0,"",""
ball,2,4.3,Sri Lanka,AC Jayangani,MDN Hansika,C Sutthiruang,0,0,"",""
ball,2,4.4,Sri Lanka,AC Jayangani,MDN Hansika,C Sutthiruang,0,0,"",""
ball,2,4.5,Sri Lanka,AC Jayangani,MDN Hansika,C Sutthiruang,0,0,"",""
ball,2,4.6,Sri Lanka,AC Jayangani,MDN Hansika,C Sutthiruang,1,0,"",""
ball,2,5.1,Sri Lanka,AC Jayangani,MDN Hansika,S Tippoch,0,0,"",""
ball,2,5.2,Sri Lanka,AC Jayangani,MDN Hansika,S Tippoch,0,0,"",""
ball,2,5.3,Sri Lanka,AC Jayangani,MDN Hansika,S Tippoch,0,0,"",""
ball,2,5.4,Sri Lanka,AC Jayangani,MDN Hansika,S Tippoch,0,0,"",""
ball,2,5.5,Sri Lanka,AC Jayangani,MDN Hansika,S Tippoch,1,0,"",""
ball,2,5.6,Sri Lanka,MDN Hansika,AC Jayangani,S Tippoch,0,1,"",""
ball,2,5.7,Sri Lanka,MDN Hansika,AC Jayangani,S Tippoch,4,0,"",""
ball,2,6.1,Sri Lanka,AC Jayangani,MDN Hansika,C Sutthiruang,0,0,"",""
ball,2,6.2,Sri Lanka,AC Jayangani,MDN Hansika,C Sutthiruang,4,0,"",""
ball,2,6.3,Sri Lanka,AC Jayangani,MDN Hansika,C Sutthiruang,0,0,"",""
ball,2,6.4,Sri Lanka,AC Jayangani,MDN Hansika,C Sutthiruang,4,0,"",""
ball,2,6.5,Sri Lanka,AC Jayangani,MDN Hansika,C Sutthiruang,0,0,"",""
ball,2,6.6,Sri Lanka,AC Jayangani,MDN Hansika,C Sutthiruang,0,0,"",""
ball,2,7.1,Sri Lanka,MDN Hansika,AC Jayangani,S Tippoch,1,0,"",""
ball,2,7.2,Sri Lanka,AC Jayangani,MDN Hansika,S Tippoch,0,0,stumped,AC Jayangani
ball,2,7.3,Sri Lanka,PRCS Kumarihami,MDN Hansika,S Tippoch,0,0,"",""
ball,2,7.4,Sri Lanka,PRCS Kumarihami,MDN Hansika,S Tippoch,0,0,"",""
ball,2,7.5,Sri Lanka,PRCS Kumarihami,MDN Hansika,S Tippoch,0,0,"",""
ball,2,7.6,Sri Lanka,PRCS Kumarihami,MDN Hansika,S Tippoch,0,0,"",""
ball,2,8.1,Sri Lanka,MDN Hansika,PRCS Kumarihami,C Sutthiruang,1,0,"",""
ball,2,8.2,Sri Lanka,PRCS Kumarihami,MDN Hansika,C Sutthiruang,4,0,"",""
ball,2,8.3,Sri Lanka,PRCS Kumarihami,MDN Hansika,C Sutthiruang,0,0,"",""
ball,2,8.4,Sri Lanka,PRCS Kumarihami,MDN Hansika,C Sutthiruang,0,0,"",""
ball,2,8.5,Sri Lanka,PRCS Kumarihami,MDN Hansika,C Sutthiruang,1,0,"",""
ball,2,8.6,Sri Lanka,MDN Hansika,PRCS Kumarihami,C Sutthiruang,0,1,"",""
ball,2,9.1,Sri Lanka,MDN Hansika,PRCS Kumarihami,S Tippoch,0,0,"",""
ball,2,9.2,Sri Lanka,MDN Hansika,PRCS Kumarihami,S Tippoch,1,0,"",""
ball,2,9.3,Sri Lanka,PRCS Kumarihami,MDN Hansika,S Tippoch,0,0,"",""
ball,2,9.4,Sri Lanka,PRCS Kumarihami,MDN Hansika,S Tippoch,0,0,"",""
ball,2,9.5,Sri Lanka,PRCS Kumarihami,MDN Hansika,S Tippoch,1,0,"",""
ball,2,9.6,Sri Lanka,MDN Hansika,PRCS Kumarihami,S Tippoch,0,0,"",""
ball,2,10.1,Sri Lanka,PRCS Kumarihami,MDN Hansika,N Boochatham,0,0,"",""
ball,2,10.2,Sri Lanka,PRCS Kumarihami,MDN Hansika,N Boochatham,1,0,"",""
ball,2,10.3,Sri Lanka,MDN Hansika,PRCS Kumarihami,N Boochatham,1,0,"",""
ball,2,10.4,Sri Lanka,PRCS Kumarihami,MDN Hansika,N Boochatham,0,0,"",""
ball,2,10.5,Sri Lanka,PRCS Kumarihami,MDN Hansika,N Boochatham,0,0,"",""
ball,2,10.6,Sri Lanka,PRCS Kumarihami,MDN Hansika,N Boochatham,0,0,"",""
ball,2,11.1,Sri Lanka,MDN Hansika,PRCS Kumarihami,S Tippoch,0,0,"",""
ball,2,11.2,Sri Lanka,MDN Hansika,PRCS Kumarihami,S Tippoch,1,0,"",""
ball,2,11.3,Sri Lanka,PRCS Kumarihami,MDN Hansika,S Tippoch,0,0,"",""
ball,2,11.4,Sri Lanka,PRCS Kumarihami,MDN Hansika,S Tippoch,0,0,"",""
ball,2,11.5,Sri Lanka,PRCS Kumarihami,MDN Hansika,S Tippoch,0,0,"",""
ball,2,11.6,Sri Lanka,PRCS Kumarihami,MDN Hansika,S Tippoch,1,0,"",""
ball,2,12.1,Sri Lanka,PRCS Kumarihami,MDN Hansika,N Boochatham,0,0,"",""
ball,2,12.2,Sri Lanka,PRCS Kumarihami,MDN Hansika,N Boochatham,1,0,"",""
ball,2,12.3,Sri Lanka,MDN Hansika,PRCS Kumarihami,N Boochatham,0,0,"",""
ball,2,12.4,Sri Lanka,MDN Hansika,PRCS Kumarihami,N Boochatham,1,0,"",""
ball,2,12.5,Sri Lanka,PRCS Kumarihami,MDN Hansika,N Boochatham,2,0,"",""
ball,2,12.6,Sri Lanka,PRCS Kumarihami,MDN Hansika,N Boochatham,0,0,"",""
ball,2,13.1,Sri Lanka,MDN Hansika,PRCS Kumarihami,S Tippoch,0,0,"",""
ball,2,13.2,Sri Lanka,MDN Hansika,PRCS Kumarihami,S Tippoch,1,0,"",""
ball,2,13.3,Sri Lanka,PRCS Kumarihami,MDN Hansika,S Tippoch,0,0,"",""
ball,2,13.4,Sri Lanka,PRCS Kumarihami,MDN Hansika,S Tippoch,0,0,"",""
ball,2,13.5,Sri Lanka,PRCS Kumarihami,MDN Hansika,S Tippoch,0,0,"",""
ball,2,13.6,Sri Lanka,PRCS Kumarihami,MDN Hansika,S Tippoch,0,0,"",""
ball,2,14.1,Sri Lanka,MDN Hansika,PRCS Kumarihami,N Boochatham,0,0,"",""
ball,2,14.2,Sri Lanka,MDN Hansika,PRCS Kumarihami,N Boochatham,0,0,"",""
ball,2,14.3,Sri Lanka,MDN Hansika,PRCS Kumarihami,N Boochatham,0,0,"",""
ball,2,14.4,Sri Lanka,MDN Hansika,PRCS Kumarihami,N Boochatham,0,1,"",""
ball,2,14.5,Sri Lanka,MDN Hansika,PRCS Kumarihami,N Boochatham,0,0,"",""
ball,2,14.6,Sri Lanka,MDN Hansika,PRCS Kumarihami,N Boochatham,0,0,"",""
ball,2,14.7,Sri Lanka,MDN Hansika,PRCS Kumarihami,N Boochatham,1,0,"",""
ball,2,15.1,Sri Lanka,MDN Hansika,PRCS Kumarihami,S Tippoch,2,0,"",""
ball,2,15.2,Sri Lanka,MDN Hansika,PRCS Kumarihami,S Tippoch,1,0,"",""
ball,2,15.3,Sri Lanka,PRCS Kumarihami,MDN Hansika,S Tippoch,1,0,"",""
ball,2,15.4,Sri Lanka,MDN Hansika,PRCS Kumarihami,S Tippoch,1,0,"",""
ball,2,15.5,Sri Lanka,PRCS Kumarihami,MDN Hansika,S Tippoch,1,0,"",""
ball,2,15.6,Sri Lanka,MDN Hansika,PRCS Kumarihami,S Tippoch,1,0,"",""
ball,2,16.1,Sri Lanka,MDN Hansika,PRCS Kumarihami,N Boochatham,0,0,"",""
ball,2,16.2,Sri Lanka,MDN Hansika,PRCS Kumarihami,N Boochatham,1,0,"",""
ball,2,16.3,Sri Lanka,PRCS Kumarihami,MDN Hansika,N Boochatham,0,0,"",""
ball,2,16.4,Sri Lanka,PRCS Kumarihami,MDN Hansika,N Boochatham,0,1,"",""
ball,2,16.5,Sri Lanka,PRCS Kumarihami,MDN Hansika,N Boochatham,1,0,"",""
ball,2,16.6,Sri Lanka,MDN Hansika,PRCS Kumarihami,N Boochatham,1,0,"",""
ball,2,16.7,Sri Lanka,PRCS Kumarihami,MDN Hansika,N Boochatham,1,0,"",""
ball,2,17.1,Sri Lanka,PRCS Kumarihami,MDN Hansika,R Sangsoma,0,0,"",""
ball,2,17.2,Sri Lanka,PRCS Kumarihami,MDN Hansika,R Sangsoma,0,0,"",""
ball,2,17.3,Sri Lanka,PRCS Kumarihami,MDN Hansika,R Sangsoma,1,0,"",""
ball,2,17.4,Sri Lanka,MDN Hansika,PRCS Kumarihami,R Sangsoma,1,0,"",""
ball,2,17.5,Sri Lanka,PRCS Kumarihami,MDN Hansika,R Sangsoma,1,0,"",""
ball,2,17.6,Sri Lanka,MDN Hansika,PRCS Kumarihami,R Sangsoma,1,0,"",""
ball,2,18.1,Sri Lanka,MDN Hansika,PRCS Kumarihami,N Boochatham,1,0,"",""
ball,2,18.2,Sri Lanka,PRCS Kumarihami,MDN Hansika,N Boochatham,1,0,"",""
ball,2,18.3,Sri Lanka,MDN Hansika,PRCS Kumarihami,N Boochatham,1,0,"",""
ball,2,18.4,Sri Lanka,PRCS Kumarihami,MDN Hansika,N Boochatham,0,0,"",""
ball,2,18.5,Sri Lanka,PRCS Kumarihami,MDN Hansika,N Boochatham,0,0,"",""
ball,2,18.6,Sri Lanka,PRCS Kumarihami,MDN Hansika,N Boochatham,1,0,"",""
ball,2,19.1,Sri Lanka,PRCS Kumarihami,MDN Hansika,R Sangsoma,4,0,"",""
ball,2,19.2,Sri Lanka,PRCS Kumarihami,MDN Hansika,R Sangsoma,0,0,"",""
ball,2,19.3,Sri Lanka,PRCS Kumarihami,MDN Hansika,R Sangsoma,0,0,"",""
ball,2,19.4,Sri Lanka,PRCS Kumarihami,MDN Hansika,R Sangsoma,0,0,"",""
ball,2,19.5,Sri Lanka,PRCS Kumarihami,MDN Hansika,R Sangsoma,1,0,"",""
ball,2,19.6,Sri Lanka,MDN Hansika,PRCS Kumarihami,R Sangsoma,1,0,"",""
ball,2,20.1,Sri Lanka,MDN Hansika,PRCS Kumarihami,N Boochatham,0,0,"",""
ball,2,20.2,Sri Lanka,MDN Hansika,PRCS Kumarihami,N Boochatham,0,0,"",""
ball,2,20.3,Sri Lanka,MDN Hansika,PRCS Kumarihami,N Boochatham,1,0,"",""
ball,2,20.4,Sri Lanka,PRCS Kumarihami,MDN Hansika,N Boochatham,0,0,"",""
ball,2,20.5,Sri Lanka,PRCS Kumarihami,MDN Hansika,N Boochatham,0,0,"",""
ball,2,20.6,Sri Lanka,PRCS Kumarihami,MDN Hansika,N Boochatham,1,0,"",""
ball,2,21.1,Sri Lanka,PRCS Kumarihami,MDN Hansika,R Sangsoma,1,0,"",""
ball,2,21.2,Sri Lanka,MDN Hansika,PRCS Kumarihami,R Sangsoma,2,0,"",""
ball,2,21.3,Sri Lanka,MDN Hansika,PRCS Kumarihami,R Sangsoma,1,0,"",""
ball,2,21.4,Sri Lanka,PRCS Kumarihami,MDN Hansika,R Sangsoma,1,0,"",""
ball,2,21.5,Sri Lanka,MDN Hansika,PRCS Kumarihami,R Sangsoma,1,0,"",""
ball,2,21.6,Sri Lanka,PRCS Kumarihami,MDN Hansika,R Sangsoma,1,0,"",""
ball,2,22.1,Sri Lanka,PRCS Kumarihami,MDN Hansika,N Boochatham,0,0,"",""
ball,2,22.2,Sri Lanka,PRCS Kumarihami,MDN Hansika,N Boochatham,0,0,"",""
ball,2,22.3,Sri Lanka,PRCS Kumarihami,MDN Hansika,N Boochatham,0,0,"",""
ball,2,22.4,Sri Lanka,PRCS Kumarihami,MDN Hansika,N Boochatham,0,0,"",""
ball,2,22.5,Sri Lanka,PRCS Kumarihami,MDN Hansika,N Boochatham,0,0,"",""
ball,2,22.6,Sri Lanka,PRCS Kumarihami,MDN Hansika,N Boochatham,0,0,"",""
ball,2,23.1,Sri Lanka,MDN Hansika,PRCS Kumarihami,S Laomi,0,0,"",""
ball,2,23.2,Sri Lanka,MDN Hansika,PRCS Kumarihami,S Laomi,1,0,"",""
ball,2,23.3,Sri Lanka,PRCS Kumarihami,MDN Hansika,S Laomi,0,0,"",""
ball,2,23.4,Sri Lanka,PRCS Kumarihami,MDN Hansika,S Laomi,1,0,"",""
ball,2,23.5,Sri Lanka,MDN Hansika,PRCS Kumarihami,S Laomi,1,0,"",""
ball,2,23.6,Sri Lanka,PRCS Kumarihami,MDN Hansika,S Laomi,1,0,"",""
ball,2,24.1,Sri Lanka,PRCS Kumarihami,MDN Hansika,N Boochatham,0,0,"",""
ball,2,24.2,Sri Lanka,PRCS Kumarihami,MDN Hansika,N Boochatham,0,0,"",""
ball,2,24.3,Sri Lanka,PRCS Kumarihami,MDN Hansika,N Boochatham,1,0,"",""
ball,2,24.4,Sri Lanka,MDN Hansika,PRCS Kumarihami,N Boochatham,0,0,"",""
ball,2,24.5,Sri Lanka,MDN Hansika,PRCS Kumarihami,N Boochatham,0,0,"",""
ball,2,24.6,Sri Lanka,MDN Hansika,PRCS Kumarihami,N Boochatham,0,0,"",""
ball,2,25.1,Sri Lanka,PRCS Kumarihami,MDN Hansika,S Laomi,2,0,"",""
ball,2,25.2,Sri Lanka,PRCS Kumarihami,MDN Hansika,S Laomi,0,0,"",""
ball,2,25.3,Sri Lanka,PRCS Kumarihami,MDN Hansika,S Laomi,2,0,"",""
ball,2,25.4,Sri Lanka,PRCS Kumarihami,MDN Hansika,S Laomi,0,0,"",""
ball,2,25.5,Sri Lanka,PRCS Kumarihami,MDN Hansika,S Laomi,1,0,"",""
ball,2,25.6,Sri Lanka,MDN Hansika,PRCS Kumarihami,S Laomi,0,0,stumped,MDN Hansika
ball,2,26.1,Sri Lanka,PRCS Kumarihami,H Madavi,N Boochatham,0,0,"",""
ball,2,26.2,Sri Lanka,PRCS Kumarihami,H Madavi,N Boochatham,0,0,"",""
ball,2,26.3,Sri Lanka,PRCS Kumarihami,H Madavi,N Boochatham,0,0,"",""
ball,2,26.4,Sri Lanka,PRCS Kumarihami,H Madavi,N Boochatham,2,0,"",""
ball,2,26.5,Sri Lanka,PRCS Kumarihami,H Madavi,N Boochatham,0,0,"",""
ball,2,26.6,Sri Lanka,PRCS Kumarihami,H Madavi,N Boochatham,0,0,"",""
ball,2,27.1,Sri Lanka,H Madavi,PRCS Kumarihami,S Laomi,0,0,"",""
ball,2,27.2,Sri Lanka,H Madavi,PRCS Kumarihami,S Laomi,0,0,"",""
ball,2,27.3,Sri Lanka,H Madavi,PRCS Kumarihami,S Laomi,0,0,"",""
ball,2,27.4,Sri Lanka,H Madavi,PRCS Kumarihami,S Laomi,0,0,"",""
ball,2,27.5,Sri Lanka,H Madavi,PRCS Kumarihami,S Laomi,0,0,"",""
ball,2,27.6,Sri Lanka,H Madavi,PRCS Kumarihami,S Laomi,0,0,"",""
ball,2,28.1,Sri Lanka,PRCS Kumarihami,H Madavi,N Boochatham,1,0,"",""
ball,2,28.2,Sri Lanka,H Madavi,PRCS Kumarihami,N Boochatham,0,0,"",""
ball,2,28.3,Sri Lanka,H Madavi,PRCS Kumarihami,N Boochatham,0,0,"",""
ball,2,28.4,Sri Lanka,H Madavi,PRCS Kumarihami,N Boochatham,1,0,"",""
ball,2,28.5,Sri Lanka,PRCS Kumarihami,H Madavi,N Boochatham,0,0,"",""
ball,2,28.6,Sri Lanka,PRCS Kumarihami,H Madavi,N Boochatham,0,0,"",""
ball,2,29.1,Sri Lanka,H Madavi,PRCS Kumarihami,S Laomi,0,0,"",""
ball,2,29.2,Sri Lanka,H Madavi,PRCS Kumarihami,S Laomi,0,0,"",""
ball,2,29.3,Sri Lanka,H Madavi,PRCS Kumarihami,S Laomi,0,0,"",""
ball,2,29.4,Sri Lanka,H Madavi,PRCS Kumarihami,S Laomi,0,0,"",""
ball,2,29.5,Sri Lanka,H Madavi,PRCS Kumarihami,S Laomi,0,0,"",""
ball,2,29.6,Sri Lanka,H Madavi,PRCS Kumarihami,S Laomi,1,0,"",""
ball,2,30.1,Sri Lanka,H Madavi,PRCS Kumarihami,S Tippoch,0,0,"",""
ball,2,30.2,Sri Lanka,H Madavi,PRCS Kumarihami,S Tippoch,1,0,"",""
ball,2,30.3,Sri Lanka,PRCS Kumarihami,H Madavi,S Tippoch,0,0,"",""
ball,2,30.4,Sri Lanka,PRCS Kumarihami,H Madavi,S Tippoch,1,0,"",""
ball,2,30.5,Sri Lanka,H Madavi,PRCS Kumarihami,S Tippoch,1,0,"",""
ball,2,30.6,Sri Lanka,PRCS Kumarihami,H Madavi,S Tippoch,1,0,"",""
ball,2,31.1,Sri Lanka,PRCS Kumarihami,H Madavi,S Laomi,0,0,"",""
ball,2,31.2,Sri Lanka,PRCS Kumarihami,H Madavi,S Laomi,1,0,"",""
ball,2,31.3,Sri Lanka,H Madavi,PRCS Kumarihami,S Laomi,0,0,"",""
ball,2,31.4,Sri Lanka,H Madavi,PRCS Kumarihami,S Laomi,1,0,"",""
ball,2,31.5,Sri Lanka,PRCS Kumarihami,H Madavi,S Laomi,0,1,"",""
ball,2,31.6,Sri Lanka,PRCS Kumarihami,H Madavi,S Laomi,1,0,"",""
ball,2,31.7,Sri Lanka,H Madavi,PRCS Kumarihami,S Laomi,4,0,"",""
ball,2,32.1,Sri Lanka,PRCS Kumarihami,H Madavi,S Tippoch,0,0,"",""
ball,2,32.2,Sri Lanka,PRCS Kumarihami,H Madavi,S Tippoch,1,0,"",""
ball,2,32.3,Sri Lanka,H Madavi,PRCS Kumarihami,S Tippoch,1,0,"",""
ball,2,32.4,Sri Lanka,PRCS Kumarihami,H Madavi,S Tippoch,0,0,"",""
ball,2,32.5,Sri Lanka,PRCS Kumarihami,H Madavi,S Tippoch,0,0,"",""
ball,2,32.6,Sri Lanka,PRCS Kumarihami,H Madavi,S Tippoch,0,0,"",""
ball,2,33.1,Sri Lanka,H Madavi,PRCS Kumarihami,S Laomi,0,0,"",""
ball,2,33.2,Sri Lanka,H Madavi,PRCS Kumarihami,S Laomi,0,0,"",""
ball,2,33.3,Sri Lanka,H Madavi,PRCS Kumarihami,S Laomi,0,0,"",""
ball,2,33.4,Sri Lanka,H Madavi,PRCS Kumarihami,S Laomi,0,1,"",""
ball,2,33.5,Sri Lanka,H Madavi,PRCS Kumarihami,S Laomi,1,0,"",""
ball,2,33.6,Sri Lanka,PRCS Kumarihami,H Madavi,S Laomi,4,0,"",""
ball,2,33.7,Sri Lanka,PRCS Kumarihami,H Madavi,S Laomi,1,0,"",""
ball,2,34.1,Sri Lanka,PRCS Kumarihami,H Madavi,S Saenya,0,0,"",""
ball,2,34.2,Sri Lanka,PRCS Kumarihami,H Madavi,S Saenya,0,0,"",""
ball,2,34.3,Sri Lanka,PRCS Kumarihami,H Madavi,S Saenya,0,0,caught,PRCS Kumarihami
ball,2,34.4,Sri Lanka,MADD Surangika,H Madavi,S Saenya,1,0,"",""
