version,1.3.0
info,team,Hong Kong
info,team,Netherlands
info,gender,male
info,season,2016/17
info,date,2017/01/18
info,series,Desert T20 Challenge
info,match_number,10
info,venue,Dubai International Cricket Stadium
info,city,
info,neutralvenue,true
info,toss_winner,Hong Kong
info,toss_decision,bat
info,player_of_match,Anshuman Rath
info,umpire,AJT Dowdalls
info,umpire,AJ Neill
info,reserve_umpire,Ahmed Shah Durrani
info,match_referee,DT Jukes
info,winner,Hong Kong
info,winner_runs,91
ball,1,0.1,Hong Kong,Nizakat Khan,Aizaz Khan,RE van der Merwe,4,0,"",""
ball,1,0.2,Hong Kong,Nizakat Khan,Aizaz Khan,RE van der Merwe,4,0,"",""
ball,1,0.3,Hong Kong,Nizakat Khan,Aizaz Khan,RE van der Merwe,4,0,"",""
ball,1,0.4,Hong Kong,Nizakat Khan,Aizaz Khan,RE van der Merwe,0,0,"",""
ball,1,0.5,Hong Kong,Nizakat Khan,Aizaz Khan,RE van der Merwe,0,0,"",""
ball,1,0.6,Hong Kong,Nizakat Khan,Aizaz Khan,RE van der Merwe,1,0,"",""
ball,1,1.1,Hong Kong,Nizakat Khan,Aizaz Khan,T van der Gugten,1,0,"",""
ball,1,1.2,Hong Kong,Aizaz Khan,Nizakat Khan,T van der Gugten,1,0,"",""
ball,1,1.3,Hong Kong,Nizakat Khan,Aizaz Khan,T van der Gugten,0,0,"",""
ball,1,1.4,Hong Kong,Nizakat Khan,Aizaz Khan,T van der Gugten,2,0,"",""
ball,1,1.5,Hong Kong,Nizakat Khan,Aizaz Khan,T van der Gugten,4,0,"",""
ball,1,1.6,Hong Kong,Nizakat Khan,Aizaz Khan,T van der Gugten,0,0,"",""
ball,1,2.1,Hong Kong,Aizaz Khan,Nizakat Khan,PA van Meekeren,2,0,"",""
ball,1,2.2,Hong Kong,Aizaz Khan,Nizakat Khan,PA van Meekeren,2,1,"",""
ball,1,2.3,Hong Kong,Aizaz Khan,Nizakat Khan,PA van Meekeren,0,0,"",""
ball,1,2.4,Hong Kong,Aizaz Khan,Nizakat Khan,PA van Meekeren,4,0,"",""
ball,1,2.5,Hong Kong,Aizaz Khan,Nizakat Khan,PA van Meekeren,0,0,"",""
ball,1,2.6,Hong Kong,Aizaz Khan,Nizakat Khan,PA van Meekeren,4,0,"",""
ball,1,2.7,Hong Kong,Aizaz Khan,Nizakat Khan,PA van Meekeren,0,0,"",""
ball,1,3.1,Hong Kong,Nizakat Khan,Aizaz Khan,T van der Gugten,2,0,"",""
ball,1,3.2,Hong Kong,Nizakat Khan,Aizaz Khan,T van der Gugten,6,0,"",""
ball,1,3.3,Hong Kong,Nizakat Khan,Aizaz Khan,T van der Gugten,2,0,"",""
ball,1,3.4,Hong Kong,Nizakat Khan,Aizaz Khan,T van der Gugten,0,0,"",""
ball,1,3.5,Hong Kong,Nizakat Khan,Aizaz Khan,T van der Gugten,4,0,"",""
ball,1,3.6,Hong Kong,Nizakat Khan,Aizaz Khan,T van der Gugten,2,0,"",""
ball,1,4.1,Hong Kong,Aizaz Khan,Nizakat Khan,Ahsan Malik,0,0,"",""
ball,1,4.2,Hong Kong,Aizaz Khan,Nizakat Khan,Ahsan Malik,1,0,"",""
ball,1,4.3,Hong Kong,Nizakat Khan,Aizaz Khan,Ahsan Malik,2,0,"",""
ball,1,4.4,Hong Kong,Nizakat Khan,Aizaz Khan,Ahsan Malik,0,0,run out,Aizaz Khan
ball,1,4.5,Hong Kong,Nizakat Khan,Babar Hayat,Ahsan Malik,6,0,"",""
ball,1,4.6,Hong Kong,Nizakat Khan,Babar Hayat,Ahsan Malik,0,0,"",""
ball,1,5.1,Hong Kong,Babar Hayat,Nizakat Khan,PA van Meekeren,0,0,"",""
ball,1,5.2,Hong Kong,Babar Hayat,Nizakat Khan,PA van Meekeren,0,0,"",""
ball,1,5.3,Hong Kong,Babar Hayat,Nizakat Khan,PA van Meekeren,0,0,"",""
ball,1,5.4,Hong Kong,Babar Hayat,Nizakat Khan,PA van Meekeren,2,0,"",""
ball,1,5.5,Hong Kong,Babar Hayat,Nizakat Khan,PA van Meekeren,1,0,"",""
ball,1,5.6,Hong Kong,Nizakat Khan,Babar Hayat,PA van Meekeren,0,4,"",""
ball,1,6.1,Hong Kong,Babar Hayat,Nizakat Khan,MJG Rippon,1,0,"",""
ball,1,6.2,Hong Kong,Nizakat Khan,Babar Hayat,MJG Rippon,1,0,"",""
ball,1,6.3,Hong Kong,Babar Hayat,Nizakat Khan,MJG Rippon,1,0,"",""
ball,1,6.4,Hong Kong,Nizakat Khan,Babar Hayat,MJG Rippon,1,0,"",""
ball,1,6.5,Hong Kong,Babar Hayat,Nizakat Khan,MJG Rippon,1,0,"",""
ball,1,6.6,Hong Kong,Nizakat Khan,Babar Hayat,MJG Rippon,1,0,"",""
ball,1,7.1,Hong Kong,Nizakat Khan,Babar Hayat,RE van der Merwe,4,0,"",""
ball,1,7.2,Hong Kong,Nizakat Khan,Babar Hayat,RE van der Merwe,1,0,"",""
ball,1,7.3,Hong Kong,Babar Hayat,Nizakat Khan,RE van der Merwe,1,0,"",""
ball,1,7.4,Hong Kong,Nizakat Khan,Babar Hayat,RE van der Merwe,4,0,"",""
ball,1,7.5,Hong Kong,Nizakat Khan,Babar Hayat,RE van der Merwe,1,0,"",""
ball,1,7.6,Hong Kong,Babar Hayat,Nizakat Khan,RE van der Merwe,0,0,"",""
ball,1,8.1,Hong Kong,Nizakat Khan,Babar Hayat,MJG Rippon,0,0,"",""
ball,1,8.2,Hong Kong,Nizakat Khan,Babar Hayat,MJG Rippon,1,0,"",""
ball,1,8.3,Hong Kong,Babar Hayat,Nizakat Khan,MJG Rippon,0,1,"",""
ball,1,8.4,Hong Kong,Nizakat Khan,Babar Hayat,MJG Rippon,0,0,"",""
ball,1,8.5,Hong Kong,Nizakat Khan,Babar Hayat,MJG Rippon,1,0,run out,Nizakat Khan
ball,1,8.6,Hong Kong,Babar Hayat,Anshuman Rath,MJG Rippon,1,0,"",""
ball,1,9.1,Hong Kong,Babar Hayat,Anshuman Rath,RE van der Merwe,0,0,"",""
ball,1,9.2,Hong Kong,Babar Hayat,Anshuman Rath,RE van der Merwe,0,0,"",""
ball,1,9.3,Hong Kong,Babar Hayat,Anshuman Rath,RE van der Merwe,0,1,"",""
ball,1,9.4,Hong Kong,Anshuman Rath,Babar Hayat,RE van der Merwe,0,0,"",""
ball,1,9.5,Hong Kong,Anshuman Rath,Babar Hayat,RE van der Merwe,1,0,"",""
ball,1,9.6,Hong Kong,Babar Hayat,Anshuman Rath,RE van der Merwe,0,0,"",""
ball,1,10.1,Hong Kong,Anshuman Rath,Babar Hayat,MJG Rippon,1,0,"",""
ball,1,10.2,Hong Kong,Babar Hayat,Anshuman Rath,MJG Rippon,0,0,"",""
ball,1,10.3,Hong Kong,Babar Hayat,Anshuman Rath,MJG Rippon,0,0,"",""
ball,1,10.4,Hong Kong,Babar Hayat,Anshuman Rath,MJG Rippon,0,0,"",""
ball,1,10.5,Hong Kong,Babar Hayat,Anshuman Rath,MJG Rippon,1,0,"",""
ball,1,10.6,Hong Kong,Anshuman Rath,Babar Hayat,MJG Rippon,1,0,"",""
ball,1,11.1,Hong Kong,Anshuman Rath,Babar Hayat,RE van der Merwe,0,0,"",""
ball,1,11.2,Hong Kong,Anshuman Rath,Babar Hayat,RE van der Merwe,1,0,"",""
ball,1,11.3,Hong Kong,Babar Hayat,Anshuman Rath,RE van der Merwe,1,0,"",""
ball,1,11.4,Hong Kong,Anshuman Rath,Babar Hayat,RE van der Merwe,1,0,"",""
ball,1,11.5,Hong Kong,Babar Hayat,Anshuman Rath,RE van der Merwe,0,0,"",""
ball,1,11.6,Hong Kong,Babar Hayat,Anshuman Rath,RE van der Merwe,1,0,"",""
ball,1,12.1,Hong Kong,Babar Hayat,Anshuman Rath,MP O'Dowd,0,2,"",""
ball,1,12.2,Hong Kong,Anshuman Rath,Babar Hayat,MP O'Dowd,0,0,"",""
ball,1,12.3,Hong Kong,Anshuman Rath,Babar Hayat,MP O'Dowd,1,0,"",""
ball,1,12.4,Hong Kong,Babar Hayat,Anshuman Rath,MP O'Dowd,0,0,"",""
ball,1,12.5,Hong Kong,Babar Hayat,Anshuman Rath,MP O'Dowd,0,0,caught,Babar Hayat
ball,1,12.6,Hong Kong,Anshuman Rath,Waqas Khan,MP O'Dowd,1,0,"",""
ball,1,12.7,Hong Kong,Waqas Khan,Anshuman Rath,MP O'Dowd,0,0,"",""
ball,1,13.1,Hong Kong,Anshuman Rath,Waqas Khan,MJG Rippon,1,0,"",""
ball,1,13.2,Hong Kong,Waqas Khan,Anshuman Rath,MJG Rippon,0,0,"",""
ball,1,13.3,Hong Kong,Waqas Khan,Anshuman Rath,MJG Rippon,0,0,"",""
ball,1,13.4,Hong Kong,Waqas Khan,Anshuman Rath,MJG Rippon,4,0,"",""
ball,1,13.5,Hong Kong,Waqas Khan,Anshuman Rath,MJG Rippon,1,0,"",""
ball,1,13.6,Hong Kong,Anshuman Rath,Waqas Khan,MJG Rippon,2,0,"",""
ball,1,14.1,Hong Kong,Waqas Khan,Anshuman Rath,MP O'Dowd,0,0,"",""
ball,1,14.2,Hong Kong,Waqas Khan,Anshuman Rath,MP O'Dowd,0,1,"",""
ball,1,14.3,Hong Kong,Waqas Khan,Anshuman Rath,MP O'Dowd,0,0,"",""
ball,1,14.4,Hong Kong,Waqas Khan,Anshuman Rath,MP O'Dowd,0,2,"",""
ball,1,14.5,Hong Kong,Waqas Khan,Anshuman Rath,MP O'Dowd,4,0,"",""
ball,1,14.6,Hong Kong,Waqas Khan,Anshuman Rath,MP O'Dowd,1,0,"",""
ball,1,14.7,Hong Kong,Anshuman Rath,Waqas Khan,MP O'Dowd,0,1,"",""
ball,1,14.8,Hong Kong,Anshuman Rath,Waqas Khan,MP O'Dowd,4,0,"",""
ball,1,15.1,Hong Kong,Waqas Khan,Anshuman Rath,Ahsan Malik,0,1,"",""
ball,1,15.2,Hong Kong,Anshuman Rath,Waqas Khan,Ahsan Malik,1,0,"",""
ball,1,15.3,Hong Kong,Waqas Khan,Anshuman Rath,Ahsan Malik,1,0,"",""
ball,1,15.4,Hong Kong,Anshuman Rath,Waqas Khan,Ahsan Malik,1,0,"",""
ball,1,15.5,Hong Kong,Waqas Khan,Anshuman Rath,Ahsan Malik,0,1,"",""
ball,1,15.6,Hong Kong,Anshuman Rath,Waqas Khan,Ahsan Malik,4,0,"",""
ball,1,16.1,Hong Kong,Waqas Khan,Anshuman Rath,PA van Meekeren,2,0,"",""
ball,1,16.2,Hong Kong,Waqas Khan,Anshuman Rath,PA van Meekeren,0,0,"",""
ball,1,16.3,Hong Kong,Waqas Khan,Anshuman Rath,PA van Meekeren,1,0,"",""
ball,1,16.4,Hong Kong,Anshuman Rath,Waqas Khan,PA van Meekeren,1,0,"",""
ball,1,16.5,Hong Kong,Waqas Khan,Anshuman Rath,PA van Meekeren,1,0,"",""
ball,1,16.6,Hong Kong,Anshuman Rath,Waqas Khan,PA van Meekeren,4,0,"",""
ball,1,17.1,Hong Kong,Waqas Khan,Anshuman Rath,Ahsan Malik,1,0,"",""
ball,1,17.2,Hong Kong,Anshuman Rath,Waqas Khan,Ahsan Malik,1,0,"",""
ball,1,17.3,Hong Kong,Waqas Khan,Anshuman Rath,Ahsan Malik,1,0,"",""
ball,1,17.4,Hong Kong,Anshuman Rath,Waqas Khan,Ahsan Malik,6,0,"",""
ball,1,17.5,Hong Kong,Anshuman Rath,Waqas Khan,Ahsan Malik,1,0,"",""
ball,1,17.6,Hong Kong,Waqas Khan,Anshuman Rath,Ahsan Malik,6,0,"",""
ball,1,18.1,Hong Kong,Anshuman Rath,Waqas Khan,T van der Gugten,4,0,"",""
ball,1,18.2,Hong Kong,Anshuman Rath,Waqas Khan,T van der Gugten,1,0,"",""
ball,1,18.3,Hong Kong,Waqas Khan,Anshuman Rath,T van der Gugten,2,0,"",""
ball,1,18.4,Hong Kong,Waqas Khan,Anshuman Rath,T van der Gugten,6,0,"",""
ball,1,18.5,Hong Kong,Waqas Khan,Anshuman Rath,T van der Gugten,0,0,"",""
ball,1,18.6,Hong Kong,Waqas Khan,Anshuman Rath,T van der Gugten,1,0,"",""
ball,1,19.1,Hong Kong,Waqas Khan,Anshuman Rath,PA van Meekeren,1,0,"",""
ball,1,19.2,Hong Kong,Anshuman Rath,Waqas Khan,PA van Meekeren,4,0,"",""
ball,1,19.3,Hong Kong,Anshuman Rath,Waqas Khan,PA van Meekeren,2,0,"",""
ball,1,19.4,Hong Kong,Anshuman Rath,Waqas Khan,PA van Meekeren,0,0,bowled,Anshuman Rath
ball,1,19.5,Hong Kong,Shahid Wasif,Waqas Khan,PA van Meekeren,3,0,"",""
ball,1,19.6,Hong Kong,Waqas Khan,Shahid Wasif,PA van Meekeren,0,1,"",""
ball,1,19.7,Hong Kong,Waqas Khan,Shahid Wasif,PA van Meekeren,0,2,"",""
ball,1,19.8,Hong Kong,Shahid Wasif,Waqas Khan,PA van Meekeren,1,0,"",""
ball,2,0.1,Netherlands,PW Borren,MJG Rippon,Nadeem Ahmed,0,0,"",""
ball,2,0.2,Netherlands,PW Borren,MJG Rippon,Nadeem Ahmed,0,1,"",""
ball,2,0.3,Netherlands,MJG Rippon,PW Borren,Nadeem Ahmed,0,0,lbw,MJG Rippon
ball,2,0.4,Netherlands,BN Cooper,PW Borren,Nadeem Ahmed,0,0,"",""
ball,2,0.5,Netherlands,BN Cooper,PW Borren,Nadeem Ahmed,4,0,"",""
ball,2,0.6,Netherlands,BN Cooper,PW Borren,Nadeem Ahmed,2,0,"",""
ball,2,1.1,Netherlands,PW Borren,BN Cooper,Ehsan Nawaz,0,1,"",""
ball,2,1.2,Netherlands,BN Cooper,PW Borren,Ehsan Nawaz,0,0,"",""
ball,2,1.3,Netherlands,BN Cooper,PW Borren,Ehsan Nawaz,4,0,"",""
ball,2,1.4,Netherlands,BN Cooper,PW Borren,Ehsan Nawaz,4,0,"",""
ball,2,1.5,Netherlands,BN Cooper,PW Borren,Ehsan Nawaz,0,0,run out,PW Borren
ball,2,1.6,Netherlands,BN Cooper,W Barresi,Ehsan Nawaz,6,0,"",""
ball,2,2.1,Netherlands,W Barresi,BN Cooper,Nadeem Ahmed,0,0,"",""
ball,2,2.2,Netherlands,W Barresi,BN Cooper,Nadeem Ahmed,0,0,"",""
ball,2,2.3,Netherlands,W Barresi,BN Cooper,Nadeem Ahmed,2,0,"",""
ball,2,2.4,Netherlands,W Barresi,BN Cooper,Nadeem Ahmed,1,0,"",""
ball,2,2.5,Netherlands,BN Cooper,W Barresi,Nadeem Ahmed,0,0,"",""
ball,2,2.6,Netherlands,BN Cooper,W Barresi,Nadeem Ahmed,0,0,"",""
ball,2,3.1,Netherlands,W Barresi,BN Cooper,Ehsan Khan,0,0,"",""
ball,2,3.2,Netherlands,W Barresi,BN Cooper,Ehsan Khan,1,0,"",""
ball,2,3.3,Netherlands,BN Cooper,W Barresi,Ehsan Khan,1,0,"",""
ball,2,3.4,Netherlands,W Barresi,BN Cooper,Ehsan Khan,0,0,"",""
ball,2,3.5,Netherlands,W Barresi,BN Cooper,Ehsan Khan,0,0,"",""
ball,2,3.6,Netherlands,W Barresi,BN Cooper,Ehsan Khan,0,0,"",""
ball,2,4.1,Netherlands,BN Cooper,W Barresi,Tanveer Ahmed,0,0,"",""
ball,2,4.2,Netherlands,BN Cooper,W Barresi,Tanveer Ahmed,0,0,"",""
ball,2,4.3,Netherlands,BN Cooper,W Barresi,Tanveer Ahmed,1,0,"",""
ball,2,4.4,Netherlands,W Barresi,BN Cooper,Tanveer Ahmed,1,0,"",""
ball,2,4.5,Netherlands,BN Cooper,W Barresi,Tanveer Ahmed,0,0,"",""
ball,2,4.6,Netherlands,BN Cooper,W Barresi,Tanveer Ahmed,0,0,"",""
ball,2,5.1,Netherlands,W Barresi,BN Cooper,Ehsan Khan,3,0,"",""
ball,2,5.2,Netherlands,BN Cooper,W Barresi,Ehsan Khan,0,0,"",""
ball,2,5.3,Netherlands,BN Cooper,W Barresi,Ehsan Khan,0,0,"",""
ball,2,5.4,Netherlands,BN Cooper,W Barresi,Ehsan Khan,0,0,bowled,BN Cooper
ball,2,5.5,Netherlands,RE van der Merwe,W Barresi,Ehsan Khan,0,0,"",""
ball,2,5.6,Netherlands,RE van der Merwe,W Barresi,Ehsan Khan,0,0,"",""
ball,2,6.1,Netherlands,W Barresi,RE van der Merwe,Aizaz Khan,1,0,"",""
ball,2,6.2,Netherlands,RE van der Merwe,W Barresi,Aizaz Khan,2,0,"",""
ball,2,6.3,Netherlands,RE van der Merwe,W Barresi,Aizaz Khan,1,0,"",""
ball,2,6.4,Netherlands,W Barresi,RE van der Merwe,Aizaz Khan,0,0,"",""
ball,2,6.5,Netherlands,W Barresi,RE van der Merwe,Aizaz Khan,1,0,"",""
ball,2,6.6,Netherlands,RE van der Merwe,W Barresi,Aizaz Khan,0,0,"",""
ball,2,7.1,Netherlands,W Barresi,RE van der Merwe,Ehsan Nawaz,0,1,"",""
ball,2,7.2,Netherlands,RE van der Merwe,W Barresi,Ehsan Nawaz,1,0,"",""
ball,2,7.3,Netherlands,W Barresi,RE van der Merwe,Ehsan Nawaz,2,0,"",""
ball,2,7.4,Netherlands,W Barresi,RE van der Merwe,Ehsan Nawaz,0,0,caught,W Barresi
ball,2,7.5,Netherlands,MP O'Dowd,RE van der Merwe,Ehsan Nawaz,1,0,"",""
ball,2,7.6,Netherlands,RE van der Merwe,MP O'Dowd,Ehsan Nawaz,4,0,"",""
ball,2,8.1,Netherlands,MP O'Dowd,RE van der Merwe,Aizaz Khan,2,0,"",""
ball,2,8.2,Netherlands,MP O'Dowd,RE van der Merwe,Aizaz Khan,0,0,"",""
ball,2,8.3,Netherlands,MP O'Dowd,RE van der Merwe,Aizaz Khan,2,0,"",""
ball,2,8.4,Netherlands,MP O'Dowd,RE van der Merwe,Aizaz Khan,1,0,"",""
ball,2,8.5,Netherlands,RE van der Merwe,MP O'Dowd,Aizaz Khan,0,0,caught,RE van der Merwe
ball,2,8.6,Netherlands,PM Seelaar,MP O'Dowd,Aizaz Khan,1,0,"",""
ball,2,9.1,Netherlands,PM Seelaar,MP O'Dowd,Anshuman Rath,0,0,bowled,PM Seelaar
ball,2,9.2,Netherlands,TP Visee,MP O'Dowd,Anshuman Rath,0,0,lbw,TP Visee
ball,2,9.3,Netherlands,T van der Gugten,MP O'Dowd,Anshuman Rath,1,0,"",""
ball,2,9.4,Netherlands,MP O'Dowd,T van der Gugten,Anshuman Rath,1,0,"",""
ball,2,9.5,Netherlands,T van der Gugten,MP O'Dowd,Anshuman Rath,0,0,"",""
ball,2,9.6,Netherlands,T van der Gugten,MP O'Dowd,Anshuman Rath,0,0,"",""
ball,2,10.1,Netherlands,MP O'Dowd,T van der Gugten,Aizaz Khan,0,0,"",""
ball,2,10.2,Netherlands,MP O'Dowd,T van der Gugten,Aizaz Khan,0,0,"",""
ball,2,10.3,Netherlands,MP O'Dowd,T van der Gugten,Aizaz Khan,2,0,"",""
ball,2,10.4,Netherlands,MP O'Dowd,T van der Gugten,Aizaz Khan,0,0,"",""
ball,2,10.5,Netherlands,MP O'Dowd,T van der Gugten,Aizaz Khan,1,0,"",""
ball,2,10.6,Netherlands,T van der Gugten,MP O'Dowd,Aizaz Khan,2,0,"",""
ball,2,11.1,Netherlands,MP O'Dowd,T van der Gugten,Anshuman Rath,1,0,"",""
ball,2,11.2,Netherlands,T van der Gugten,MP O'Dowd,Anshuman Rath,1,0,"",""
ball,2,11.3,Netherlands,MP O'Dowd,T van der Gugten,Anshuman Rath,1,0,"",""
ball,2,11.4,Netherlands,T van der Gugten,MP O'Dowd,Anshuman Rath,0,0,"",""
ball,2,11.5,Netherlands,T van der Gugten,MP O'Dowd,Anshuman Rath,0,0,caught,T van der Gugten
ball,2,11.6,Netherlands,MP O'Dowd,Ahsan Malik,Anshuman Rath,1,0,"",""
ball,2,12.1,Netherlands,MP O'Dowd,Ahsan Malik,Nadeem Ahmed,0,0,bowled,MP O'Dowd
ball,2,12.2,Netherlands,PA van Meekeren,Ahsan Malik,Nadeem Ahmed,0,0,"",""
ball,2,12.3,Netherlands,PA van Meekeren,Ahsan Malik,Nadeem Ahmed,1,0,"",""
ball,2,12.4,Netherlands,Ahsan Malik,PA van Meekeren,Nadeem Ahmed,0,0,"",""
ball,2,12.5,Netherlands,Ahsan Malik,PA van Meekeren,Nadeem Ahmed,0,0,"",""
ball,2,12.6,Netherlands,Ahsan Malik,PA van Meekeren,Nadeem Ahmed,0,0,"",""
ball,2,13.1,Netherlands,PA van Meekeren,Ahsan Malik,Ehsan Khan,0,0,"",""
ball,2,13.2,Netherlands,PA van Meekeren,Ahsan Malik,Ehsan Khan,1,0,"",""
ball,2,13.3,Netherlands,Ahsan Malik,PA van Meekeren,Ehsan Khan,0,0,"",""
ball,2,13.4,Netherlands,Ahsan Malik,PA van Meekeren,Ehsan Khan,3,0,"",""
ball,2,13.5,Netherlands,PA van Meekeren,Ahsan Malik,Ehsan Khan,0,0,"",""
ball,2,13.6,Netherlands,PA van Meekeren,Ahsan Malik,Ehsan Khan,1,0,"",""
ball,2,14.1,Netherlands,PA van Meekeren,Ahsan Malik,Nadeem Ahmed,6,0,"",""
ball,2,14.2,Netherlands,PA van Meekeren,Ahsan Malik,Nadeem Ahmed,1,0,"",""
ball,2,14.3,Netherlands,Ahsan Malik,PA van Meekeren,Nadeem Ahmed,0,0,"",""
ball,2,14.4,Netherlands,Ahsan Malik,PA van Meekeren,Nadeem Ahmed,6,0,"",""
ball,2,14.5,Netherlands,Ahsan Malik,PA van Meekeren,Nadeem Ahmed,1,0,"",""
ball,2,14.6,Netherlands,PA van Meekeren,Ahsan Malik,Nadeem Ahmed,2,0,"",""
ball,2,15.1,Netherlands,Ahsan Malik,PA van Meekeren,Ehsan Khan,1,0,"",""
ball,2,15.2,Netherlands,PA van Meekeren,Ahsan Malik,Ehsan Khan,6,0,"",""
ball,2,15.3,Netherlands,PA van Meekeren,Ahsan Malik,Ehsan Khan,0,0,caught,PA van Meekeren
