version,1.3.0
info,team,Australia
info,team,South Africa
info,gender,male
info,season,2005/06
info,date,2006/01/09
info,venue,"Brisbane Cricket Ground, Woolloongabba"
info,city,Brisbane
info,toss_winner,Australia
info,toss_decision,bat
info,player_of_match,DR Martyn
info,umpire,BNJ Oxenford
info,umpire,RL Parry
info,tv_umpire,NS McNamara
info,match_referee,RG Archer
info,winner,Australia
info,winner_runs,95
ball,1,0.1,Australia,JR Hopes,DR Martyn,SM Pollock,0,0,"",""
ball,1,0.2,Australia,JR Hopes,DR Martyn,SM Pollock,0,0,"",""
ball,1,0.3,Australia,JR Hopes,DR Martyn,SM Pollock,0,0,"",""
ball,1,0.4,Australia,JR Hopes,DR Martyn,SM Pollock,0,0,"",""
ball,1,0.5,Australia,JR Hopes,DR Martyn,SM Pollock,1,0,"",""
ball,1,0.6,Australia,DR Martyn,JR Hopes,SM Pollock,4,0,"",""
ball,1,1.1,Australia,JR Hopes,DR Martyn,GJP Kruger,0,0,"",""
ball,1,1.2,Australia,JR Hopes,DR Martyn,GJP Kruger,1,0,"",""
ball,1,1.3,Australia,DR Martyn,JR Hopes,GJP Kruger,1,0,"",""
ball,1,1.4,Australia,JR Hopes,DR Martyn,GJP Kruger,0,0,"",""
ball,1,1.5,Australia,JR Hopes,DR Martyn,GJP Kruger,4,0,"",""
ball,1,1.6,Australia,JR Hopes,DR Martyn,GJP Kruger,0,0,"",""
ball,1,2.1,Australia,DR Martyn,JR Hopes,SM Pollock,6,0,"",""
ball,1,2.2,Australia,DR Martyn,JR Hopes,SM Pollock,0,0,"",""
ball,1,2.3,Australia,DR Martyn,JR Hopes,SM Pollock,4,0,"",""
ball,1,2.4,Australia,DR Martyn,JR Hopes,SM Pollock,1,0,"",""
ball,1,2.5,Australia,JR Hopes,DR Martyn,SM Pollock,1,0,"",""
ball,1,2.6,Australia,DR Martyn,JR Hopes,SM Pollock,0,0,"",""
ball,1,3.1,Australia,JR Hopes,DR Martyn,GJP Kruger,0,0,"",""
ball,1,3.2,Australia,JR Hopes,DR Martyn,GJP Kruger,1,0,"",""
ball,1,3.3,Australia,DR Martyn,JR Hopes,GJP Kruger,1,0,"",""
ball,1,3.4,Australia,JR Hopes,DR Martyn,GJP Kruger,1,0,"",""
ball,1,3.5,Australia,DR Martyn,JR Hopes,GJP Kruger,0,4,"",""
ball,1,3.6,Australia,DR Martyn,JR Hopes,GJP Kruger,1,0,"",""
ball,1,4.1,Australia,DR Martyn,JR Hopes,SM Pollock,1,0,"",""
ball,1,4.2,Australia,JR Hopes,DR Martyn,SM Pollock,1,0,"",""
ball,1,4.3,Australia,DR Martyn,JR Hopes,SM Pollock,0,0,"",""
ball,1,4.4,Australia,DR Martyn,JR Hopes,SM Pollock,6,0,"",""
ball,1,4.5,Australia,DR Martyn,JR Hopes,SM Pollock,0,0,"",""
ball,1,4.6,Australia,DR Martyn,JR Hopes,SM Pollock,0,0,"",""
ball,1,5.1,Australia,JR Hopes,DR Martyn,GJP Kruger,1,0,"",""
ball,1,5.2,Australia,DR Martyn,JR Hopes,GJP Kruger,0,1,"",""
ball,1,5.3,Australia,DR Martyn,JR Hopes,GJP Kruger,2,0,"",""
ball,1,5.4,Australia,DR Martyn,JR Hopes,GJP Kruger,0,0,"",""
ball,1,5.5,Australia,DR Martyn,JR Hopes,GJP Kruger,4,0,"",""
ball,1,5.6,Australia,DR Martyn,JR Hopes,GJP Kruger,1,0,"",""
ball,1,5.7,Australia,JR Hopes,DR Martyn,GJP Kruger,0,1,"",""
ball,1,5.8,Australia,JR Hopes,DR Martyn,GJP Kruger,1,0,"",""
ball,1,6.1,Australia,JR Hopes,DR Martyn,SM Pollock,0,1,"",""
ball,1,6.2,Australia,JR Hopes,DR Martyn,SM Pollock,1,0,"",""
ball,1,6.3,Australia,DR Martyn,JR Hopes,SM Pollock,1,0,"",""
ball,1,6.4,Australia,JR Hopes,DR Martyn,SM Pollock,4,0,"",""
ball,1,6.5,Australia,JR Hopes,DR Martyn,SM Pollock,0,0,caught,JR Hopes
ball,1,6.6,Australia,RT Ponting,DR Martyn,SM Pollock,0,0,"",""
ball,1,6.7,Australia,RT Ponting,DR Martyn,SM Pollock,0,1,"",""
ball,1,6.8,Australia,RT Ponting,DR Martyn,SM Pollock,1,0,"",""
ball,1,7.1,Australia,RT Ponting,DR Martyn,M Zondeki,0,0,"",""
ball,1,7.2,Australia,RT Ponting,DR Martyn,M Zondeki,0,0,"",""
ball,1,7.3,Australia,RT Ponting,DR Martyn,M Zondeki,1,0,"",""
ball,1,7.4,Australia,DR Martyn,RT Ponting,M Zondeki,0,0,"",""
ball,1,7.5,Australia,DR Martyn,RT Ponting,M Zondeki,4,0,"",""
ball,1,7.6,Australia,DR Martyn,RT Ponting,M Zondeki,0,0,"",""
ball,1,8.1,Australia,RT Ponting,DR Martyn,AJ Hall,0,0,"",""
ball,1,8.2,Australia,RT Ponting,DR Martyn,AJ Hall,4,0,"",""
ball,1,8.3,Australia,RT Ponting,DR Martyn,AJ Hall,1,0,"",""
ball,1,8.4,Australia,DR Martyn,RT Ponting,AJ Hall,0,1,"",""
ball,1,8.5,Australia,RT Ponting,DR Martyn,AJ Hall,6,0,"",""
ball,1,8.6,Australia,RT Ponting,DR Martyn,AJ Hall,1,0,"",""
ball,1,9.1,Australia,RT Ponting,DR Martyn,M Zondeki,6,0,"",""
ball,1,9.2,Australia,RT Ponting,DR Martyn,M Zondeki,0,1,"",""
ball,1,9.3,Australia,DR Martyn,RT Ponting,M Zondeki,2,0,"",""
ball,1,9.4,Australia,DR Martyn,RT Ponting,M Zondeki,0,1,"",""
ball,1,9.5,Australia,DR Martyn,RT Ponting,M Zondeki,0,1,"",""
ball,1,9.6,Australia,DR Martyn,RT Ponting,M Zondeki,2,0,"",""
ball,1,9.7,Australia,DR Martyn,RT Ponting,M Zondeki,1,0,"",""
ball,1,9.8,Australia,RT Ponting,DR Martyn,M Zondeki,1,0,"",""
ball,1,10.1,Australia,RT Ponting,DR Martyn,AJ Hall,0,0,"",""
ball,1,10.2,Australia,RT Ponting,DR Martyn,AJ Hall,1,0,"",""
ball,1,10.3,Australia,DR Martyn,RT Ponting,AJ Hall,0,0,"",""
ball,1,10.4,Australia,DR Martyn,RT Ponting,AJ Hall,4,0,"",""
ball,1,10.5,Australia,DR Martyn,RT Ponting,AJ Hall,1,0,"",""
ball,1,10.6,Australia,RT Ponting,DR Martyn,AJ Hall,1,0,"",""
ball,1,11.1,Australia,RT Ponting,DR Martyn,J Botha,4,0,"",""
ball,1,11.2,Australia,RT Ponting,DR Martyn,J Botha,0,0,caught,RT Ponting
ball,1,11.3,Australia,DR Martyn,A Symonds,J Botha,1,0,"",""
ball,1,11.4,Australia,A Symonds,DR Martyn,J Botha,1,0,"",""
ball,1,11.5,Australia,DR Martyn,A Symonds,J Botha,1,0,"",""
ball,1,11.6,Australia,A Symonds,DR Martyn,J Botha,4,0,"",""
ball,1,12.1,Australia,DR Martyn,A Symonds,JH Kallis,4,0,"",""
ball,1,12.2,Australia,DR Martyn,A Symonds,JH Kallis,1,0,"",""
ball,1,12.3,Australia,A Symonds,DR Martyn,JH Kallis,4,0,"",""
ball,1,12.4,Australia,A Symonds,DR Martyn,JH Kallis,4,0,"",""
ball,1,12.5,Australia,A Symonds,DR Martyn,JH Kallis,4,0,"",""
ball,1,12.6,Australia,A Symonds,DR Martyn,JH Kallis,0,0,"",""
ball,1,13.1,Australia,DR Martyn,A Symonds,J Botha,1,0,"",""
ball,1,13.2,Australia,A Symonds,DR Martyn,J Botha,0,0,"",""
ball,1,13.3,Australia,A Symonds,DR Martyn,J Botha,2,0,"",""
ball,1,13.4,Australia,A Symonds,DR Martyn,J Botha,4,0,"",""
ball,1,13.5,Australia,A Symonds,DR Martyn,J Botha,1,0,"",""
ball,1,13.6,Australia,DR Martyn,A Symonds,J Botha,1,0,"",""
ball,1,14.1,Australia,DR Martyn,A Symonds,GJP Kruger,1,0,"",""
ball,1,14.2,Australia,A Symonds,DR Martyn,GJP Kruger,1,0,"",""
ball,1,14.3,Australia,DR Martyn,A Symonds,GJP Kruger,0,1,"",""
ball,1,14.4,Australia,A Symonds,DR Martyn,GJP Kruger,1,0,"",""
ball,1,14.5,Australia,DR Martyn,A Symonds,GJP Kruger,4,0,"",""
ball,1,14.6,Australia,DR Martyn,A Symonds,GJP Kruger,1,0,"",""
ball,1,15.1,Australia,DR Martyn,A Symonds,J Botha,3,0,"",""
ball,1,15.2,Australia,A Symonds,DR Martyn,J Botha,1,0,"",""
ball,1,15.3,Australia,DR Martyn,A Symonds,J Botha,6,0,"",""
ball,1,15.4,Australia,DR Martyn,A Symonds,J Botha,1,0,"",""
ball,1,15.5,Australia,A Symonds,DR Martyn,J Botha,1,0,"",""
ball,1,15.6,Australia,DR Martyn,A Symonds,J Botha,2,0,"",""
ball,1,16.1,Australia,A Symonds,DR Martyn,AJ Hall,1,0,"",""
ball,1,16.2,Australia,DR Martyn,A Symonds,AJ Hall,2,0,"",""
ball,1,16.3,Australia,DR Martyn,A Symonds,AJ Hall,1,0,"",""
ball,1,16.4,Australia,A Symonds,DR Martyn,AJ Hall,0,0,"",""
ball,1,16.5,Australia,A Symonds,DR Martyn,AJ Hall,1,0,"",""
ball,1,16.6,Australia,DR Martyn,A Symonds,AJ Hall,1,0,"",""
ball,1,17.1,Australia,DR Martyn,A Symonds,J Botha,1,0,"",""
ball,1,17.2,Australia,A Symonds,DR Martyn,J Botha,1,0,"",""
ball,1,17.3,Australia,DR Martyn,A Symonds,J Botha,0,0,"",""
ball,1,17.4,Australia,DR Martyn,A Symonds,J Botha,6,0,"",""
ball,1,17.5,Australia,DR Martyn,A Symonds,J Botha,1,0,"",""
ball,1,17.6,Australia,A Symonds,DR Martyn,J Botha,0,0,"",""
ball,1,18.1,Australia,DR Martyn,A Symonds,AJ Hall,1,0,"",""
ball,1,18.2,Australia,A Symonds,DR Martyn,AJ Hall,1,0,"",""
ball,1,18.3,Australia,DR Martyn,A Symonds,AJ Hall,2,0,"",""
ball,1,18.4,Australia,DR Martyn,A Symonds,AJ Hall,6,0,"",""
ball,1,18.5,Australia,DR Martyn,A Symonds,AJ Hall,1,0,"",""
ball,1,18.6,Australia,A Symonds,DR Martyn,AJ Hall,2,0,"",""
ball,1,19.1,Australia,DR Martyn,A Symonds,M Zondeki,0,0,caught,DR Martyn
ball,1,19.2,Australia,MJ Clarke,A Symonds,M Zondeki,0,2,"",""
ball,1,19.3,Australia,A Symonds,MJ Clarke,M Zondeki,2,0,"",""
ball,1,19.4,Australia,A Symonds,MJ Clarke,M Zondeki,6,0,"",""
ball,1,19.5,Australia,A Symonds,MJ Clarke,M Zondeki,4,0,"",""
ball,1,19.6,Australia,A Symonds,MJ Clarke,M Zondeki,6,0,"",""
ball,1,19.7,Australia,A Symonds,MJ Clarke,M Zondeki,2,0,"",""
ball,2,0.1,South Africa,GC Smith,HH Dippenaar,NW Bracken,0,0,"",""
ball,2,0.2,South Africa,GC Smith,HH Dippenaar,NW Bracken,4,0,"",""
ball,2,0.3,South Africa,GC Smith,HH Dippenaar,NW Bracken,0,0,"",""
ball,2,0.4,South Africa,GC Smith,HH Dippenaar,NW Bracken,0,0,"",""
ball,2,0.5,South Africa,GC Smith,HH Dippenaar,NW Bracken,0,0,"",""
ball,2,0.6,South Africa,GC Smith,HH Dippenaar,NW Bracken,0,0,"",""
ball,2,1.1,South Africa,HH Dippenaar,GC Smith,ML Lewis,0,0,"",""
ball,2,1.2,South Africa,HH Dippenaar,GC Smith,ML Lewis,0,0,"",""
ball,2,1.3,South Africa,HH Dippenaar,GC Smith,ML Lewis,1,0,"",""
ball,2,1.4,South Africa,GC Smith,HH Dippenaar,ML Lewis,2,0,"",""
ball,2,1.5,South Africa,GC Smith,HH Dippenaar,ML Lewis,0,0,"",""
ball,2,1.6,South Africa,GC Smith,HH Dippenaar,ML Lewis,0,0,"",""
ball,2,2.1,South Africa,HH Dippenaar,GC Smith,NW Bracken,0,0,"",""
ball,2,2.2,South Africa,HH Dippenaar,GC Smith,NW Bracken,0,0,caught,HH Dippenaar
ball,2,2.3,South Africa,HH Gibbs,GC Smith,NW Bracken,0,0,"",""
ball,2,2.4,South Africa,HH Gibbs,GC Smith,NW Bracken,0,0,caught,HH Gibbs
ball,2,2.5,South Africa,GC Smith,MV Boucher,NW Bracken,0,0,"",""
ball,2,2.6,South Africa,GC Smith,MV Boucher,NW Bracken,1,0,"",""
ball,2,3.1,South Africa,GC Smith,MV Boucher,ML Lewis,0,0,"",""
ball,2,3.2,South Africa,GC Smith,MV Boucher,ML Lewis,0,0,"",""
ball,2,3.3,South Africa,GC Smith,MV Boucher,ML Lewis,0,0,"",""
ball,2,3.4,South Africa,GC Smith,MV Boucher,ML Lewis,1,0,"",""
ball,2,3.5,South Africa,MV Boucher,GC Smith,ML Lewis,0,0,"",""
ball,2,3.6,South Africa,MV Boucher,GC Smith,ML Lewis,0,0,"",""
ball,2,4.1,South Africa,GC Smith,MV Boucher,NW Bracken,0,0,"",""
ball,2,4.2,South Africa,GC Smith,MV Boucher,NW Bracken,1,0,"",""
ball,2,4.3,South Africa,MV Boucher,GC Smith,NW Bracken,0,0,"",""
ball,2,4.4,South Africa,MV Boucher,GC Smith,NW Bracken,1,0,"",""
ball,2,4.5,South Africa,GC Smith,MV Boucher,NW Bracken,2,0,"",""
ball,2,4.6,South Africa,GC Smith,MV Boucher,NW Bracken,0,0,"",""
ball,2,5.1,South Africa,MV Boucher,GC Smith,ML Lewis,2,0,"",""
ball,2,5.2,South Africa,MV Boucher,GC Smith,ML Lewis,1,0,"",""
ball,2,5.3,South Africa,GC Smith,MV Boucher,ML Lewis,4,0,"",""
ball,2,5.4,South Africa,GC Smith,MV Boucher,ML Lewis,1,0,"",""
ball,2,5.5,South Africa,MV Boucher,GC Smith,ML Lewis,1,0,"",""
ball,2,5.6,South Africa,GC Smith,MV Boucher,ML Lewis,4,0,"",""
ball,2,6.1,South Africa,MV Boucher,GC Smith,SR Clark,1,0,"",""
ball,2,6.2,South Africa,GC Smith,MV Boucher,SR Clark,1,0,"",""
ball,2,6.3,South Africa,MV Boucher,GC Smith,SR Clark,4,0,"",""
ball,2,6.4,South Africa,MV Boucher,GC Smith,SR Clark,0,0,"",""
ball,2,6.5,South Africa,MV Boucher,GC Smith,SR Clark,4,0,"",""
ball,2,6.6,South Africa,MV Boucher,GC Smith,SR Clark,0,0,"",""
ball,2,7.1,South Africa,GC Smith,MV Boucher,JR Hopes,0,0,"",""
ball,2,7.2,South Africa,GC Smith,MV Boucher,JR Hopes,1,0,"",""
ball,2,7.3,South Africa,MV Boucher,GC Smith,JR Hopes,0,0,"",""
ball,2,7.4,South Africa,MV Boucher,GC Smith,JR Hopes,1,0,"",""
ball,2,7.5,South Africa,GC Smith,MV Boucher,JR Hopes,0,0,bowled,GC Smith
ball,2,7.6,South Africa,SM Pollock,MV Boucher,JR Hopes,1,0,"",""
ball,2,8.1,South Africa,SM Pollock,MV Boucher,SR Clark,0,0,"",""
ball,2,8.2,South Africa,SM Pollock,MV Boucher,SR Clark,0,0,"",""
ball,2,8.3,South Africa,SM Pollock,MV Boucher,SR Clark,2,0,"",""
ball,2,8.4,South Africa,SM Pollock,MV Boucher,SR Clark,0,0,"",""
ball,2,8.5,South Africa,SM Pollock,MV Boucher,SR Clark,0,0,"",""
ball,2,8.6,South Africa,SM Pollock,MV Boucher,SR Clark,0,0,"",""
ball,2,9.1,South Africa,MV Boucher,SM Pollock,JR Hopes,1,0,"",""
ball,2,9.2,South Africa,SM Pollock,MV Boucher,JR Hopes,1,0,"",""
ball,2,9.3,South Africa,MV Boucher,SM Pollock,JR Hopes,4,0,"",""
ball,2,9.4,South Africa,MV Boucher,SM Pollock,JR Hopes,0,0,"",""
ball,2,9.5,South Africa,MV Boucher,SM Pollock,JR Hopes,4,0,"",""
ball,2,9.6,South Africa,MV Boucher,SM Pollock,JR Hopes,1,0,"",""
ball,2,10.1,South Africa,MV Boucher,SM Pollock,SR Clark,4,0,"",""
ball,2,10.2,South Africa,MV Boucher,SM Pollock,SR Clark,0,0,caught,MV Boucher
ball,2,10.3,South Africa,SM Pollock,JH Kallis,SR Clark,1,0,"",""
ball,2,10.4,South Africa,JH Kallis,SM Pollock,SR Clark,0,0,"",""
ball,2,10.5,South Africa,JH Kallis,SM Pollock,SR Clark,0,0,"",""
ball,2,10.6,South Africa,JH Kallis,SM Pollock,SR Clark,2,0,"",""
ball,2,11.1,South Africa,SM Pollock,JH Kallis,A Symonds,4,0,"",""
ball,2,11.2,South Africa,SM Pollock,JH Kallis,A Symonds,1,0,"",""
ball,2,11.3,South Africa,JH Kallis,SM Pollock,A Symonds,6,0,"",""
ball,2,11.4,South Africa,JH Kallis,SM Pollock,A Symonds,1,0,"",""
ball,2,11.5,South Africa,SM Pollock,JH Kallis,A Symonds,1,0,"",""
ball,2,11.6,South Africa,JH Kallis,SM Pollock,A Symonds,1,0,"",""
ball,2,12.1,South Africa,JH Kallis,SM Pollock,SR Clark,0,0,"",""
ball,2,12.2,South Africa,JH Kallis,SM Pollock,SR Clark,1,0,"",""
ball,2,12.3,South Africa,SM Pollock,JH Kallis,SR Clark,4,0,"",""
ball,2,12.4,South Africa,SM Pollock,JH Kallis,SR Clark,6,0,"",""
ball,2,12.5,South Africa,SM Pollock,JH Kallis,SR Clark,1,0,"",""
ball,2,12.6,South Africa,JH Kallis,SM Pollock,SR Clark,4,0,"",""
ball,2,13.1,South Africa,SM Pollock,JH Kallis,A Symonds,0,1,"",""
ball,2,13.2,South Africa,SM Pollock,JH Kallis,A Symonds,2,0,"",""
ball,2,13.3,South Africa,SM Pollock,JH Kallis,A Symonds,0,0,caught,SM Pollock
ball,2,13.4,South Africa,JH Kallis,JA Rudolph,A Symonds,0,0,"",""
ball,2,13.5,South Africa,JH Kallis,JA Rudolph,A Symonds,0,0,"",""
ball,2,13.6,South Africa,JH Kallis,JA Rudolph,A Symonds,0,0,"",""
ball,2,13.7,South Africa,JH Kallis,JA Rudolph,A Symonds,0,0,run out,JH Kallis
ball,2,14.1,South Africa,AJ Hall,JA Rudolph,JR Hopes,1,0,"",""
ball,2,14.2,South Africa,JA Rudolph,AJ Hall,JR Hopes,1,0,"",""
ball,2,14.3,South Africa,AJ Hall,JA Rudolph,JR Hopes,1,0,"",""
ball,2,14.4,South Africa,JA Rudolph,AJ Hall,JR Hopes,0,0,"",""
ball,2,14.5,South Africa,JA Rudolph,AJ Hall,JR Hopes,1,0,"",""
ball,2,14.6,South Africa,AJ Hall,JA Rudolph,JR Hopes,1,0,"",""
ball,2,15.1,South Africa,AJ Hall,JA Rudolph,A Symonds,0,0,"",""
ball,2,15.2,South Africa,AJ Hall,JA Rudolph,A Symonds,2,0,"",""
ball,2,15.3,South Africa,AJ Hall,JA Rudolph,A Symonds,0,0,"",""
ball,2,15.4,South Africa,AJ Hall,JA Rudolph,A Symonds,1,0,"",""
ball,2,15.5,South Africa,JA Rudolph,AJ Hall,A Symonds,1,0,"",""
ball,2,15.6,South Africa,AJ Hall,JA Rudolph,A Symonds,1,0,"",""
ball,2,16.1,South Africa,AJ Hall,JA Rudolph,JR Hopes,4,0,"",""
ball,2,16.2,South Africa,AJ Hall,JA Rudolph,JR Hopes,0,0,caught,AJ Hall
ball,2,16.3,South Africa,J Botha,JA Rudolph,JR Hopes,0,0,"",""
ball,2,16.4,South Africa,J Botha,JA Rudolph,JR Hopes,1,0,"",""
ball,2,16.5,South Africa,JA Rudolph,J Botha,JR Hopes,1,0,"",""
ball,2,16.6,South Africa,J Botha,JA Rudolph,JR Hopes,1,0,"",""
ball,2,17.1,South Africa,J Botha,JA Rudolph,A Symonds,0,0,caught,J Botha
ball,2,17.2,South Africa,GJP Kruger,JA Rudolph,A Symonds,2,0,"",""
ball,2,17.3,South Africa,GJP Kruger,JA Rudolph,A Symonds,0,0,"",""
ball,2,17.4,South Africa,GJP Kruger,JA Rudolph,A Symonds,0,0,"",""
ball,2,17.5,South Africa,GJP Kruger,JA Rudolph,A Symonds,1,0,"",""
ball,2,17.6,South Africa,JA Rudolph,GJP Kruger,A Symonds,1,0,"",""
ball,2,18.1,South Africa,JA Rudolph,GJP Kruger,ML Lewis,1,0,"",""
ball,2,18.2,South Africa,GJP Kruger,JA Rudolph,ML Lewis,0,0,caught,GJP Kruger
ball,2,18.3,South Africa,M Zondeki,JA Rudolph,ML Lewis,0,0,bowled,M Zondeki
