version,1.3.0
info,team,New Zealand
info,team,South Africa
info,gender,male
info,season,2006/07
info,date,2006/10/16
info,competition,ICC Champions Trophy
info,match_number,8
info,venue,Brabourne Stadium
info,city,Mumbai
info,neutralvenue,true
info,toss_winner,South Africa
info,toss_decision,field
info,player_of_match,SP Fleming
info,umpire,Aleem Dar
info,umpire,MR Benson
info,reserve_umpire,SN Bandekar
info,tv_umpire,RE Koertzen
info,match_referee,RS Madugalle
info,winner,New Zealand
info,winner_runs,87
ball,1,0.1,New Zealand,L Vincent,SP Fleming,SM Pollock,0,0,"",""
ball,1,0.2,New Zealand,L Vincent,SP Fleming,SM Pollock,0,0,"",""
ball,1,0.3,New Zealand,L Vincent,SP Fleming,SM Pollock,0,0,"",""
ball,1,0.4,New Zealand,L Vincent,SP Fleming,SM Pollock,0,0,"",""
ball,1,0.5,New Zealand,L Vincent,SP Fleming,SM Pollock,0,0,"",""
ball,1,0.6,New Zealand,L Vincent,SP Fleming,SM Pollock,3,0,"",""
ball,1,1.1,New Zealand,L Vincent,SP Fleming,M Ntini,0,0,"",""
ball,1,1.2,New Zealand,L Vincent,SP Fleming,M Ntini,4,0,"",""
ball,1,1.3,New Zealand,L Vincent,SP Fleming,M Ntini,0,0,"",""
ball,1,1.4,New Zealand,L Vincent,SP Fleming,M Ntini,1,0,"",""
ball,1,1.5,New Zealand,SP Fleming,L Vincent,M Ntini,0,0,"",""
ball,1,1.6,New Zealand,SP Fleming,L Vincent,M Ntini,4,0,"",""
ball,1,2.1,New Zealand,L Vincent,SP Fleming,SM Pollock,0,0,"",""
ball,1,2.2,New Zealand,L Vincent,SP Fleming,SM Pollock,0,0,"",""
ball,1,2.3,New Zealand,L Vincent,SP Fleming,SM Pollock,0,0,"",""
ball,1,2.4,New Zealand,L Vincent,SP Fleming,SM Pollock,0,0,"",""
ball,1,2.5,New Zealand,L Vincent,SP Fleming,SM Pollock,0,1,"",""
ball,1,2.6,New Zealand,SP Fleming,L Vincent,SM Pollock,0,0,"",""
ball,1,3.1,New Zealand,L Vincent,SP Fleming,M Ntini,0,0,"",""
ball,1,3.2,New Zealand,L Vincent,SP Fleming,M Ntini,1,0,"",""
ball,1,3.3,New Zealand,SP Fleming,L Vincent,M Ntini,0,1,"",""
ball,1,3.4,New Zealand,L Vincent,SP Fleming,M Ntini,0,0,"",""
ball,1,3.5,New Zealand,L Vincent,SP Fleming,M Ntini,4,0,"",""
ball,1,3.6,New Zealand,L Vincent,SP Fleming,M Ntini,0,0,"",""
ball,1,4.1,New Zealand,SP Fleming,L Vincent,SM Pollock,0,0,"",""
ball,1,4.2,New Zealand,SP Fleming,L Vincent,SM Pollock,0,0,"",""
ball,1,4.3,New Zealand,SP Fleming,L Vincent,SM Pollock,0,1,"",""
ball,1,4.4,New Zealand,SP Fleming,L Vincent,SM Pollock,2,0,"",""
ball,1,4.5,New Zealand,SP Fleming,L Vincent,SM Pollock,0,0,"",""
ball,1,4.6,New Zealand,SP Fleming,L Vincent,SM Pollock,0,0,"",""
ball,1,4.7,New Zealand,SP Fleming,L Vincent,SM Pollock,0,0,"",""
ball,1,5.1,New Zealand,L Vincent,SP Fleming,M Ntini,0,0,"",""
ball,1,5.2,New Zealand,L Vincent,SP Fleming,M Ntini,0,0,"",""
ball,1,5.3,New Zealand,L Vincent,SP Fleming,M Ntini,0,0,"",""
ball,1,5.4,New Zealand,L Vincent,SP Fleming,M Ntini,0,0,"",""
ball,1,5.5,New Zealand,L Vincent,SP Fleming,M Ntini,0,0,"",""
ball,1,5.6,New Zealand,L Vincent,SP Fleming,M Ntini,4,0,"",""
ball,1,6.1,New Zealand,SP Fleming,L Vincent,SM Pollock,1,0,"",""
ball,1,6.2,New Zealand,L Vincent,SP Fleming,SM Pollock,0,0,"",""
ball,1,6.3,New Zealand,L Vincent,SP Fleming,SM Pollock,0,0,"",""
ball,1,6.4,New Zealand,L Vincent,SP Fleming,SM Pollock,0,0,bowled,L Vincent
ball,1,6.5,New Zealand,NJ Astle,SP Fleming,SM Pollock,0,0,"",""
ball,1,6.6,New Zealand,NJ Astle,SP Fleming,SM Pollock,0,0,"",""
ball,1,7.1,New Zealand,SP Fleming,NJ Astle,M Ntini,4,0,"",""
ball,1,7.2,New Zealand,SP Fleming,NJ Astle,M Ntini,0,0,"",""
ball,1,7.3,New Zealand,SP Fleming,NJ Astle,M Ntini,0,0,"",""
ball,1,7.4,New Zealand,SP Fleming,NJ Astle,M Ntini,0,0,"",""
ball,1,7.5,New Zealand,SP Fleming,NJ Astle,M Ntini,2,0,"",""
ball,1,7.6,New Zealand,SP Fleming,NJ Astle,M Ntini,0,0,"",""
ball,1,8.1,New Zealand,NJ Astle,SP Fleming,SM Pollock,0,0,"",""
ball,1,8.2,New Zealand,NJ Astle,SP Fleming,SM Pollock,1,0,"",""
ball,1,8.3,New Zealand,SP Fleming,NJ Astle,SM Pollock,4,0,"",""
ball,1,8.4,New Zealand,SP Fleming,NJ Astle,SM Pollock,1,0,"",""
ball,1,8.5,New Zealand,NJ Astle,SP Fleming,SM Pollock,0,0,"",""
ball,1,8.6,New Zealand,NJ Astle,SP Fleming,SM Pollock,0,0,"",""
ball,1,9.1,New Zealand,SP Fleming,NJ Astle,A Nel,0,0,"",""
ball,1,9.2,New Zealand,SP Fleming,NJ Astle,A Nel,0,0,"",""
ball,1,9.3,New Zealand,SP Fleming,NJ Astle,A Nel,0,0,"",""
ball,1,9.4,New Zealand,SP Fleming,NJ Astle,A Nel,0,0,"",""
ball,1,9.5,New Zealand,SP Fleming,NJ Astle,A Nel,0,0,"",""
ball,1,9.6,New Zealand,SP Fleming,NJ Astle,A Nel,0,0,"",""
ball,1,10.1,New Zealand,NJ Astle,SP Fleming,SM Pollock,0,1,"",""
ball,1,10.2,New Zealand,NJ Astle,SP Fleming,SM Pollock,1,0,"",""
ball,1,10.3,New Zealand,SP Fleming,NJ Astle,SM Pollock,1,0,"",""
ball,1,10.4,New Zealand,NJ Astle,SP Fleming,SM Pollock,0,0,"",""
ball,1,10.5,New Zealand,NJ Astle,SP Fleming,SM Pollock,0,0,"",""
ball,1,10.6,New Zealand,NJ Astle,SP Fleming,SM Pollock,2,0,"",""
ball,1,10.7,New Zealand,NJ Astle,SP Fleming,SM Pollock,0,0,"",""
ball,1,11.1,New Zealand,SP Fleming,NJ Astle,A Nel,0,0,"",""
ball,1,11.2,New Zealand,SP Fleming,NJ Astle,A Nel,0,0,"",""
ball,1,11.3,New Zealand,SP Fleming,NJ Astle,A Nel,4,0,"",""
ball,1,11.4,New Zealand,SP Fleming,NJ Astle,A Nel,4,0,"",""
ball,1,11.5,New Zealand,SP Fleming,NJ Astle,A Nel,0,0,"",""
ball,1,11.6,New Zealand,SP Fleming,NJ Astle,A Nel,0,0,"",""
ball,1,12.1,New Zealand,NJ Astle,SP Fleming,AJ Hall,0,0,"",""
ball,1,12.2,New Zealand,NJ Astle,SP Fleming,AJ Hall,4,0,"",""
ball,1,12.3,New Zealand,NJ Astle,SP Fleming,AJ Hall,4,0,"",""
ball,1,12.4,New Zealand,NJ Astle,SP Fleming,AJ Hall,0,0,"",""
ball,1,12.5,New Zealand,NJ Astle,SP Fleming,AJ Hall,1,0,"",""
ball,1,12.6,New Zealand,SP Fleming,NJ Astle,AJ Hall,0,0,"",""
ball,1,13.1,New Zealand,NJ Astle,SP Fleming,A Nel,0,0,"",""
ball,1,13.2,New Zealand,NJ Astle,SP Fleming,A Nel,0,0,"",""
ball,1,13.3,New Zealand,NJ Astle,SP Fleming,A Nel,0,0,"",""
ball,1,13.4,New Zealand,NJ Astle,SP Fleming,A Nel,0,0,"",""
ball,1,13.5,New Zealand,NJ Astle,SP Fleming,A Nel,0,0,"",""
ball,1,13.6,New Zealand,NJ Astle,SP Fleming,A Nel,0,0,"",""
ball,1,14.1,New Zealand,SP Fleming,NJ Astle,AJ Hall,0,0,"",""
ball,1,14.2,New Zealand,SP Fleming,NJ Astle,AJ Hall,0,0,"",""
ball,1,14.3,New Zealand,SP Fleming,NJ Astle,AJ Hall,4,0,"",""
ball,1,14.4,New Zealand,SP Fleming,NJ Astle,AJ Hall,4,0,"",""
ball,1,14.5,New Zealand,SP Fleming,NJ Astle,AJ Hall,0,0,"",""
ball,1,14.6,New Zealand,SP Fleming,NJ Astle,AJ Hall,0,0,"",""
ball,1,15.1,New Zealand,NJ Astle,SP Fleming,A Nel,0,0,"",""
ball,1,15.2,New Zealand,NJ Astle,SP Fleming,A Nel,1,0,"",""
ball,1,15.3,New Zealand,SP Fleming,NJ Astle,A Nel,4,0,"",""
ball,1,15.4,New Zealand,SP Fleming,NJ Astle,A Nel,0,0,"",""
ball,1,15.5,New Zealand,SP Fleming,NJ Astle,A Nel,0,0,"",""
ball,1,15.6,New Zealand,SP Fleming,NJ Astle,A Nel,0,0,"",""
ball,1,16.1,New Zealand,NJ Astle,SP Fleming,AJ Hall,0,0,"",""
ball,1,16.2,New Zealand,NJ Astle,SP Fleming,AJ Hall,0,0,bowled,NJ Astle
ball,1,16.3,New Zealand,HJH Marshall,SP Fleming,AJ Hall,0,0,"",""
ball,1,16.4,New Zealand,HJH Marshall,SP Fleming,AJ Hall,1,0,"",""
ball,1,16.5,New Zealand,SP Fleming,HJH Marshall,AJ Hall,0,1,"",""
ball,1,16.6,New Zealand,SP Fleming,HJH Marshall,AJ Hall,0,0,"",""
ball,1,16.7,New Zealand,SP Fleming,HJH Marshall,AJ Hall,0,0,"",""
ball,1,17.1,New Zealand,HJH Marshall,SP Fleming,A Nel,0,0,"",""
ball,1,17.2,New Zealand,HJH Marshall,SP Fleming,A Nel,0,0,"",""
ball,1,17.3,New Zealand,HJH Marshall,SP Fleming,A Nel,0,0,"",""
ball,1,17.4,New Zealand,HJH Marshall,SP Fleming,A Nel,0,0,bowled,HJH Marshall
ball,1,17.5,New Zealand,PG Fulton,SP Fleming,A Nel,0,0,"",""
ball,1,17.6,New Zealand,PG Fulton,SP Fleming,A Nel,0,1,"",""
ball,1,17.7,New Zealand,PG Fulton,SP Fleming,A Nel,0,0,"",""
ball,1,18.1,New Zealand,SP Fleming,PG Fulton,AJ Hall,0,0,"",""
ball,1,18.2,New Zealand,SP Fleming,PG Fulton,AJ Hall,1,0,"",""
ball,1,18.3,New Zealand,PG Fulton,SP Fleming,AJ Hall,0,0,"",""
ball,1,18.4,New Zealand,PG Fulton,SP Fleming,AJ Hall,1,0,"",""
ball,1,18.5,New Zealand,SP Fleming,PG Fulton,AJ Hall,4,0,"",""
ball,1,18.6,New Zealand,SP Fleming,PG Fulton,AJ Hall,0,0,"",""
ball,1,19.1,New Zealand,PG Fulton,SP Fleming,A Nel,0,0,"",""
ball,1,19.2,New Zealand,PG Fulton,SP Fleming,A Nel,0,0,"",""
ball,1,19.3,New Zealand,PG Fulton,SP Fleming,A Nel,1,0,"",""
ball,1,19.4,New Zealand,SP Fleming,PG Fulton,A Nel,0,1,"",""
ball,1,19.5,New Zealand,PG Fulton,SP Fleming,A Nel,0,0,"",""
ball,1,19.6,New Zealand,PG Fulton,SP Fleming,A Nel,0,0,"",""
ball,1,20.1,New Zealand,SP Fleming,PG Fulton,JH Kallis,0,0,"",""
ball,1,20.2,New Zealand,SP Fleming,PG Fulton,JH Kallis,0,0,"",""
ball,1,20.3,New Zealand,SP Fleming,PG Fulton,JH Kallis,0,0,"",""
ball,1,20.4,New Zealand,SP Fleming,PG Fulton,JH Kallis,1,0,"",""
ball,1,20.5,New Zealand,PG Fulton,SP Fleming,JH Kallis,0,0,"",""
ball,1,20.6,New Zealand,PG Fulton,SP Fleming,JH Kallis,0,0,caught,PG Fulton
ball,1,21.1,New Zealand,SP Fleming,JDP Oram,RJ Peterson,0,0,"",""
ball,1,21.2,New Zealand,SP Fleming,JDP Oram,RJ Peterson,1,0,"",""
ball,1,21.3,New Zealand,JDP Oram,SP Fleming,RJ Peterson,0,0,"",""
ball,1,21.4,New Zealand,JDP Oram,SP Fleming,RJ Peterson,1,0,"",""
ball,1,21.5,New Zealand,SP Fleming,JDP Oram,RJ Peterson,0,0,"",""
ball,1,21.6,New Zealand,SP Fleming,JDP Oram,RJ Peterson,1,0,"",""
ball,1,22.1,New Zealand,SP Fleming,JDP Oram,JH Kallis,0,0,"",""
ball,1,22.2,New Zealand,SP Fleming,JDP Oram,JH Kallis,1,0,"",""
ball,1,22.3,New Zealand,JDP Oram,SP Fleming,JH Kallis,0,0,"",""
ball,1,22.4,New Zealand,JDP Oram,SP Fleming,JH Kallis,0,0,"",""
ball,1,22.5,New Zealand,JDP Oram,SP Fleming,JH Kallis,1,0,"",""
ball,1,22.6,New Zealand,SP Fleming,JDP Oram,JH Kallis,0,0,"",""
ball,1,23.1,New Zealand,JDP Oram,SP Fleming,RJ Peterson,0,0,"",""
ball,1,23.2,New Zealand,JDP Oram,SP Fleming,RJ Peterson,0,0,"",""
ball,1,23.3,New Zealand,JDP Oram,SP Fleming,RJ Peterson,0,0,"",""
ball,1,23.4,New Zealand,JDP Oram,SP Fleming,RJ Peterson,1,0,"",""
ball,1,23.5,New Zealand,SP Fleming,JDP Oram,RJ Peterson,1,0,"",""
ball,1,23.6,New Zealand,JDP Oram,SP Fleming,RJ Peterson,0,0,"",""
ball,1,24.1,New Zealand,SP Fleming,JDP Oram,JH Kallis,1,0,"",""
ball,1,24.2,New Zealand,JDP Oram,SP Fleming,JH Kallis,0,0,"",""
ball,1,24.3,New Zealand,JDP Oram,SP Fleming,JH Kallis,0,0,"",""
ball,1,24.4,New Zealand,JDP Oram,SP Fleming,JH Kallis,0,0,"",""
ball,1,24.5,New Zealand,JDP Oram,SP Fleming,JH Kallis,0,0,"",""
ball,1,24.6,New Zealand,JDP Oram,SP Fleming,JH Kallis,4,0,"",""
ball,1,25.1,New Zealand,SP Fleming,JDP Oram,RJ Peterson,0,0,"",""
ball,1,25.2,New Zealand,SP Fleming,JDP Oram,RJ Peterson,1,0,"",""
ball,1,25.3,New Zealand,JDP Oram,SP Fleming,RJ Peterson,0,0,"",""
ball,1,25.4,New Zealand,JDP Oram,SP Fleming,RJ Peterson,0,0,"",""
ball,1,25.5,New Zealand,JDP Oram,SP Fleming,RJ Peterson,0,0,caught,JDP Oram
ball,1,25.6,New Zealand,BB McCullum,SP Fleming,RJ Peterson,0,0,"",""
ball,1,26.1,New Zealand,SP Fleming,BB McCullum,JH Kallis,1,0,"",""
ball,1,26.2,New Zealand,BB McCullum,SP Fleming,JH Kallis,0,4,"",""
ball,1,26.3,New Zealand,BB McCullum,SP Fleming,JH Kallis,1,0,"",""
ball,1,26.4,New Zealand,SP Fleming,BB McCullum,JH Kallis,0,0,"",""
ball,1,26.5,New Zealand,SP Fleming,BB McCullum,JH Kallis,1,0,"",""
ball,1,26.6,New Zealand,BB McCullum,SP Fleming,JH Kallis,0,0,"",""
ball,1,27.1,New Zealand,SP Fleming,BB McCullum,RJ Peterson,1,0,"",""
ball,1,27.2,New Zealand,BB McCullum,SP Fleming,RJ Peterson,0,0,"",""
ball,1,27.3,New Zealand,BB McCullum,SP Fleming,RJ Peterson,0,0,"",""
ball,1,27.4,New Zealand,BB McCullum,SP Fleming,RJ Peterson,0,0,"",""
ball,1,27.5,New Zealand,BB McCullum,SP Fleming,RJ Peterson,1,0,"",""
ball,1,27.6,New Zealand,SP Fleming,BB McCullum,RJ Peterson,1,0,"",""
ball,1,28.1,New Zealand,SP Fleming,BB McCullum,JH Kallis,1,0,"",""
ball,1,28.2,New Zealand,BB McCullum,SP Fleming,JH Kallis,0,0,"",""
ball,1,28.3,New Zealand,BB McCullum,SP Fleming,JH Kallis,4,0,"",""
ball,1,28.4,New Zealand,BB McCullum,SP Fleming,JH Kallis,0,0,"",""
ball,1,28.5,New Zealand,BB McCullum,SP Fleming,JH Kallis,0,0,"",""
ball,1,28.6,New Zealand,BB McCullum,SP Fleming,JH Kallis,0,0,"",""
ball,1,29.1,New Zealand,SP Fleming,BB McCullum,RJ Peterson,2,0,"",""
ball,1,29.2,New Zealand,SP Fleming,BB McCullum,RJ Peterson,0,0,"",""
ball,1,29.3,New Zealand,SP Fleming,BB McCullum,RJ Peterson,1,0,"",""
ball,1,29.4,New Zealand,BB McCullum,SP Fleming,RJ Peterson,0,0,"",""
ball,1,29.5,New Zealand,BB McCullum,SP Fleming,RJ Peterson,1,0,"",""
ball,1,29.6,New Zealand,SP Fleming,BB McCullum,RJ Peterson,0,0,"",""
ball,1,30.1,New Zealand,BB McCullum,SP Fleming,GC Smith,0,0,"",""
ball,1,30.2,New Zealand,BB McCullum,SP Fleming,GC Smith,0,0,"",""
ball,1,30.3,New Zealand,BB McCullum,SP Fleming,GC Smith,0,0,"",""
ball,1,30.4,New Zealand,BB McCullum,SP Fleming,GC Smith,2,0,"",""
ball,1,30.5,New Zealand,BB McCullum,SP Fleming,GC Smith,0,0,"",""
ball,1,30.6,New Zealand,BB McCullum,SP Fleming,GC Smith,0,0,"",""
ball,1,31.1,New Zealand,SP Fleming,BB McCullum,RJ Peterson,1,0,"",""
ball,1,31.2,New Zealand,BB McCullum,SP Fleming,RJ Peterson,0,0,"",""
ball,1,31.3,New Zealand,BB McCullum,SP Fleming,RJ Peterson,0,0,"",""
ball,1,31.4,New Zealand,BB McCullum,SP Fleming,RJ Peterson,1,0,"",""
ball,1,31.5,New Zealand,SP Fleming,BB McCullum,RJ Peterson,1,0,"",""
ball,1,31.6,New Zealand,BB McCullum,SP Fleming,RJ Peterson,1,0,"",""
ball,1,32.1,New Zealand,BB McCullum,SP Fleming,GC Smith,2,0,"",""
ball,1,32.2,New Zealand,BB McCullum,SP Fleming,GC Smith,0,0,"",""
ball,1,32.3,New Zealand,BB McCullum,SP Fleming,GC Smith,0,0,"",""
ball,1,32.4,New Zealand,BB McCullum,SP Fleming,GC Smith,1,0,"",""
ball,1,32.5,New Zealand,SP Fleming,BB McCullum,GC Smith,0,0,"",""
ball,1,32.6,New Zealand,SP Fleming,BB McCullum,GC Smith,0,0,"",""
ball,1,33.1,New Zealand,BB McCullum,SP Fleming,RJ Peterson,4,0,"",""
ball,1,33.2,New Zealand,BB McCullum,SP Fleming,RJ Peterson,1,0,"",""
ball,1,33.3,New Zealand,SP Fleming,BB McCullum,RJ Peterson,1,0,"",""
ball,1,33.4,New Zealand,BB McCullum,SP Fleming,RJ Peterson,2,0,"",""
ball,1,33.5,New Zealand,BB McCullum,SP Fleming,RJ Peterson,0,0,"",""
ball,1,33.6,New Zealand,BB McCullum,SP Fleming,RJ Peterson,0,0,caught and bowled,BB McCullum
ball,1,34.1,New Zealand,SP Fleming,DL Vettori,GC Smith,1,0,"",""
ball,1,34.2,New Zealand,DL Vettori,SP Fleming,GC Smith,0,0,"",""
ball,1,34.3,New Zealand,DL Vettori,SP Fleming,GC Smith,1,0,"",""
ball,1,34.4,New Zealand,SP Fleming,DL Vettori,GC Smith,1,0,"",""
ball,1,34.5,New Zealand,DL Vettori,SP Fleming,GC Smith,1,0,"",""
ball,1,34.6,New Zealand,SP Fleming,DL Vettori,GC Smith,1,0,"",""
ball,1,35.1,New Zealand,SP Fleming,DL Vettori,RJ Peterson,1,0,"",""
ball,1,35.2,New Zealand,DL Vettori,SP Fleming,RJ Peterson,1,0,"",""
ball,1,35.3,New Zealand,SP Fleming,DL Vettori,RJ Peterson,0,0,"",""
ball,1,35.4,New Zealand,SP Fleming,DL Vettori,RJ Peterson,4,0,"",""
ball,1,35.5,New Zealand,SP Fleming,DL Vettori,RJ Peterson,1,0,"",""
ball,1,35.6,New Zealand,DL Vettori,SP Fleming,RJ Peterson,1,0,"",""
ball,1,36.1,New Zealand,DL Vettori,SP Fleming,GC Smith,2,0,"",""
ball,1,36.2,New Zealand,DL Vettori,SP Fleming,GC Smith,0,0,"",""
ball,1,36.3,New Zealand,DL Vettori,SP Fleming,GC Smith,2,0,"",""
ball,1,36.4,New Zealand,DL Vettori,SP Fleming,GC Smith,1,0,"",""
ball,1,36.5,New Zealand,SP Fleming,DL Vettori,GC Smith,1,0,"",""
ball,1,36.6,New Zealand,DL Vettori,SP Fleming,GC Smith,0,1,"",""
ball,1,36.7,New Zealand,DL Vettori,SP Fleming,GC Smith,0,1,"",""
ball,1,36.8,New Zealand,DL Vettori,SP Fleming,GC Smith,0,0,caught,DL Vettori
ball,1,37.1,New Zealand,SP Fleming,JEC Franklin,M Ntini,1,0,"",""
ball,1,37.2,New Zealand,JEC Franklin,SP Fleming,M Ntini,1,0,"",""
ball,1,37.3,New Zealand,SP Fleming,JEC Franklin,M Ntini,1,0,"",""
ball,1,37.4,New Zealand,JEC Franklin,SP Fleming,M Ntini,0,0,"",""
ball,1,37.5,New Zealand,JEC Franklin,SP Fleming,M Ntini,1,0,"",""
ball,1,37.6,New Zealand,SP Fleming,JEC Franklin,M Ntini,0,0,"",""
ball,1,38.1,New Zealand,JEC Franklin,SP Fleming,GC Smith,0,0,"",""
ball,1,38.2,New Zealand,JEC Franklin,SP Fleming,GC Smith,1,0,"",""
ball,1,38.3,New Zealand,SP Fleming,JEC Franklin,GC Smith,0,0,"",""
ball,1,38.4,New Zealand,SP Fleming,JEC Franklin,GC Smith,0,0,"",""
ball,1,38.5,New Zealand,SP Fleming,JEC Franklin,GC Smith,0,0,"",""
ball,1,38.6,New Zealand,SP Fleming,JEC Franklin,GC Smith,1,0,"",""
ball,1,39.1,New Zealand,SP Fleming,JEC Franklin,M Ntini,2,0,"",""
ball,1,39.2,New Zealand,SP Fleming,JEC Franklin,M Ntini,0,0,"",""
ball,1,39.3,New Zealand,SP Fleming,JEC Franklin,M Ntini,4,0,"",""
ball,1,39.4,New Zealand,SP Fleming,JEC Franklin,M Ntini,1,0,"",""
ball,1,39.5,New Zealand,JEC Franklin,SP Fleming,M Ntini,0,0,"",""
ball,1,39.6,New Zealand,JEC Franklin,SP Fleming,M Ntini,0,0,"",""
ball,1,40.1,New Zealand,SP Fleming,JEC Franklin,GC Smith,0,0,"",""
ball,1,40.2,New Zealand,SP Fleming,JEC Franklin,GC Smith,1,0,"",""
ball,1,40.3,New Zealand,JEC Franklin,SP Fleming,GC Smith,0,0,"",""
ball,1,40.4,New Zealand,JEC Franklin,SP Fleming,GC Smith,1,0,"",""
ball,1,40.5,New Zealand,SP Fleming,JEC Franklin,GC Smith,0,1,"",""
ball,1,40.6,New Zealand,SP Fleming,JEC Franklin,GC Smith,1,0,"",""
ball,1,40.7,New Zealand,JEC Franklin,SP Fleming,GC Smith,4,0,"",""
ball,1,41.1,New Zealand,SP Fleming,JEC Franklin,JH Kallis,1,0,"",""
ball,1,41.2,New Zealand,JEC Franklin,SP Fleming,JH Kallis,1,0,"",""
ball,1,41.3,New Zealand,SP Fleming,JEC Franklin,JH Kallis,0,1,"",""
ball,1,41.4,New Zealand,JEC Franklin,SP Fleming,JH Kallis,0,0,bowled,JEC Franklin
ball,1,41.5,New Zealand,KD Mills,SP Fleming,JH Kallis,0,5,"",""
ball,1,41.6,New Zealand,KD Mills,SP Fleming,JH Kallis,0,0,"",""
ball,1,41.7,New Zealand,KD Mills,SP Fleming,JH Kallis,0,0,"",""
ball,1,42.1,New Zealand,SP Fleming,KD Mills,GC Smith,0,0,"",""
ball,1,42.2,New Zealand,SP Fleming,KD Mills,GC Smith,0,0,"",""
ball,1,42.3,New Zealand,SP Fleming,KD Mills,GC Smith,0,0,"",""
ball,1,42.4,New Zealand,SP Fleming,KD Mills,GC Smith,1,0,"",""
ball,1,42.5,New Zealand,KD Mills,SP Fleming,GC Smith,0,0,"",""
ball,1,42.6,New Zealand,KD Mills,SP Fleming,GC Smith,1,0,"",""
ball,1,43.1,New Zealand,KD Mills,SP Fleming,JH Kallis,1,0,"",""
ball,1,43.2,New Zealand,SP Fleming,KD Mills,JH Kallis,2,0,"",""
ball,1,43.3,New Zealand,SP Fleming,KD Mills,JH Kallis,1,0,"",""
ball,1,43.4,New Zealand,KD Mills,SP Fleming,JH Kallis,1,0,"",""
ball,1,43.5,New Zealand,SP Fleming,KD Mills,JH Kallis,0,0,caught,SP Fleming
ball,1,43.6,New Zealand,JS Patel,KD Mills,JH Kallis,0,0,"",""
ball,1,44.1,New Zealand,KD Mills,JS Patel,GC Smith,0,0,"",""
ball,1,44.2,New Zealand,KD Mills,JS Patel,GC Smith,1,0,"",""
ball,1,44.3,New Zealand,JS Patel,KD Mills,GC Smith,0,0,"",""
ball,1,44.4,New Zealand,JS Patel,KD Mills,GC Smith,0,0,"",""
ball,1,44.5,New Zealand,JS Patel,KD Mills,GC Smith,1,0,"",""
ball,1,44.6,New Zealand,KD Mills,JS Patel,GC Smith,0,0,"",""
ball,1,45.1,New Zealand,JS Patel,KD Mills,RJ Peterson,0,0,"",""
ball,1,45.2,New Zealand,JS Patel,KD Mills,RJ Peterson,0,0,"",""
ball,1,45.3,New Zealand,JS Patel,KD Mills,RJ Peterson,1,0,"",""
ball,1,45.4,New Zealand,KD Mills,JS Patel,RJ Peterson,0,0,run out,JS Patel
ball,2,0.1,South Africa,GC Smith,HH Dippenaar,KD Mills,0,0,"",""
ball,2,0.2,South Africa,GC Smith,HH Dippenaar,KD Mills,1,0,"",""
ball,2,0.3,South Africa,HH Dippenaar,GC Smith,KD Mills,0,0,"",""
ball,2,0.4,South Africa,HH Dippenaar,GC Smith,KD Mills,0,0,"",""
ball,2,0.5,South Africa,HH Dippenaar,GC Smith,KD Mills,0,0,lbw,HH Dippenaar
ball,2,0.6,South Africa,HH Gibbs,GC Smith,KD Mills,0,0,"",""
ball,2,1.1,South Africa,GC Smith,HH Gibbs,JEC Franklin,0,0,"",""
ball,2,1.2,South Africa,GC Smith,HH Gibbs,JEC Franklin,2,0,"",""
ball,2,1.3,South Africa,GC Smith,HH Gibbs,JEC Franklin,0,0,"",""
ball,2,1.4,South Africa,GC Smith,HH Gibbs,JEC Franklin,0,0,"",""
ball,2,1.5,South Africa,GC Smith,HH Gibbs,JEC Franklin,0,0,"",""
ball,2,1.6,South Africa,GC Smith,HH Gibbs,JEC Franklin,0,0,"",""
ball,2,2.1,South Africa,HH Gibbs,GC Smith,KD Mills,0,0,bowled,HH Gibbs
ball,2,2.2,South Africa,JH Kallis,GC Smith,KD Mills,0,0,"",""
ball,2,2.3,South Africa,JH Kallis,GC Smith,KD Mills,1,0,"",""
ball,2,2.4,South Africa,GC Smith,JH Kallis,KD Mills,0,0,"",""
ball,2,2.5,South Africa,GC Smith,JH Kallis,KD Mills,0,0,"",""
ball,2,2.6,South Africa,GC Smith,JH Kallis,KD Mills,0,0,"",""
ball,2,3.1,South Africa,JH Kallis,GC Smith,JEC Franklin,4,0,"",""
ball,2,3.2,South Africa,JH Kallis,GC Smith,JEC Franklin,0,0,"",""
ball,2,3.3,South Africa,JH Kallis,GC Smith,JEC Franklin,0,0,"",""
ball,2,3.4,South Africa,JH Kallis,GC Smith,JEC Franklin,0,0,"",""
ball,2,3.5,South Africa,JH Kallis,GC Smith,JEC Franklin,0,0,"",""
ball,2,3.6,South Africa,JH Kallis,GC Smith,JEC Franklin,0,1,"",""
ball,2,3.7,South Africa,JH Kallis,GC Smith,JEC Franklin,1,0,"",""
ball,2,4.1,South Africa,JH Kallis,GC Smith,KD Mills,0,0,"",""
ball,2,4.2,South Africa,JH Kallis,GC Smith,KD Mills,0,0,"",""
ball,2,4.3,South Africa,JH Kallis,GC Smith,KD Mills,1,0,"",""
ball,2,4.4,South Africa,GC Smith,JH Kallis,KD Mills,0,0,"",""
ball,2,4.5,South Africa,GC Smith,JH Kallis,KD Mills,1,0,"",""
ball,2,4.6,South Africa,JH Kallis,GC Smith,KD Mills,0,0,"",""
ball,2,5.1,South Africa,GC Smith,JH Kallis,JEC Franklin,0,0,"",""
ball,2,5.2,South Africa,GC Smith,JH Kallis,JEC Franklin,0,0,"",""
ball,2,5.3,South Africa,GC Smith,JH Kallis,JEC Franklin,0,0,"",""
ball,2,5.4,South Africa,GC Smith,JH Kallis,JEC Franklin,0,0,"",""
ball,2,5.5,South Africa,GC Smith,JH Kallis,JEC Franklin,0,1,"",""
ball,2,5.6,South Africa,GC Smith,JH Kallis,JEC Franklin,0,0,"",""
ball,2,5.7,South Africa,GC Smith,JH Kallis,JEC Franklin,1,0,"",""
ball,2,6.1,South Africa,GC Smith,JH Kallis,KD Mills,4,0,"",""
ball,2,6.2,South Africa,GC Smith,JH Kallis,KD Mills,0,0,"",""
ball,2,6.3,South Africa,GC Smith,JH Kallis,KD Mills,2,0,"",""
ball,2,6.4,South Africa,GC Smith,JH Kallis,KD Mills,4,0,"",""
ball,2,6.5,South Africa,GC Smith,JH Kallis,KD Mills,0,0,"",""
ball,2,6.6,South Africa,GC Smith,JH Kallis,KD Mills,0,0,"",""
ball,2,7.1,South Africa,JH Kallis,GC Smith,JEC Franklin,0,0,"",""
ball,2,7.2,South Africa,JH Kallis,GC Smith,JEC Franklin,0,0,"",""
ball,2,7.3,South Africa,JH Kallis,GC Smith,JEC Franklin,0,0,"",""
ball,2,7.4,South Africa,JH Kallis,GC Smith,JEC Franklin,1,0,"",""
ball,2,7.5,South Africa,GC Smith,JH Kallis,JEC Franklin,0,0,"",""
ball,2,7.6,South Africa,GC Smith,JH Kallis,JEC Franklin,0,0,"",""
ball,2,8.1,South Africa,JH Kallis,GC Smith,KD Mills,0,0,caught and bowled,JH Kallis
ball,2,8.2,South Africa,MV Boucher,GC Smith,KD Mills,0,0,"",""
ball,2,8.3,South Africa,MV Boucher,GC Smith,KD Mills,0,0,"",""
ball,2,8.4,South Africa,MV Boucher,GC Smith,KD Mills,0,0,"",""
ball,2,8.5,South Africa,MV Boucher,GC Smith,KD Mills,0,0,"",""
ball,2,8.6,South Africa,MV Boucher,GC Smith,KD Mills,1,0,"",""
ball,2,9.1,South Africa,MV Boucher,GC Smith,JEC Franklin,0,0,"",""
ball,2,9.2,South Africa,MV Boucher,GC Smith,JEC Franklin,0,0,"",""
ball,2,9.3,South Africa,MV Boucher,GC Smith,JEC Franklin,0,0,"",""
ball,2,9.4,South Africa,MV Boucher,GC Smith,JEC Franklin,0,0,"",""
ball,2,9.5,South Africa,MV Boucher,GC Smith,JEC Franklin,1,0,"",""
ball,2,9.6,South Africa,GC Smith,MV Boucher,JEC Franklin,3,0,"",""
ball,2,10.1,South Africa,GC Smith,MV Boucher,KD Mills,0,0,"",""
ball,2,10.2,South Africa,GC Smith,MV Boucher,KD Mills,0,1,"",""
ball,2,10.3,South Africa,GC Smith,MV Boucher,KD Mills,0,0,"",""
ball,2,10.4,South Africa,GC Smith,MV Boucher,KD Mills,0,0,"",""
ball,2,10.5,South Africa,GC Smith,MV Boucher,KD Mills,2,0,"",""
ball,2,10.6,South Africa,GC Smith,MV Boucher,KD Mills,0,0,"",""
ball,2,10.7,South Africa,GC Smith,MV Boucher,KD Mills,0,0,"",""
ball,2,11.1,South Africa,MV Boucher,GC Smith,JEC Franklin,0,0,"",""
ball,2,11.2,South Africa,MV Boucher,GC Smith,JEC Franklin,0,0,"",""
ball,2,11.3,South Africa,MV Boucher,GC Smith,JEC Franklin,0,0,"",""
ball,2,11.4,South Africa,MV Boucher,GC Smith,JEC Franklin,0,0,"",""
ball,2,11.5,South Africa,MV Boucher,GC Smith,JEC Franklin,1,0,"",""
ball,2,11.6,South Africa,GC Smith,MV Boucher,JEC Franklin,0,0,"",""
ball,2,12.1,South Africa,MV Boucher,GC Smith,JDP Oram,1,0,"",""
ball,2,12.2,South Africa,GC Smith,MV Boucher,JDP Oram,4,0,"",""
ball,2,12.3,South Africa,GC Smith,MV Boucher,JDP Oram,4,0,"",""
ball,2,12.4,South Africa,GC Smith,MV Boucher,JDP Oram,1,0,"",""
ball,2,12.5,South Africa,MV Boucher,GC Smith,JDP Oram,0,0,"",""
ball,2,12.6,South Africa,MV Boucher,GC Smith,JDP Oram,1,0,"",""
ball,2,13.1,South Africa,MV Boucher,GC Smith,JEC Franklin,0,0,"",""
ball,2,13.2,South Africa,MV Boucher,GC Smith,JEC Franklin,0,0,"",""
ball,2,13.3,South Africa,MV Boucher,GC Smith,JEC Franklin,0,0,"",""
ball,2,13.4,South Africa,MV Boucher,GC Smith,JEC Franklin,1,0,"",""
ball,2,13.5,South Africa,GC Smith,MV Boucher,JEC Franklin,1,0,"",""
ball,2,13.6,South Africa,MV Boucher,GC Smith,JEC Franklin,0,0,"",""
ball,2,14.1,South Africa,GC Smith,MV Boucher,JDP Oram,1,0,"",""
ball,2,14.2,South Africa,MV Boucher,GC Smith,JDP Oram,2,0,"",""
ball,2,14.3,South Africa,MV Boucher,GC Smith,JDP Oram,0,0,"",""
ball,2,14.4,South Africa,MV Boucher,GC Smith,JDP Oram,0,0,"",""
ball,2,14.5,South Africa,MV Boucher,GC Smith,JDP Oram,0,0,"",""
ball,2,14.6,South Africa,MV Boucher,GC Smith,JDP Oram,0,0,caught,MV Boucher
ball,2,15.1,South Africa,GC Smith,JM Kemp,JEC Franklin,2,0,"",""
ball,2,15.2,South Africa,GC Smith,JM Kemp,JEC Franklin,1,0,"",""
ball,2,15.3,South Africa,JM Kemp,GC Smith,JEC Franklin,0,0,"",""
ball,2,15.4,South Africa,JM Kemp,GC Smith,JEC Franklin,0,0,"",""
ball,2,15.5,South Africa,JM Kemp,GC Smith,JEC Franklin,0,0,"",""
ball,2,15.6,South Africa,JM Kemp,GC Smith,JEC Franklin,0,0,"",""
ball,2,16.1,South Africa,GC Smith,JM Kemp,JDP Oram,0,0,"",""
ball,2,16.2,South Africa,GC Smith,JM Kemp,JDP Oram,2,0,"",""
ball,2,16.3,South Africa,GC Smith,JM Kemp,JDP Oram,0,0,"",""
ball,2,16.4,South Africa,GC Smith,JM Kemp,JDP Oram,0,0,"",""
ball,2,16.5,South Africa,GC Smith,JM Kemp,JDP Oram,0,0,"",""
ball,2,16.6,South Africa,GC Smith,JM Kemp,JDP Oram,0,0,"",""
ball,2,17.1,South Africa,JM Kemp,GC Smith,JEC Franklin,0,0,"",""
ball,2,17.2,South Africa,JM Kemp,GC Smith,JEC Franklin,0,0,"",""
ball,2,17.3,South Africa,JM Kemp,GC Smith,JEC Franklin,2,0,"",""
ball,2,17.4,South Africa,JM Kemp,GC Smith,JEC Franklin,1,0,"",""
ball,2,17.5,South Africa,GC Smith,JM Kemp,JEC Franklin,4,0,"",""
ball,2,17.6,South Africa,GC Smith,JM Kemp,JEC Franklin,0,0,"",""
ball,2,18.1,South Africa,JM Kemp,GC Smith,JDP Oram,0,0,"",""
ball,2,18.2,South Africa,JM Kemp,GC Smith,JDP Oram,0,0,"",""
ball,2,18.3,South Africa,JM Kemp,GC Smith,JDP Oram,0,0,"",""
ball,2,18.4,South Africa,JM Kemp,GC Smith,JDP Oram,0,0,"",""
ball,2,18.5,South Africa,JM Kemp,GC Smith,JDP Oram,0,0,"",""
ball,2,18.6,South Africa,JM Kemp,GC Smith,JDP Oram,0,0,"",""
ball,2,19.1,South Africa,GC Smith,JM Kemp,JEC Franklin,0,0,"",""
ball,2,19.2,South Africa,GC Smith,JM Kemp,JEC Franklin,1,0,"",""
ball,2,19.3,South Africa,JM Kemp,GC Smith,JEC Franklin,0,0,"",""
ball,2,19.4,South Africa,JM Kemp,GC Smith,JEC Franklin,0,0,"",""
ball,2,19.5,South Africa,JM Kemp,GC Smith,JEC Franklin,4,0,"",""
ball,2,19.6,South Africa,JM Kemp,GC Smith,JEC Franklin,0,0,"",""
ball,2,20.1,South Africa,GC Smith,JM Kemp,JDP Oram,0,0,"",""
ball,2,20.2,South Africa,GC Smith,JM Kemp,JDP Oram,0,0,"",""
ball,2,20.3,South Africa,GC Smith,JM Kemp,JDP Oram,1,0,"",""
ball,2,20.4,South Africa,JM Kemp,GC Smith,JDP Oram,0,0,"",""
ball,2,20.5,South Africa,JM Kemp,GC Smith,JDP Oram,1,0,"",""
ball,2,20.6,South Africa,GC Smith,JM Kemp,JDP Oram,0,0,caught,GC Smith
ball,2,21.1,South Africa,JM Kemp,SM Pollock,DL Vettori,0,0,"",""
ball,2,21.2,South Africa,JM Kemp,SM Pollock,DL Vettori,0,0,"",""
ball,2,21.3,South Africa,JM Kemp,SM Pollock,DL Vettori,0,0,"",""
ball,2,21.4,South Africa,JM Kemp,SM Pollock,DL Vettori,0,0,"",""
ball,2,21.5,South Africa,JM Kemp,SM Pollock,DL Vettori,0,0,"",""
ball,2,21.6,South Africa,JM Kemp,SM Pollock,DL Vettori,0,0,"",""
ball,2,22.1,South Africa,SM Pollock,JM Kemp,JDP Oram,0,0,"",""
ball,2,22.2,South Africa,SM Pollock,JM Kemp,JDP Oram,1,0,"",""
ball,2,22.3,South Africa,JM Kemp,SM Pollock,JDP Oram,0,0,"",""
ball,2,22.4,South Africa,JM Kemp,SM Pollock,JDP Oram,1,0,"",""
ball,2,22.5,South Africa,SM Pollock,JM Kemp,JDP Oram,0,0,caught,SM Pollock
ball,2,22.6,South Africa,AJ Hall,JM Kemp,JDP Oram,0,0,"",""
ball,2,23.1,South Africa,JM Kemp,AJ Hall,DL Vettori,1,0,"",""
ball,2,23.2,South Africa,AJ Hall,JM Kemp,DL Vettori,0,0,"",""
ball,2,23.3,South Africa,AJ Hall,JM Kemp,DL Vettori,0,0,"",""
ball,2,23.4,South Africa,AJ Hall,JM Kemp,DL Vettori,0,0,"",""
ball,2,23.5,South Africa,AJ Hall,JM Kemp,DL Vettori,1,0,"",""
ball,2,23.6,South Africa,JM Kemp,AJ Hall,DL Vettori,0,0,"",""
ball,2,24.1,South Africa,AJ Hall,JM Kemp,JDP Oram,0,0,"",""
ball,2,24.2,South Africa,AJ Hall,JM Kemp,JDP Oram,0,0,"",""
ball,2,24.3,South Africa,AJ Hall,JM Kemp,JDP Oram,0,0,"",""
ball,2,24.4,South Africa,AJ Hall,JM Kemp,JDP Oram,0,0,"",""
ball,2,24.5,South Africa,AJ Hall,JM Kemp,JDP Oram,1,0,"",""
ball,2,24.6,South Africa,JM Kemp,AJ Hall,JDP Oram,0,0,"",""
ball,2,25.1,South Africa,AJ Hall,JM Kemp,DL Vettori,0,0,"",""
ball,2,25.2,South Africa,AJ Hall,JM Kemp,DL Vettori,2,0,"",""
ball,2,25.3,South Africa,AJ Hall,JM Kemp,DL Vettori,0,0,"",""
ball,2,25.4,South Africa,AJ Hall,JM Kemp,DL Vettori,0,0,"",""
ball,2,25.5,South Africa,AJ Hall,JM Kemp,DL Vettori,0,0,"",""
ball,2,25.6,South Africa,AJ Hall,JM Kemp,DL Vettori,0,0,"",""
ball,2,26.1,South Africa,JM Kemp,AJ Hall,JDP Oram,0,0,"",""
ball,2,26.2,South Africa,JM Kemp,AJ Hall,JDP Oram,0,1,"",""
ball,2,26.3,South Africa,AJ Hall,JM Kemp,JDP Oram,0,4,"",""
ball,2,26.4,South Africa,AJ Hall,JM Kemp,JDP Oram,4,0,"",""
ball,2,26.5,South Africa,AJ Hall,JM Kemp,JDP Oram,1,0,"",""
ball,2,26.6,South Africa,JM Kemp,AJ Hall,JDP Oram,0,0,"",""
ball,2,27.1,South Africa,AJ Hall,JM Kemp,DL Vettori,0,0,"",""
ball,2,27.2,South Africa,AJ Hall,JM Kemp,DL Vettori,0,0,"",""
ball,2,27.3,South Africa,AJ Hall,JM Kemp,DL Vettori,1,0,"",""
ball,2,27.4,South Africa,JM Kemp,AJ Hall,DL Vettori,0,0,"",""
ball,2,27.5,South Africa,JM Kemp,AJ Hall,DL Vettori,1,0,"",""
ball,2,27.6,South Africa,AJ Hall,JM Kemp,DL Vettori,1,0,"",""
ball,2,28.1,South Africa,AJ Hall,JM Kemp,JS Patel,0,0,"",""
ball,2,28.2,South Africa,AJ Hall,JM Kemp,JS Patel,0,0,"",""
ball,2,28.3,South Africa,AJ Hall,JM Kemp,JS Patel,1,0,"",""
ball,2,28.4,South Africa,JM Kemp,AJ Hall,JS Patel,1,0,"",""
ball,2,28.5,South Africa,AJ Hall,JM Kemp,JS Patel,0,0,"",""
ball,2,28.6,South Africa,AJ Hall,JM Kemp,JS Patel,0,0,"",""
ball,2,29.1,South Africa,JM Kemp,AJ Hall,DL Vettori,4,0,"",""
ball,2,29.2,South Africa,JM Kemp,AJ Hall,DL Vettori,0,0,"",""
ball,2,29.3,South Africa,JM Kemp,AJ Hall,DL Vettori,0,0,"",""
ball,2,29.4,South Africa,JM Kemp,AJ Hall,DL Vettori,0,0,"",""
ball,2,29.5,South Africa,JM Kemp,AJ Hall,DL Vettori,0,0,"",""
ball,2,29.6,South Africa,JM Kemp,AJ Hall,DL Vettori,0,0,"",""
ball,2,30.1,South Africa,AJ Hall,JM Kemp,JS Patel,1,0,"",""
ball,2,30.2,South Africa,JM Kemp,AJ Hall,JS Patel,0,0,"",""
ball,2,30.3,South Africa,JM Kemp,AJ Hall,JS Patel,2,0,"",""
ball,2,30.4,South Africa,JM Kemp,AJ Hall,JS Patel,1,0,"",""
ball,2,30.5,South Africa,AJ Hall,JM Kemp,JS Patel,0,0,"",""
ball,2,30.6,South Africa,AJ Hall,JM Kemp,JS Patel,0,0,caught,AJ Hall
ball,2,31.1,South Africa,JM Kemp,RJ Peterson,DL Vettori,1,0,"",""
ball,2,31.2,South Africa,RJ Peterson,JM Kemp,DL Vettori,0,0,"",""
ball,2,31.3,South Africa,RJ Peterson,JM Kemp,DL Vettori,0,0,caught,RJ Peterson
ball,2,31.4,South Africa,A Nel,JM Kemp,DL Vettori,0,0,"",""
ball,2,31.5,South Africa,A Nel,JM Kemp,DL Vettori,0,0,"",""
ball,2,31.6,South Africa,A Nel,JM Kemp,DL Vettori,0,0,"",""
ball,2,32.1,South Africa,JM Kemp,A Nel,JS Patel,0,0,"",""
ball,2,32.2,South Africa,JM Kemp,A Nel,JS Patel,4,0,"",""
ball,2,32.3,South Africa,JM Kemp,A Nel,JS Patel,0,0,"",""
ball,2,32.4,South Africa,JM Kemp,A Nel,JS Patel,0,0,"",""
ball,2,32.5,South Africa,JM Kemp,A Nel,JS Patel,1,0,"",""
ball,2,32.6,South Africa,A Nel,JM Kemp,JS Patel,0,0,bowled,A Nel
ball,2,33.1,South Africa,JM Kemp,M Ntini,DL Vettori,0,0,"",""
ball,2,33.2,South Africa,JM Kemp,M Ntini,DL Vettori,0,0,"",""
ball,2,33.3,South Africa,JM Kemp,M Ntini,DL Vettori,1,1,"",""
ball,2,33.4,South Africa,M Ntini,JM Kemp,DL Vettori,0,0,"",""
ball,2,33.5,South Africa,M Ntini,JM Kemp,DL Vettori,0,0,"",""
ball,2,33.6,South Africa,M Ntini,JM Kemp,DL Vettori,0,0,"",""
ball,2,33.7,South Africa,M Ntini,JM Kemp,DL Vettori,1,0,"",""
ball,2,34.1,South Africa,M Ntini,JM Kemp,JS Patel,0,0,bowled,M Ntini
